question_id,distractor_index,shuffled_source_question_id,condition,query_tokens,rr,recall_1,recall_3,recall_5,ndcg_5
0,1,,question_only,16,1.0,1.0,1.0,1.0,1.0
0,1,,wrong_answer_conditioned,17,1.0,1.0,1.0,1.0,1.0
0,1,21,shuffled_wrong_answer_control,17,1.0,1.0,1.0,1.0,1.0
0,1,,oracle_corrective,18,1.0,1.0,1.0,1.0,1.0
0,2,,question_only,16,1.0,1.0,1.0,1.0,1.0
0,2,,wrong_answer_conditioned,17,1.0,1.0,1.0,1.0,1.0
0,2,783,shuffled_wrong_answer_control,19,1.0,1.0,1.0,1.0,1.0
0,2,,oracle_corrective,18,1.0,1.0,1.0,1.0,1.0
0,3,,question_only,16,1.0,1.0,1.0,1.0,1.0
0,3,,wrong_answer_conditioned,17,1.0,1.0,1.0,1.0,1.0
0,3,865,shuffled_wrong_answer_control,17,1.0,1.0,1.0,1.0,1.0
0,3,,oracle_corrective,18,1.0,1.0,1.0,1.0,1.0
1,1,,question_only,12,1.0,1.0,1.0,1.0,1.0
1,1,,wrong_answer_conditioned,13,1.0,1.0,1.0,1.0,1.0
1,1,82,shuffled_wrong_answer_control,15,1.0,1.0,1.0,1.0,1.0
1,1,,oracle_corrective,14,1.0,1.0,1.0,1.0,1.0
1,2,,question_only,12,1.0,1.0,1.0,1.0,1.0
1,2,,wrong_answer_conditioned,13,1.0,1.0,1.0,1.0,1.0
1,2,160,shuffled_wrong_answer_control,13,1.0,1.0,1.0,1.0,1.0
1,2,,oracle_corrective,14,1.0,1.0,1.0,1.0,1.0
1,3,,question_only,12,1.0,1.0,1.0,1.0,1.0
1,3,,wrong_answer_conditioned,13,1.0,1.0,1.0,1.0,1.0
1,3,295,shuffled_wrong_answer_control,13,1.0,1.0,1.0,1.0,1.0
1,3,,oracle_corrective,14,1.0,1.0,1.0,1.0,1.0
2,1,,question_only,8,1.0,1.0,1.0,1.0,1.0
2,1,,wrong_answer_conditioned,9,1.0,1.0,1.0,1.0,1.0
2,1,617,shuffled_wrong_answer_control,9,1.0,1.0,1.0,1.0,1.0
2,1,,oracle_corrective,10,1.0,1.0,1.0,1.0,1.0
2,2,,question_only,8,1.0,1.0,1.0,1.0,1.0
2,2,,wrong_answer_conditioned,9,1.0,1.0,1.0,1.0,1.0
2,2,170,shuffled_wrong_answer_control,10,1.0,1.0,1.0,1.0,1.0
2,2,,oracle_corrective,10,1.0,1.0,1.0,1.0,1.0
2,3,,question_only,8,1.0,1.0,1.0,1.0,1.0
2,3,,wrong_answer_conditioned,9,1.0,1.0,1.0,1.0,1.0
2,3,375,shuffled_wrong_answer_control,9,1.0,1.0,1.0,1.0,1.0
2,3,,oracle_corrective,10,1.0,1.0,1.0,1.0,1.0
3,1,,question_only,10,1.0,1.0,1.0,1.0,1.0
3,1,,wrong_answer_conditioned,11,1.0,1.0,1.0,1.0,1.0
3,1,35,shuffled_wrong_answer_control,11,1.0,1.0,1.0,1.0,1.0
3,1,,oracle_corrective,12,1.0,1.0,1.0,1.0,1.0
3,2,,question_only,10,1.0,1.0,1.0,1.0,1.0
3,2,,wrong_answer_conditioned,11,1.0,1.0,1.0,1.0,1.0
3,2,405,shuffled_wrong_answer_control,11,1.0,1.0,1.0,1.0,1.0
3,2,,oracle_corrective,12,1.0,1.0,1.0,1.0,1.0
3,3,,question_only,10,1.0,1.0,1.0,1.0,1.0
3,3,,wrong_answer_conditioned,11,1.0,1.0,1.0,1.0,1.0
3,3,491,shuffled_wrong_answer_control,11,1.0,1.0,1.0,1.0,1.0
3,3,,oracle_corrective,12,1.0,1.0,1.0,1.0,1.0
4,1,,question_only,16,1.0,1.0,1.0,1.0,1.0
4,1,,wrong_answer_conditioned,18,1.0,1.0,1.0,1.0,1.0
4,1,732,shuffled_wrong_answer_control,17,1.0,1.0,1.0,1.0,1.0
4,1,,oracle_corrective,20,1.0,1.0,1.0,1.0,1.0
4,2,,question_only,16,1.0,1.0,1.0,1.0,1.0
4,2,,wrong_answer_conditioned,17,1.0,1.0,1.0,1.0,1.0
4,2,606,shuffled_wrong_answer_control,17,1.0,1.0,1.0,1.0,1.0
4,2,,oracle_corrective,19,1.0,1.0,1.0,1.0,1.0
4,3,,question_only,16,1.0,1.0,1.0,1.0,1.0
4,3,,wrong_answer_conditioned,17,1.0,1.0,1.0,1.0,1.0
4,3,292,shuffled_wrong_answer_control,17,1.0,1.0,1.0,1.0,1.0
4,3,,oracle_corrective,19,1.0,1.0,1.0,1.0,1.0
5,1,,question_only,8,1.0,1.0,1.0,1.0,1.0
5,1,,wrong_answer_conditioned,10,1.0,1.0,1.0,1.0,1.0
5,1,309,shuffled_wrong_answer_control,9,1.0,1.0,1.0,1.0,1.0
5,1,,oracle_corrective,12,1.0,1.0,1.0,1.0,1.0
5,2,,question_only,8,1.0,1.0,1.0,1.0,1.0
5,2,,wrong_answer_conditioned,10,1.0,1.0,1.0,1.0,1.0
5,2,720,shuffled_wrong_answer_control,10,1.0,1.0,1.0,1.0,1.0
5,2,,oracle_corrective,12,1.0,1.0,1.0,1.0,1.0
5,3,,question_only,8,1.0,1.0,1.0,1.0,1.0
5,3,,wrong_answer_conditioned,10,1.0,1.0,1.0,1.0,1.0
5,3,855,shuffled_wrong_answer_control,9,1.0,1.0,1.0,1.0,1.0
5,3,,oracle_corrective,12,1.0,1.0,1.0,1.0,1.0
6,1,,question_only,14,1.0,1.0,1.0,1.0,1.0
6,1,,wrong_answer_conditioned,15,1.0,1.0,1.0,1.0,1.0
6,1,590,shuffled_wrong_answer_control,16,1.0,1.0,1.0,1.0,1.0
6,1,,oracle_corrective,18,1.0,1.0,1.0,1.0,1.0
6,2,,question_only,14,1.0,1.0,1.0,1.0,1.0
6,2,,wrong_answer_conditioned,16,1.0,1.0,1.0,1.0,1.0
6,2,357,shuffled_wrong_answer_control,16,1.0,1.0,1.0,1.0,1.0
6,2,,oracle_corrective,19,1.0,1.0,1.0,1.0,1.0
6,3,,question_only,14,1.0,1.0,1.0,1.0,1.0
6,3,,wrong_answer_conditioned,16,1.0,1.0,1.0,1.0,1.0
6,3,219,shuffled_wrong_answer_control,16,1.0,1.0,1.0,1.0,1.0
6,3,,oracle_corrective,19,1.0,1.0,1.0,1.0,1.0
7,1,,question_only,9,1.0,1.0,1.0,1.0,1.0
7,1,,wrong_answer_conditioned,10,1.0,1.0,1.0,1.0,1.0
7,1,293,shuffled_wrong_answer_control,10,1.0,1.0,1.0,1.0,1.0
7,1,,oracle_corrective,11,1.0,1.0,1.0,1.0,1.0
7,2,,question_only,9,1.0,1.0,1.0,1.0,1.0
7,2,,wrong_answer_conditioned,10,1.0,1.0,1.0,1.0,1.0
7,2,42,shuffled_wrong_answer_control,11,1.0,1.0,1.0,1.0,1.0
7,2,,oracle_corrective,11,1.0,1.0,1.0,1.0,1.0
7,3,,question_only,9,1.0,1.0,1.0,1.0,1.0
7,3,,wrong_answer_conditioned,10,1.0,1.0,1.0,1.0,1.0
7,3,138,shuffled_wrong_answer_control,11,1.0,1.0,1.0,1.0,1.0
7,3,,oracle_corrective,11,1.0,1.0,1.0,1.0,1.0
8,1,,question_only,10,1.0,1.0,1.0,1.0,1.0
8,1,,wrong_answer_conditioned,12,1.0,1.0,1.0,1.0,1.0
8,1,540,shuffled_wrong_answer_control,11,1.0,1.0,1.0,1.0,1.0
8,1,,oracle_corrective,14,1.0,1.0,1.0,1.0,1.0
8,2,,question_only,10,1.0,1.0,1.0,1.0,1.0
8,2,,wrong_answer_conditioned,12,1.0,1.0,1.0,1.0,1.0
8,2,157,shuffled_wrong_answer_control,11,1.0,1.0,1.0,1.0,1.0
8,2,,oracle_corrective,14,1.0,1.0,1.0,1.0,1.0
8,3,,question_only,10,1.0,1.0,1.0,1.0,1.0
8,3,,wrong_answer_conditioned,12,1.0,1.0,1.0,1.0,1.0
8,3,579,shuffled_wrong_answer_control,11,1.0,1.0,1.0,1.0,1.0
8,3,,oracle_corrective,14,1.0,1.0,1.0,1.0,1.0
9,1,,question_only,12,1.0,1.0,1.0,1.0,1.0
9,1,,wrong_answer_conditioned,14,1.0,1.0,1.0,1.0,1.0
9,1,332,shuffled_wrong_answer_control,13,1.0,1.0,1.0,1.0,1.0
9,1,,oracle_corrective,16,1.0,1.0,1.0,1.0,1.0
9,2,,question_only,12,1.0,1.0,1.0,1.0,1.0
9,2,,wrong_answer_conditioned,14,1.0,1.0,1.0,1.0,1.0
9,2,415,shuffled_wrong_answer_control,14,1.0,1.0,1.0,1.0,1.0
9,2,,oracle_corrective,16,1.0,1.0,1.0,1.0,1.0
9,3,,question_only,12,1.0,1.0,1.0,1.0,1.0
9,3,,wrong_answer_conditioned,14,1.0,1.0,1.0,1.0,1.0
9,3,517,shuffled_wrong_answer_control,13,1.0,1.0,1.0,1.0,1.0
9,3,,oracle_corrective,16,1.0,1.0,1.0,1.0,1.0
10,1,,question_only,8,1.0,1.0,1.0,1.0,1.0
10,1,,wrong_answer_conditioned,11,1.0,1.0,1.0,1.0,1.0
10,1,180,shuffled_wrong_answer_control,9,1.0,1.0,1.0,1.0,1.0
10,1,,oracle_corrective,14,1.0,1.0,1.0,1.0,1.0
10,2,,question_only,8,1.0,1.0,1.0,1.0,1.0
10,2,,wrong_answer_conditioned,11,1.0,1.0,1.0,1.0,1.0
10,2,168,shuffled_wrong_answer_control,9,1.0,1.0,1.0,1.0,1.0
10,2,,oracle_corrective,14,1.0,1.0,1.0,1.0,1.0
10,3,,question_only,8,1.0,1.0,1.0,1.0,1.0
10,3,,wrong_answer_conditioned,10,1.0,1.0,1.0,1.0,1.0
10,3,870,shuffled_wrong_answer_control,9,1.0,1.0,1.0,1.0,1.0
10,3,,oracle_corrective,13,1.0,1.0,1.0,1.0,1.0
11,1,,question_only,10,1.0,1.0,1.0,1.0,1.0
11,1,,wrong_answer_conditioned,11,1.0,1.0,1.0,1.0,1.0
11,1,253,shuffled_wrong_answer_control,12,0.5,0.0,1.0,1.0,0.6309297535714575
11,1,,oracle_corrective,12,1.0,1.0,1.0,1.0,1.0
11,2,,question_only,10,1.0,1.0,1.0,1.0,1.0
11,2,,wrong_answer_conditioned,11,1.0,1.0,1.0,1.0,1.0
11,2,684,shuffled_wrong_answer_control,11,1.0,1.0,1.0,1.0,1.0
11,2,,oracle_corrective,12,1.0,1.0,1.0,1.0,1.0
11,3,,question_only,10,1.0,1.0,1.0,1.0,1.0
11,3,,wrong_answer_conditioned,11,1.0,1.0,1.0,1.0,1.0
11,3,180,shuffled_wrong_answer_control,11,0.5,0.0,1.0,1.0,0.6309297535714575
11,3,,oracle_corrective,12,1.0,1.0,1.0,1.0,1.0
12,1,,question_only,10,1.0,1.0,1.0,1.0,1.0
12,1,,wrong_answer_conditioned,11,1.0,1.0,1.0,1.0,1.0
12,1,291,shuffled_wrong_answer_control,12,1.0,1.0,1.0,1.0,1.0
12,1,,oracle_corrective,12,1.0,1.0,1.0,1.0,1.0
12,2,,question_only,10,1.0,1.0,1.0,1.0,1.0
12,2,,wrong_answer_conditioned,11,1.0,1.0,1.0,1.0,1.0
12,2,849,shuffled_wrong_answer_control,14,1.0,1.0,1.0,1.0,1.0
12,2,,oracle_corrective,12,1.0,1.0,1.0,1.0,1.0
12,3,,question_only,10,1.0,1.0,1.0,1.0,1.0
12,3,,wrong_answer_conditioned,11,1.0,1.0,1.0,1.0,1.0
12,3,188,shuffled_wrong_answer_control,12,1.0,1.0,1.0,1.0,1.0
12,3,,oracle_corrective,12,1.0,1.0,1.0,1.0,1.0
13,1,,question_only,9,1.0,1.0,1.0,1.0,1.0
13,1,,wrong_answer_conditioned,12,1.0,1.0,1.0,1.0,1.0
13,1,773,shuffled_wrong_answer_control,10,1.0,1.0,1.0,1.0,1.0
13,1,,oracle_corrective,15,1.0,1.0,1.0,1.0,1.0
13,2,,question_only,9,1.0,1.0,1.0,1.0,1.0
13,2,,wrong_answer_conditioned,12,1.0,1.0,1.0,1.0,1.0
13,2,573,shuffled_wrong_answer_control,11,1.0,1.0,1.0,1.0,1.0
13,2,,oracle_corrective,15,1.0,1.0,1.0,1.0,1.0
13,3,,question_only,9,1.0,1.0,1.0,1.0,1.0
13,3,,wrong_answer_conditioned,12,1.0,1.0,1.0,1.0,1.0
13,3,519,shuffled_wrong_answer_control,11,1.0,1.0,1.0,1.0,1.0
13,3,,oracle_corrective,15,1.0,1.0,1.0,1.0,1.0
14,1,,question_only,20,1.0,1.0,1.0,1.0,1.0
14,1,,wrong_answer_conditioned,21,1.0,1.0,1.0,1.0,1.0
14,1,641,shuffled_wrong_answer_control,22,1.0,1.0,1.0,1.0,1.0
14,1,,oracle_corrective,22,1.0,1.0,1.0,1.0,1.0
14,2,,question_only,20,1.0,1.0,1.0,1.0,1.0
14,2,,wrong_answer_conditioned,21,1.0,1.0,1.0,1.0,1.0
14,2,812,shuffled_wrong_answer_control,21,1.0,1.0,1.0,1.0,1.0
14,2,,oracle_corrective,22,1.0,1.0,1.0,1.0,1.0
14,3,,question_only,20,1.0,1.0,1.0,1.0,1.0
14,3,,wrong_answer_conditioned,21,1.0,1.0,1.0,1.0,1.0
14,3,556,shuffled_wrong_answer_control,21,1.0,1.0,1.0,1.0,1.0
14,3,,oracle_corrective,22,1.0,1.0,1.0,1.0,1.0
15,1,,question_only,8,1.0,1.0,1.0,1.0,1.0
15,1,,wrong_answer_conditioned,9,1.0,1.0,1.0,1.0,1.0
15,1,40,shuffled_wrong_answer_control,9,1.0,1.0,1.0,1.0,1.0
15,1,,oracle_corrective,10,1.0,1.0,1.0,1.0,1.0
15,2,,question_only,8,1.0,1.0,1.0,1.0,1.0
15,2,,wrong_answer_conditioned,9,1.0,1.0,1.0,1.0,1.0
15,2,844,shuffled_wrong_answer_control,9,1.0,1.0,1.0,1.0,1.0
15,2,,oracle_corrective,10,1.0,1.0,1.0,1.0,1.0
15,3,,question_only,8,1.0,1.0,1.0,1.0,1.0
15,3,,wrong_answer_conditioned,9,1.0,1.0,1.0,1.0,1.0
15,3,339,shuffled_wrong_answer_control,10,1.0,1.0,1.0,1.0,1.0
15,3,,oracle_corrective,10,1.0,1.0,1.0,1.0,1.0
16,1,,question_only,14,1.0,1.0,1.0,1.0,1.0
16,1,,wrong_answer_conditioned,15,1.0,1.0,1.0,1.0,1.0
16,1,740,shuffled_wrong_answer_control,15,1.0,1.0,1.0,1.0,1.0
16,1,,oracle_corrective,16,1.0,1.0,1.0,1.0,1.0
16,2,,question_only,14,1.0,1.0,1.0,1.0,1.0
16,2,,wrong_answer_conditioned,16,1.0,1.0,1.0,1.0,1.0
16,2,692,shuffled_wrong_answer_control,15,1.0,1.0,1.0,1.0,1.0
16,2,,oracle_corrective,17,1.0,1.0,1.0,1.0,1.0
16,3,,question_only,14,1.0,1.0,1.0,1.0,1.0
16,3,,wrong_answer_conditioned,15,1.0,1.0,1.0,1.0,1.0
16,3,576,shuffled_wrong_answer_control,15,1.0,1.0,1.0,1.0,1.0
16,3,,oracle_corrective,16,1.0,1.0,1.0,1.0,1.0
17,1,,question_only,11,1.0,1.0,1.0,1.0,1.0
17,1,,wrong_answer_conditioned,12,1.0,1.0,1.0,1.0,1.0
17,1,255,shuffled_wrong_answer_control,13,1.0,1.0,1.0,1.0,1.0
17,1,,oracle_corrective,13,1.0,1.0,1.0,1.0,1.0
17,2,,question_only,11,1.0,1.0,1.0,1.0,1.0
17,2,,wrong_answer_conditioned,12,1.0,1.0,1.0,1.0,1.0
17,2,883,shuffled_wrong_answer_control,13,1.0,1.0,1.0,1.0,1.0
17,2,,oracle_corrective,13,1.0,1.0,1.0,1.0,1.0
17,3,,question_only,11,1.0,1.0,1.0,1.0,1.0
17,3,,wrong_answer_conditioned,12,1.0,1.0,1.0,1.0,1.0
17,3,97,shuffled_wrong_answer_control,12,1.0,1.0,1.0,1.0,1.0
17,3,,oracle_corrective,13,1.0,1.0,1.0,1.0,1.0
18,1,,question_only,7,1.0,1.0,1.0,1.0,1.0
18,1,,wrong_answer_conditioned,10,1.0,1.0,1.0,1.0,1.0
18,1,611,shuffled_wrong_answer_control,8,1.0,1.0,1.0,1.0,1.0
18,1,,oracle_corrective,13,1.0,1.0,1.0,1.0,1.0
18,2,,question_only,7,1.0,1.0,1.0,1.0,1.0
18,2,,wrong_answer_conditioned,10,1.0,1.0,1.0,1.0,1.0
18,2,660,shuffled_wrong_answer_control,8,1.0,1.0,1.0,1.0,1.0
18,2,,oracle_corrective,13,1.0,1.0,1.0,1.0,1.0
18,3,,question_only,7,1.0,1.0,1.0,1.0,1.0
18,3,,wrong_answer_conditioned,10,1.0,1.0,1.0,1.0,1.0
18,3,463,shuffled_wrong_answer_control,8,1.0,1.0,1.0,1.0,1.0
18,3,,oracle_corrective,13,1.0,1.0,1.0,1.0,1.0
19,1,,question_only,11,1.0,1.0,1.0,1.0,1.0
19,1,,wrong_answer_conditioned,12,1.0,1.0,1.0,1.0,1.0
19,1,311,shuffled_wrong_answer_control,14,1.0,1.0,1.0,1.0,1.0
19,1,,oracle_corrective,13,1.0,1.0,1.0,1.0,1.0
19,2,,question_only,11,1.0,1.0,1.0,1.0,1.0
19,2,,wrong_answer_conditioned,12,1.0,1.0,1.0,1.0,1.0
19,2,642,shuffled_wrong_answer_control,12,1.0,1.0,1.0,1.0,1.0
19,2,,oracle_corrective,13,1.0,1.0,1.0,1.0,1.0
19,3,,question_only,11,1.0,1.0,1.0,1.0,1.0
19,3,,wrong_answer_conditioned,12,1.0,1.0,1.0,1.0,1.0
19,3,877,shuffled_wrong_answer_control,13,1.0,1.0,1.0,1.0,1.0
19,3,,oracle_corrective,13,1.0,1.0,1.0,1.0,1.0
20,1,,question_only,10,1.0,1.0,1.0,1.0,1.0
20,1,,wrong_answer_conditioned,11,1.0,1.0,1.0,1.0,1.0
20,1,786,shuffled_wrong_answer_control,11,1.0,1.0,1.0,1.0,1.0
20,1,,oracle_corrective,12,1.0,1.0,1.0,1.0,1.0
20,2,,question_only,10,1.0,1.0,1.0,1.0,1.0
20,2,,wrong_answer_conditioned,11,1.0,1.0,1.0,1.0,1.0
20,2,90,shuffled_wrong_answer_control,12,1.0,1.0,1.0,1.0,1.0
20,2,,oracle_corrective,12,1.0,1.0,1.0,1.0,1.0
20,3,,question_only,10,1.0,1.0,1.0,1.0,1.0
20,3,,wrong_answer_conditioned,11,1.0,1.0,1.0,1.0,1.0
20,3,269,shuffled_wrong_answer_control,11,1.0,1.0,1.0,1.0,1.0
20,3,,oracle_corrective,12,1.0,1.0,1.0,1.0,1.0
21,1,,question_only,17,1.0,1.0,1.0,1.0,1.0
21,1,,wrong_answer_conditioned,18,1.0,1.0,1.0,1.0,1.0
21,1,348,shuffled_wrong_answer_control,18,1.0,1.0,1.0,1.0,1.0
21,1,,oracle_corrective,19,1.0,1.0,1.0,1.0,1.0
21,2,,question_only,17,1.0,1.0,1.0,1.0,1.0
21,2,,wrong_answer_conditioned,18,1.0,1.0,1.0,1.0,1.0
21,2,61,shuffled_wrong_answer_control,20,1.0,1.0,1.0,1.0,1.0
21,2,,oracle_corrective,19,1.0,1.0,1.0,1.0,1.0
21,3,,question_only,17,1.0,1.0,1.0,1.0,1.0
21,3,,wrong_answer_conditioned,18,1.0,1.0,1.0,1.0,1.0
21,3,4,shuffled_wrong_answer_control,18,1.0,1.0,1.0,1.0,1.0
21,3,,oracle_corrective,19,1.0,1.0,1.0,1.0,1.0
22,1,,question_only,13,1.0,1.0,1.0,1.0,1.0
22,1,,wrong_answer_conditioned,14,1.0,1.0,1.0,1.0,1.0
22,1,83,shuffled_wrong_answer_control,14,1.0,1.0,1.0,1.0,1.0
22,1,,oracle_corrective,15,1.0,1.0,1.0,1.0,1.0
22,2,,question_only,13,1.0,1.0,1.0,1.0,1.0
22,2,,wrong_answer_conditioned,14,1.0,1.0,1.0,1.0,1.0
22,2,55,shuffled_wrong_answer_control,14,1.0,1.0,1.0,1.0,1.0
22,2,,oracle_corrective,15,1.0,1.0,1.0,1.0,1.0
22,3,,question_only,13,1.0,1.0,1.0,1.0,1.0
22,3,,wrong_answer_conditioned,14,1.0,1.0,1.0,1.0,1.0
22,3,676,shuffled_wrong_answer_control,14,1.0,1.0,1.0,1.0,1.0
22,3,,oracle_corrective,15,1.0,1.0,1.0,1.0,1.0
23,1,,question_only,9,0.0,0.0,0.0,0.0,0.0
23,1,,wrong_answer_conditioned,10,0.0,0.0,0.0,0.0,0.0
23,1,777,shuffled_wrong_answer_control,10,0.0,0.0,0.0,0.0,0.0
23,1,,oracle_corrective,12,0.0,0.0,0.0,0.0,0.0
23,2,,question_only,9,0.0,0.0,0.0,0.0,0.0
23,2,,wrong_answer_conditioned,10,0.0,0.0,0.0,0.0,0.0
23,2,747,shuffled_wrong_answer_control,12,0.0,0.0,0.0,0.0,0.0
23,2,,oracle_corrective,12,0.0,0.0,0.0,0.0,0.0
23,3,,question_only,9,0.0,0.0,0.0,0.0,0.0
23,3,,wrong_answer_conditioned,11,0.0,0.0,0.0,0.0,0.0
23,3,834,shuffled_wrong_answer_control,10,0.0,0.0,0.0,0.0,0.0
23,3,,oracle_corrective,13,0.0,0.0,0.0,0.0,0.0
24,1,,question_only,8,1.0,1.0,1.0,1.0,1.0
24,1,,wrong_answer_conditioned,11,1.0,1.0,1.0,1.0,1.0
24,1,530,shuffled_wrong_answer_control,9,1.0,1.0,1.0,1.0,1.0
24,1,,oracle_corrective,13,1.0,1.0,1.0,1.0,1.0
24,2,,question_only,8,1.0,1.0,1.0,1.0,1.0
24,2,,wrong_answer_conditioned,10,1.0,1.0,1.0,1.0,1.0
24,2,805,shuffled_wrong_answer_control,9,1.0,1.0,1.0,1.0,1.0
24,2,,oracle_corrective,12,1.0,1.0,1.0,1.0,1.0
24,3,,question_only,8,1.0,1.0,1.0,1.0,1.0
24,3,,wrong_answer_conditioned,10,1.0,1.0,1.0,1.0,1.0
24,3,857,shuffled_wrong_answer_control,9,1.0,1.0,1.0,1.0,1.0
24,3,,oracle_corrective,12,1.0,1.0,1.0,1.0,1.0
25,1,,question_only,44,1.0,1.0,1.0,1.0,1.0
25,1,,wrong_answer_conditioned,46,1.0,1.0,1.0,1.0,1.0
25,1,444,shuffled_wrong_answer_control,45,1.0,1.0,1.0,1.0,1.0
25,1,,oracle_corrective,48,1.0,1.0,1.0,1.0,1.0
25,2,,question_only,44,1.0,1.0,1.0,1.0,1.0
25,2,,wrong_answer_conditioned,46,1.0,1.0,1.0,1.0,1.0
25,2,26,shuffled_wrong_answer_control,45,1.0,1.0,1.0,1.0,1.0
25,2,,oracle_corrective,48,1.0,1.0,1.0,1.0,1.0
25,3,,question_only,44,1.0,1.0,1.0,1.0,1.0
25,3,,wrong_answer_conditioned,46,1.0,1.0,1.0,1.0,1.0
25,3,695,shuffled_wrong_answer_control,45,1.0,1.0,1.0,1.0,1.0
25,3,,oracle_corrective,48,1.0,1.0,1.0,1.0,1.0
26,1,,question_only,15,1.0,1.0,1.0,1.0,1.0
26,1,,wrong_answer_conditioned,16,1.0,1.0,1.0,1.0,1.0
26,1,621,shuffled_wrong_answer_control,16,1.0,1.0,1.0,1.0,1.0
26,1,,oracle_corrective,17,1.0,1.0,1.0,1.0,1.0
26,2,,question_only,15,1.0,1.0,1.0,1.0,1.0
26,2,,wrong_answer_conditioned,16,1.0,1.0,1.0,1.0,1.0
26,2,21,shuffled_wrong_answer_control,16,1.0,1.0,1.0,1.0,1.0
26,2,,oracle_corrective,17,1.0,1.0,1.0,1.0,1.0
26,3,,question_only,15,1.0,1.0,1.0,1.0,1.0
26,3,,wrong_answer_conditioned,16,1.0,1.0,1.0,1.0,1.0
26,3,461,shuffled_wrong_answer_control,17,1.0,1.0,1.0,1.0,1.0
26,3,,oracle_corrective,17,1.0,1.0,1.0,1.0,1.0
27,1,,question_only,10,1.0,1.0,1.0,1.0,1.0
27,1,,wrong_answer_conditioned,11,1.0,1.0,1.0,1.0,1.0
27,1,392,shuffled_wrong_answer_control,11,1.0,1.0,1.0,1.0,1.0
27,1,,oracle_corrective,13,1.0,1.0,1.0,1.0,1.0
27,2,,question_only,10,1.0,1.0,1.0,1.0,1.0
27,2,,wrong_answer_conditioned,11,1.0,1.0,1.0,1.0,1.0
27,2,403,shuffled_wrong_answer_control,12,1.0,1.0,1.0,1.0,1.0
27,2,,oracle_corrective,13,1.0,1.0,1.0,1.0,1.0
27,3,,question_only,10,1.0,1.0,1.0,1.0,1.0
27,3,,wrong_answer_conditioned,12,1.0,1.0,1.0,1.0,1.0
27,3,571,shuffled_wrong_answer_control,11,1.0,1.0,1.0,1.0,1.0
27,3,,oracle_corrective,14,1.0,1.0,1.0,1.0,1.0
28,1,,question_only,9,1.0,1.0,1.0,1.0,1.0
28,1,,wrong_answer_conditioned,10,1.0,1.0,1.0,1.0,1.0
28,1,652,shuffled_wrong_answer_control,10,1.0,1.0,1.0,1.0,1.0
28,1,,oracle_corrective,11,1.0,1.0,1.0,1.0,1.0
28,2,,question_only,9,1.0,1.0,1.0,1.0,1.0
28,2,,wrong_answer_conditioned,10,1.0,1.0,1.0,1.0,1.0
28,2,760,shuffled_wrong_answer_control,10,1.0,1.0,1.0,1.0,1.0
28,2,,oracle_corrective,11,1.0,1.0,1.0,1.0,1.0
28,3,,question_only,9,1.0,1.0,1.0,1.0,1.0
28,3,,wrong_answer_conditioned,10,1.0,1.0,1.0,1.0,1.0
28,3,189,shuffled_wrong_answer_control,10,1.0,1.0,1.0,1.0,1.0
28,3,,oracle_corrective,11,1.0,1.0,1.0,1.0,1.0
29,1,,question_only,12,1.0,1.0,1.0,1.0,1.0
29,1,,wrong_answer_conditioned,13,1.0,1.0,1.0,1.0,1.0
29,1,279,shuffled_wrong_answer_control,13,1.0,1.0,1.0,1.0,1.0
29,1,,oracle_corrective,15,1.0,1.0,1.0,1.0,1.0
29,2,,question_only,12,1.0,1.0,1.0,1.0,1.0
29,2,,wrong_answer_conditioned,13,1.0,1.0,1.0,1.0,1.0
29,2,461,shuffled_wrong_answer_control,14,1.0,1.0,1.0,1.0,1.0
29,2,,oracle_corrective,15,1.0,1.0,1.0,1.0,1.0
29,3,,question_only,12,1.0,1.0,1.0,1.0,1.0
29,3,,wrong_answer_conditioned,13,1.0,1.0,1.0,1.0,1.0
29,3,876,shuffled_wrong_answer_control,13,1.0,1.0,1.0,1.0,1.0
29,3,,oracle_corrective,15,1.0,1.0,1.0,1.0,1.0
30,1,,question_only,11,1.0,1.0,1.0,1.0,1.0
30,1,,wrong_answer_conditioned,12,1.0,1.0,1.0,1.0,1.0
30,1,682,shuffled_wrong_answer_control,12,1.0,1.0,1.0,1.0,1.0
30,1,,oracle_corrective,13,1.0,1.0,1.0,1.0,1.0
30,2,,question_only,11,1.0,1.0,1.0,1.0,1.0
30,2,,wrong_answer_conditioned,12,1.0,1.0,1.0,1.0,1.0
30,2,451,shuffled_wrong_answer_control,13,1.0,1.0,1.0,1.0,1.0
30,2,,oracle_corrective,13,1.0,1.0,1.0,1.0,1.0
30,3,,question_only,11,1.0,1.0,1.0,1.0,1.0
30,3,,wrong_answer_conditioned,12,1.0,1.0,1.0,1.0,1.0
30,3,573,shuffled_wrong_answer_control,13,1.0,1.0,1.0,1.0,1.0
30,3,,oracle_corrective,13,1.0,1.0,1.0,1.0,1.0
31,1,,question_only,14,1.0,1.0,1.0,1.0,1.0
31,1,,wrong_answer_conditioned,16,1.0,1.0,1.0,1.0,1.0
31,1,632,shuffled_wrong_answer_control,15,1.0,1.0,1.0,1.0,1.0
31,1,,oracle_corrective,18,1.0,1.0,1.0,1.0,1.0
31,2,,question_only,14,1.0,1.0,1.0,1.0,1.0
31,2,,wrong_answer_conditioned,16,1.0,1.0,1.0,1.0,1.0
31,2,456,shuffled_wrong_answer_control,15,1.0,1.0,1.0,1.0,1.0
31,2,,oracle_corrective,18,1.0,1.0,1.0,1.0,1.0
31,3,,question_only,14,1.0,1.0,1.0,1.0,1.0
31,3,,wrong_answer_conditioned,17,0.5,0.0,1.0,1.0,0.6309297535714575
31,3,76,shuffled_wrong_answer_control,15,1.0,1.0,1.0,1.0,1.0
31,3,,oracle_corrective,19,0.5,0.0,1.0,1.0,0.6309297535714575
32,1,,question_only,9,1.0,1.0,1.0,1.0,1.0
32,1,,wrong_answer_conditioned,10,1.0,1.0,1.0,1.0,1.0
32,1,667,shuffled_wrong_answer_control,12,1.0,1.0,1.0,1.0,1.0
32,1,,oracle_corrective,11,1.0,1.0,1.0,1.0,1.0
32,2,,question_only,9,1.0,1.0,1.0,1.0,1.0
32,2,,wrong_answer_conditioned,10,0.5,0.0,1.0,1.0,0.6309297535714575
32,2,649,shuffled_wrong_answer_control,10,1.0,1.0,1.0,1.0,1.0
32,2,,oracle_corrective,11,1.0,1.0,1.0,1.0,1.0
32,3,,question_only,9,1.0,1.0,1.0,1.0,1.0
32,3,,wrong_answer_conditioned,10,1.0,1.0,1.0,1.0,1.0
32,3,826,shuffled_wrong_answer_control,10,1.0,1.0,1.0,1.0,1.0
32,3,,oracle_corrective,11,1.0,1.0,1.0,1.0,1.0
33,1,,question_only,22,1.0,1.0,1.0,1.0,1.0
33,1,,wrong_answer_conditioned,25,1.0,1.0,1.0,1.0,1.0
33,1,320,shuffled_wrong_answer_control,23,1.0,1.0,1.0,1.0,1.0
33,1,,oracle_corrective,28,1.0,1.0,1.0,1.0,1.0
33,2,,question_only,22,1.0,1.0,1.0,1.0,1.0
33,2,,wrong_answer_conditioned,23,1.0,1.0,1.0,1.0,1.0
33,2,690,shuffled_wrong_answer_control,23,1.0,1.0,1.0,1.0,1.0
33,2,,oracle_corrective,26,1.0,1.0,1.0,1.0,1.0
33,3,,question_only,22,1.0,1.0,1.0,1.0,1.0
33,3,,wrong_answer_conditioned,25,1.0,1.0,1.0,1.0,1.0
33,3,109,shuffled_wrong_answer_control,23,1.0,1.0,1.0,1.0,1.0
33,3,,oracle_corrective,28,1.0,1.0,1.0,1.0,1.0
34,1,,question_only,17,1.0,1.0,1.0,1.0,1.0
34,1,,wrong_answer_conditioned,19,1.0,1.0,1.0,1.0,1.0
34,1,289,shuffled_wrong_answer_control,18,1.0,1.0,1.0,1.0,1.0
34,1,,oracle_corrective,21,1.0,1.0,1.0,1.0,1.0
34,2,,question_only,17,1.0,1.0,1.0,1.0,1.0
34,2,,wrong_answer_conditioned,19,1.0,1.0,1.0,1.0,1.0
34,2,45,shuffled_wrong_answer_control,20,1.0,1.0,1.0,1.0,1.0
34,2,,oracle_corrective,21,1.0,1.0,1.0,1.0,1.0
34,3,,question_only,17,1.0,1.0,1.0,1.0,1.0
34,3,,wrong_answer_conditioned,19,1.0,1.0,1.0,1.0,1.0
34,3,514,shuffled_wrong_answer_control,18,1.0,1.0,1.0,1.0,1.0
34,3,,oracle_corrective,21,1.0,1.0,1.0,1.0,1.0
35,1,,question_only,11,1.0,1.0,1.0,1.0,1.0
35,1,,wrong_answer_conditioned,12,1.0,1.0,1.0,1.0,1.0
35,1,53,shuffled_wrong_answer_control,13,1.0,1.0,1.0,1.0,1.0
35,1,,oracle_corrective,13,1.0,1.0,1.0,1.0,1.0
35,2,,question_only,11,1.0,1.0,1.0,1.0,1.0
35,2,,wrong_answer_conditioned,12,1.0,1.0,1.0,1.0,1.0
35,2,213,shuffled_wrong_answer_control,12,1.0,1.0,1.0,1.0,1.0
35,2,,oracle_corrective,13,1.0,1.0,1.0,1.0,1.0
35,3,,question_only,11,1.0,1.0,1.0,1.0,1.0
35,3,,wrong_answer_conditioned,12,1.0,1.0,1.0,1.0,1.0
35,3,124,shuffled_wrong_answer_control,12,1.0,1.0,1.0,1.0,1.0
35,3,,oracle_corrective,13,1.0,1.0,1.0,1.0,1.0
36,1,,question_only,13,1.0,1.0,1.0,1.0,1.0
36,1,,wrong_answer_conditioned,14,1.0,1.0,1.0,1.0,1.0
36,1,120,shuffled_wrong_answer_control,15,1.0,1.0,1.0,1.0,1.0
36,1,,oracle_corrective,15,1.0,1.0,1.0,1.0,1.0
36,2,,question_only,13,1.0,1.0,1.0,1.0,1.0
36,2,,wrong_answer_conditioned,14,1.0,1.0,1.0,1.0,1.0
36,2,562,shuffled_wrong_answer_control,15,1.0,1.0,1.0,1.0,1.0
36,2,,oracle_corrective,15,1.0,1.0,1.0,1.0,1.0
36,3,,question_only,13,1.0,1.0,1.0,1.0,1.0
36,3,,wrong_answer_conditioned,14,1.0,1.0,1.0,1.0,1.0
36,3,569,shuffled_wrong_answer_control,14,1.0,1.0,1.0,1.0,1.0
36,3,,oracle_corrective,15,1.0,1.0,1.0,1.0,1.0
37,1,,question_only,7,1.0,1.0,1.0,1.0,1.0
37,1,,wrong_answer_conditioned,9,1.0,1.0,1.0,1.0,1.0
37,1,135,shuffled_wrong_answer_control,9,1.0,1.0,1.0,1.0,1.0
37,1,,oracle_corrective,11,1.0,1.0,1.0,1.0,1.0
37,2,,question_only,7,1.0,1.0,1.0,1.0,1.0
37,2,,wrong_answer_conditioned,9,1.0,1.0,1.0,1.0,1.0
37,2,627,shuffled_wrong_answer_control,8,1.0,1.0,1.0,1.0,1.0
37,2,,oracle_corrective,11,1.0,1.0,1.0,1.0,1.0
37,3,,question_only,7,1.0,1.0,1.0,1.0,1.0
37,3,,wrong_answer_conditioned,9,1.0,1.0,1.0,1.0,1.0
37,3,879,shuffled_wrong_answer_control,10,1.0,1.0,1.0,1.0,1.0
37,3,,oracle_corrective,11,1.0,1.0,1.0,1.0,1.0
38,1,,question_only,8,1.0,1.0,1.0,1.0,1.0
38,1,,wrong_answer_conditioned,11,1.0,1.0,1.0,1.0,1.0
38,1,577,shuffled_wrong_answer_control,9,1.0,1.0,1.0,1.0,1.0
38,1,,oracle_corrective,14,1.0,1.0,1.0,1.0,1.0
38,2,,question_only,8,1.0,1.0,1.0,1.0,1.0
38,2,,wrong_answer_conditioned,9,1.0,1.0,1.0,1.0,1.0
38,2,750,shuffled_wrong_answer_control,10,1.0,1.0,1.0,1.0,1.0
38,2,,oracle_corrective,12,1.0,1.0,1.0,1.0,1.0
38,3,,question_only,8,1.0,1.0,1.0,1.0,1.0
38,3,,wrong_answer_conditioned,12,0.5,0.0,1.0,1.0,0.6309297535714575
38,3,762,shuffled_wrong_answer_control,9,1.0,1.0,1.0,1.0,1.0
38,3,,oracle_corrective,15,1.0,1.0,1.0,1.0,1.0
39,1,,question_only,17,1.0,1.0,1.0,1.0,1.0
39,1,,wrong_answer_conditioned,19,1.0,1.0,1.0,1.0,1.0
39,1,243,shuffled_wrong_answer_control,18,1.0,1.0,1.0,1.0,1.0
39,1,,oracle_corrective,21,1.0,1.0,1.0,1.0,1.0
39,2,,question_only,17,1.0,1.0,1.0,1.0,1.0
39,2,,wrong_answer_conditioned,19,1.0,1.0,1.0,1.0,1.0
39,2,223,shuffled_wrong_answer_control,18,1.0,1.0,1.0,1.0,1.0
39,2,,oracle_corrective,21,1.0,1.0,1.0,1.0,1.0
39,3,,question_only,17,1.0,1.0,1.0,1.0,1.0
39,3,,wrong_answer_conditioned,19,1.0,1.0,1.0,1.0,1.0
39,3,598,shuffled_wrong_answer_control,18,1.0,1.0,1.0,1.0,1.0
39,3,,oracle_corrective,21,1.0,1.0,1.0,1.0,1.0
40,1,,question_only,16,0.5,0.0,1.0,1.0,0.6309297535714575
40,1,,wrong_answer_conditioned,17,0.5,0.0,1.0,1.0,0.6309297535714575
40,1,467,shuffled_wrong_answer_control,17,0.5,0.0,1.0,1.0,0.6309297535714575
40,1,,oracle_corrective,18,1.0,1.0,1.0,1.0,1.0
40,2,,question_only,16,0.5,0.0,1.0,1.0,0.6309297535714575
40,2,,wrong_answer_conditioned,17,0.5,0.0,1.0,1.0,0.6309297535714575
40,2,110,shuffled_wrong_answer_control,17,0.5,0.0,1.0,1.0,0.6309297535714575
40,2,,oracle_corrective,18,0.5,0.0,1.0,1.0,0.6309297535714575
40,3,,question_only,16,0.5,0.0,1.0,1.0,0.6309297535714575
40,3,,wrong_answer_conditioned,17,0.5,0.0,1.0,1.0,0.6309297535714575
40,3,157,shuffled_wrong_answer_control,18,0.5,0.0,1.0,1.0,0.6309297535714575
40,3,,oracle_corrective,18,1.0,1.0,1.0,1.0,1.0
41,1,,question_only,13,1.0,1.0,1.0,1.0,1.0
41,1,,wrong_answer_conditioned,15,1.0,1.0,1.0,1.0,1.0
41,1,182,shuffled_wrong_answer_control,16,1.0,1.0,1.0,1.0,1.0
41,1,,oracle_corrective,18,1.0,1.0,1.0,1.0,1.0
41,2,,question_only,13,1.0,1.0,1.0,1.0,1.0
41,2,,wrong_answer_conditioned,16,1.0,1.0,1.0,1.0,1.0
41,2,172,shuffled_wrong_answer_control,15,1.0,1.0,1.0,1.0,1.0
41,2,,oracle_corrective,19,1.0,1.0,1.0,1.0,1.0
41,3,,question_only,13,1.0,1.0,1.0,1.0,1.0
41,3,,wrong_answer_conditioned,14,1.0,1.0,1.0,1.0,1.0
41,3,282,shuffled_wrong_answer_control,14,1.0,1.0,1.0,1.0,1.0
41,3,,oracle_corrective,17,1.0,1.0,1.0,1.0,1.0
42,1,,question_only,10,1.0,1.0,1.0,1.0,1.0
42,1,,wrong_answer_conditioned,13,1.0,1.0,1.0,1.0,1.0
42,1,284,shuffled_wrong_answer_control,11,1.0,1.0,1.0,1.0,1.0
42,1,,oracle_corrective,16,0.5,0.0,1.0,1.0,0.6309297535714575
42,2,,question_only,10,1.0,1.0,1.0,1.0,1.0
42,2,,wrong_answer_conditioned,12,0.3333333333333333,0.0,1.0,1.0,0.5
42,2,882,shuffled_wrong_answer_control,11,1.0,1.0,1.0,1.0,1.0
42,2,,oracle_corrective,15,1.0,1.0,1.0,1.0,1.0
42,3,,question_only,10,1.0,1.0,1.0,1.0,1.0
42,3,,wrong_answer_conditioned,12,0.5,0.0,1.0,1.0,0.6309297535714575
42,3,546,shuffled_wrong_answer_control,12,1.0,1.0,1.0,1.0,1.0
42,3,,oracle_corrective,15,0.5,0.0,1.0,1.0,0.6309297535714575
43,1,,question_only,9,1.0,1.0,1.0,1.0,1.0
43,1,,wrong_answer_conditioned,10,1.0,1.0,1.0,1.0,1.0
43,1,550,shuffled_wrong_answer_control,10,1.0,1.0,1.0,1.0,1.0
43,1,,oracle_corrective,11,1.0,1.0,1.0,1.0,1.0
43,2,,question_only,9,1.0,1.0,1.0,1.0,1.0
43,2,,wrong_answer_conditioned,10,1.0,1.0,1.0,1.0,1.0
43,2,437,shuffled_wrong_answer_control,11,1.0,1.0,1.0,1.0,1.0
43,2,,oracle_corrective,11,1.0,1.0,1.0,1.0,1.0
43,3,,question_only,9,1.0,1.0,1.0,1.0,1.0
43,3,,wrong_answer_conditioned,10,1.0,1.0,1.0,1.0,1.0
43,3,335,shuffled_wrong_answer_control,11,1.0,1.0,1.0,1.0,1.0
43,3,,oracle_corrective,11,1.0,1.0,1.0,1.0,1.0
44,1,,question_only,16,1.0,1.0,1.0,1.0,1.0
44,1,,wrong_answer_conditioned,17,1.0,1.0,1.0,1.0,1.0
44,1,767,shuffled_wrong_answer_control,17,1.0,1.0,1.0,1.0,1.0
44,1,,oracle_corrective,19,1.0,1.0,1.0,1.0,1.0
44,2,,question_only,16,1.0,1.0,1.0,1.0,1.0
44,2,,wrong_answer_conditioned,17,1.0,1.0,1.0,1.0,1.0
44,2,372,shuffled_wrong_answer_control,17,1.0,1.0,1.0,1.0,1.0
44,2,,oracle_corrective,19,1.0,1.0,1.0,1.0,1.0
44,3,,question_only,16,1.0,1.0,1.0,1.0,1.0
44,3,,wrong_answer_conditioned,17,1.0,1.0,1.0,1.0,1.0
44,3,632,shuffled_wrong_answer_control,17,1.0,1.0,1.0,1.0,1.0
44,3,,oracle_corrective,19,1.0,1.0,1.0,1.0,1.0
45,1,,question_only,12,0.25,0.0,0.0,1.0,0.43067655807339306
45,1,,wrong_answer_conditioned,15,0.25,0.0,0.0,1.0,0.43067655807339306
45,1,742,shuffled_wrong_answer_control,13,0.25,0.0,0.0,1.0,0.43067655807339306
45,1,,oracle_corrective,18,0.3333333333333333,0.0,1.0,1.0,0.5
45,2,,question_only,12,0.25,0.0,0.0,1.0,0.43067655807339306
45,2,,wrong_answer_conditioned,15,0.2,0.0,0.0,1.0,0.38685280723454163
45,2,302,shuffled_wrong_answer_control,14,0.25,0.0,0.0,1.0,0.43067655807339306
45,2,,oracle_corrective,18,0.3333333333333333,0.0,1.0,1.0,0.5
45,3,,question_only,12,0.25,0.0,0.0,1.0,0.43067655807339306
45,3,,wrong_answer_conditioned,16,0.3333333333333333,0.0,1.0,1.0,0.5
45,3,582,shuffled_wrong_answer_control,13,0.25,0.0,0.0,1.0,0.43067655807339306
45,3,,oracle_corrective,19,0.3333333333333333,0.0,1.0,1.0,0.5
46,1,,question_only,10,1.0,1.0,1.0,1.0,1.0
46,1,,wrong_answer_conditioned,11,1.0,1.0,1.0,1.0,1.0
46,1,575,shuffled_wrong_answer_control,11,1.0,1.0,1.0,1.0,1.0
46,1,,oracle_corrective,12,1.0,1.0,1.0,1.0,1.0
46,2,,question_only,10,1.0,1.0,1.0,1.0,1.0
46,2,,wrong_answer_conditioned,11,1.0,1.0,1.0,1.0,1.0
46,2,307,shuffled_wrong_answer_control,11,1.0,1.0,1.0,1.0,1.0
46,2,,oracle_corrective,12,1.0,1.0,1.0,1.0,1.0
46,3,,question_only,10,1.0,1.0,1.0,1.0,1.0
46,3,,wrong_answer_conditioned,11,1.0,1.0,1.0,1.0,1.0
46,3,397,shuffled_wrong_answer_control,12,1.0,1.0,1.0,1.0,1.0
46,3,,oracle_corrective,12,1.0,1.0,1.0,1.0,1.0
47,1,,question_only,18,1.0,1.0,1.0,1.0,1.0
47,1,,wrong_answer_conditioned,19,1.0,1.0,1.0,1.0,1.0
47,1,240,shuffled_wrong_answer_control,20,1.0,1.0,1.0,1.0,1.0
47,1,,oracle_corrective,20,1.0,1.0,1.0,1.0,1.0
47,2,,question_only,18,1.0,1.0,1.0,1.0,1.0
47,2,,wrong_answer_conditioned,19,1.0,1.0,1.0,1.0,1.0
47,2,250,shuffled_wrong_answer_control,19,1.0,1.0,1.0,1.0,1.0
47,2,,oracle_corrective,20,1.0,1.0,1.0,1.0,1.0
47,3,,question_only,18,1.0,1.0,1.0,1.0,1.0
47,3,,wrong_answer_conditioned,19,1.0,1.0,1.0,1.0,1.0
47,3,860,shuffled_wrong_answer_control,19,1.0,1.0,1.0,1.0,1.0
47,3,,oracle_corrective,20,1.0,1.0,1.0,1.0,1.0
48,1,,question_only,25,1.0,1.0,1.0,1.0,1.0
48,1,,wrong_answer_conditioned,28,1.0,1.0,1.0,1.0,1.0
48,1,424,shuffled_wrong_answer_control,26,1.0,1.0,1.0,1.0,1.0
48,1,,oracle_corrective,31,1.0,1.0,1.0,1.0,1.0
48,2,,question_only,25,1.0,1.0,1.0,1.0,1.0
48,2,,wrong_answer_conditioned,28,1.0,1.0,1.0,1.0,1.0
48,2,770,shuffled_wrong_answer_control,27,1.0,1.0,1.0,1.0,1.0
48,2,,oracle_corrective,31,1.0,1.0,1.0,1.0,1.0
48,3,,question_only,25,1.0,1.0,1.0,1.0,1.0
48,3,,wrong_answer_conditioned,28,1.0,1.0,1.0,1.0,1.0
48,3,202,shuffled_wrong_answer_control,27,1.0,1.0,1.0,1.0,1.0
48,3,,oracle_corrective,31,1.0,1.0,1.0,1.0,1.0
49,1,,question_only,16,1.0,1.0,1.0,1.0,1.0
49,1,,wrong_answer_conditioned,18,1.0,1.0,1.0,1.0,1.0
49,1,387,shuffled_wrong_answer_control,17,1.0,1.0,1.0,1.0,1.0
49,1,,oracle_corrective,20,1.0,1.0,1.0,1.0,1.0
49,2,,question_only,16,1.0,1.0,1.0,1.0,1.0
49,2,,wrong_answer_conditioned,18,1.0,1.0,1.0,1.0,1.0
49,2,253,shuffled_wrong_answer_control,18,1.0,1.0,1.0,1.0,1.0
49,2,,oracle_corrective,20,1.0,1.0,1.0,1.0,1.0
49,3,,question_only,16,1.0,1.0,1.0,1.0,1.0
49,3,,wrong_answer_conditioned,18,1.0,1.0,1.0,1.0,1.0
49,3,559,shuffled_wrong_answer_control,17,1.0,1.0,1.0,1.0,1.0
49,3,,oracle_corrective,20,1.0,1.0,1.0,1.0,1.0
50,1,,question_only,20,1.0,1.0,1.0,1.0,1.0
50,1,,wrong_answer_conditioned,22,1.0,1.0,1.0,1.0,1.0
50,1,176,shuffled_wrong_answer_control,23,1.0,1.0,1.0,1.0,1.0
50,1,,oracle_corrective,24,1.0,1.0,1.0,1.0,1.0
50,2,,question_only,20,1.0,1.0,1.0,1.0,1.0
50,2,,wrong_answer_conditioned,22,1.0,1.0,1.0,1.0,1.0
50,2,174,shuffled_wrong_answer_control,22,1.0,1.0,1.0,1.0,1.0
50,2,,oracle_corrective,24,1.0,1.0,1.0,1.0,1.0
50,3,,question_only,20,1.0,1.0,1.0,1.0,1.0
50,3,,wrong_answer_conditioned,22,1.0,1.0,1.0,1.0,1.0
50,3,550,shuffled_wrong_answer_control,21,1.0,1.0,1.0,1.0,1.0
50,3,,oracle_corrective,24,1.0,1.0,1.0,1.0,1.0
51,1,,question_only,11,1.0,1.0,1.0,1.0,1.0
51,1,,wrong_answer_conditioned,13,1.0,1.0,1.0,1.0,1.0
51,1,5,shuffled_wrong_answer_control,13,1.0,1.0,1.0,1.0,1.0
51,1,,oracle_corrective,15,1.0,1.0,1.0,1.0,1.0
51,2,,question_only,11,1.0,1.0,1.0,1.0,1.0
51,2,,wrong_answer_conditioned,13,1.0,1.0,1.0,1.0,1.0
51,2,534,shuffled_wrong_answer_control,12,1.0,1.0,1.0,1.0,1.0
51,2,,oracle_corrective,15,1.0,1.0,1.0,1.0,1.0
51,3,,question_only,11,1.0,1.0,1.0,1.0,1.0
51,3,,wrong_answer_conditioned,13,1.0,1.0,1.0,1.0,1.0
51,3,685,shuffled_wrong_answer_control,12,1.0,1.0,1.0,1.0,1.0
51,3,,oracle_corrective,15,1.0,1.0,1.0,1.0,1.0
52,1,,question_only,9,1.0,1.0,1.0,1.0,1.0
52,1,,wrong_answer_conditioned,10,1.0,1.0,1.0,1.0,1.0
52,1,476,shuffled_wrong_answer_control,10,1.0,1.0,1.0,1.0,1.0
52,1,,oracle_corrective,11,1.0,1.0,1.0,1.0,1.0
52,2,,question_only,9,1.0,1.0,1.0,1.0,1.0
52,2,,wrong_answer_conditioned,10,1.0,1.0,1.0,1.0,1.0
52,2,621,shuffled_wrong_answer_control,10,1.0,1.0,1.0,1.0,1.0
52,2,,oracle_corrective,11,1.0,1.0,1.0,1.0,1.0
52,3,,question_only,9,1.0,1.0,1.0,1.0,1.0
52,3,,wrong_answer_conditioned,10,1.0,1.0,1.0,1.0,1.0
52,3,830,shuffled_wrong_answer_control,10,1.0,1.0,1.0,1.0,1.0
52,3,,oracle_corrective,11,1.0,1.0,1.0,1.0,1.0
53,1,,question_only,15,1.0,1.0,1.0,1.0,1.0
53,1,,wrong_answer_conditioned,17,1.0,1.0,1.0,1.0,1.0
53,1,753,shuffled_wrong_answer_control,17,1.0,1.0,1.0,1.0,1.0
53,1,,oracle_corrective,19,1.0,1.0,1.0,1.0,1.0
53,2,,question_only,15,1.0,1.0,1.0,1.0,1.0
53,2,,wrong_answer_conditioned,17,1.0,1.0,1.0,1.0,1.0
53,2,563,shuffled_wrong_answer_control,16,1.0,1.0,1.0,1.0,1.0
53,2,,oracle_corrective,19,1.0,1.0,1.0,1.0,1.0
53,3,,question_only,15,1.0,1.0,1.0,1.0,1.0
53,3,,wrong_answer_conditioned,17,1.0,1.0,1.0,1.0,1.0
53,3,558,shuffled_wrong_answer_control,16,1.0,1.0,1.0,1.0,1.0
53,3,,oracle_corrective,19,1.0,1.0,1.0,1.0,1.0
54,1,,question_only,10,1.0,1.0,1.0,1.0,1.0
54,1,,wrong_answer_conditioned,11,1.0,1.0,1.0,1.0,1.0
54,1,338,shuffled_wrong_answer_control,11,1.0,1.0,1.0,1.0,1.0
54,1,,oracle_corrective,12,1.0,1.0,1.0,1.0,1.0
54,2,,question_only,10,1.0,1.0,1.0,1.0,1.0
54,2,,wrong_answer_conditioned,11,1.0,1.0,1.0,1.0,1.0
54,2,696,shuffled_wrong_answer_control,11,1.0,1.0,1.0,1.0,1.0
54,2,,oracle_corrective,12,1.0,1.0,1.0,1.0,1.0
54,3,,question_only,10,1.0,1.0,1.0,1.0,1.0
54,3,,wrong_answer_conditioned,11,1.0,1.0,1.0,1.0,1.0
54,3,445,shuffled_wrong_answer_control,11,1.0,1.0,1.0,1.0,1.0
54,3,,oracle_corrective,12,1.0,1.0,1.0,1.0,1.0
55,1,,question_only,15,1.0,1.0,1.0,1.0,1.0
55,1,,wrong_answer_conditioned,16,1.0,1.0,1.0,1.0,1.0
55,1,98,shuffled_wrong_answer_control,17,1.0,1.0,1.0,1.0,1.0
55,1,,oracle_corrective,17,1.0,1.0,1.0,1.0,1.0
55,2,,question_only,15,1.0,1.0,1.0,1.0,1.0
55,2,,wrong_answer_conditioned,16,1.0,1.0,1.0,1.0,1.0
55,2,233,shuffled_wrong_answer_control,16,1.0,1.0,1.0,1.0,1.0
55,2,,oracle_corrective,17,1.0,1.0,1.0,1.0,1.0
55,3,,question_only,15,1.0,1.0,1.0,1.0,1.0
55,3,,wrong_answer_conditioned,16,1.0,1.0,1.0,1.0,1.0
55,3,635,shuffled_wrong_answer_control,17,1.0,1.0,1.0,1.0,1.0
55,3,,oracle_corrective,17,1.0,1.0,1.0,1.0,1.0
56,1,,question_only,8,1.0,1.0,1.0,1.0,1.0
56,1,,wrong_answer_conditioned,10,1.0,1.0,1.0,1.0,1.0
56,1,650,shuffled_wrong_answer_control,9,1.0,1.0,1.0,1.0,1.0
56,1,,oracle_corrective,11,1.0,1.0,1.0,1.0,1.0
56,2,,question_only,8,1.0,1.0,1.0,1.0,1.0
56,2,,wrong_answer_conditioned,9,1.0,1.0,1.0,1.0,1.0
56,2,229,shuffled_wrong_answer_control,9,1.0,1.0,1.0,1.0,1.0
56,2,,oracle_corrective,10,1.0,1.0,1.0,1.0,1.0
56,3,,question_only,8,1.0,1.0,1.0,1.0,1.0
56,3,,wrong_answer_conditioned,10,1.0,1.0,1.0,1.0,1.0
56,3,226,shuffled_wrong_answer_control,10,1.0,1.0,1.0,1.0,1.0
56,3,,oracle_corrective,11,1.0,1.0,1.0,1.0,1.0
57,1,,question_only,12,1.0,1.0,1.0,1.0,1.0
57,1,,wrong_answer_conditioned,13,1.0,1.0,1.0,1.0,1.0
57,1,322,shuffled_wrong_answer_control,13,1.0,1.0,1.0,1.0,1.0
57,1,,oracle_corrective,14,1.0,1.0,1.0,1.0,1.0
57,2,,question_only,12,1.0,1.0,1.0,1.0,1.0
57,2,,wrong_answer_conditioned,13,1.0,1.0,1.0,1.0,1.0
57,2,677,shuffled_wrong_answer_control,14,1.0,1.0,1.0,1.0,1.0
57,2,,oracle_corrective,14,1.0,1.0,1.0,1.0,1.0
57,3,,question_only,12,1.0,1.0,1.0,1.0,1.0
57,3,,wrong_answer_conditioned,13,1.0,1.0,1.0,1.0,1.0
57,3,849,shuffled_wrong_answer_control,16,1.0,1.0,1.0,1.0,1.0
57,3,,oracle_corrective,14,1.0,1.0,1.0,1.0,1.0
58,1,,question_only,13,1.0,1.0,1.0,1.0,1.0
58,1,,wrong_answer_conditioned,14,1.0,1.0,1.0,1.0,1.0
58,1,421,shuffled_wrong_answer_control,15,0.5,0.0,1.0,1.0,0.6309297535714575
58,1,,oracle_corrective,15,1.0,1.0,1.0,1.0,1.0
58,2,,question_only,13,1.0,1.0,1.0,1.0,1.0
58,2,,wrong_answer_conditioned,14,1.0,1.0,1.0,1.0,1.0
58,2,523,shuffled_wrong_answer_control,16,1.0,1.0,1.0,1.0,1.0
58,2,,oracle_corrective,15,1.0,1.0,1.0,1.0,1.0
58,3,,question_only,13,1.0,1.0,1.0,1.0,1.0
58,3,,wrong_answer_conditioned,14,1.0,1.0,1.0,1.0,1.0
58,3,809,shuffled_wrong_answer_control,14,1.0,1.0,1.0,1.0,1.0
58,3,,oracle_corrective,15,1.0,1.0,1.0,1.0,1.0
59,1,,question_only,20,1.0,1.0,1.0,1.0,1.0
59,1,,wrong_answer_conditioned,21,1.0,1.0,1.0,1.0,1.0
59,1,866,shuffled_wrong_answer_control,23,1.0,1.0,1.0,1.0,1.0
59,1,,oracle_corrective,22,1.0,1.0,1.0,1.0,1.0
59,2,,question_only,20,1.0,1.0,1.0,1.0,1.0
59,2,,wrong_answer_conditioned,21,1.0,1.0,1.0,1.0,1.0
59,2,654,shuffled_wrong_answer_control,21,1.0,1.0,1.0,1.0,1.0
59,2,,oracle_corrective,22,1.0,1.0,1.0,1.0,1.0
59,3,,question_only,20,1.0,1.0,1.0,1.0,1.0
59,3,,wrong_answer_conditioned,21,1.0,1.0,1.0,1.0,1.0
59,3,162,shuffled_wrong_answer_control,22,1.0,1.0,1.0,1.0,1.0
59,3,,oracle_corrective,22,1.0,1.0,1.0,1.0,1.0
60,1,,question_only,13,1.0,1.0,1.0,1.0,1.0
60,1,,wrong_answer_conditioned,14,1.0,1.0,1.0,1.0,1.0
60,1,442,shuffled_wrong_answer_control,14,1.0,1.0,1.0,1.0,1.0
60,1,,oracle_corrective,15,1.0,1.0,1.0,1.0,1.0
60,2,,question_only,13,1.0,1.0,1.0,1.0,1.0
60,2,,wrong_answer_conditioned,16,1.0,1.0,1.0,1.0,1.0
60,2,857,shuffled_wrong_answer_control,14,1.0,1.0,1.0,1.0,1.0
60,2,,oracle_corrective,17,1.0,1.0,1.0,1.0,1.0
60,3,,question_only,13,1.0,1.0,1.0,1.0,1.0
60,3,,wrong_answer_conditioned,14,1.0,1.0,1.0,1.0,1.0
60,3,14,shuffled_wrong_answer_control,14,1.0,1.0,1.0,1.0,1.0
60,3,,oracle_corrective,15,1.0,1.0,1.0,1.0,1.0
61,1,,question_only,28,1.0,1.0,1.0,1.0,1.0
61,1,,wrong_answer_conditioned,31,1.0,1.0,1.0,1.0,1.0
61,1,684,shuffled_wrong_answer_control,29,1.0,1.0,1.0,1.0,1.0
61,1,,oracle_corrective,34,1.0,1.0,1.0,1.0,1.0
61,2,,question_only,28,1.0,1.0,1.0,1.0,1.0
61,2,,wrong_answer_conditioned,31,1.0,1.0,1.0,1.0,1.0
61,2,429,shuffled_wrong_answer_control,29,1.0,1.0,1.0,1.0,1.0
61,2,,oracle_corrective,34,1.0,1.0,1.0,1.0,1.0
61,3,,question_only,28,1.0,1.0,1.0,1.0,1.0
61,3,,wrong_answer_conditioned,31,1.0,1.0,1.0,1.0,1.0
61,3,820,shuffled_wrong_answer_control,29,1.0,1.0,1.0,1.0,1.0
61,3,,oracle_corrective,34,1.0,1.0,1.0,1.0,1.0
62,1,,question_only,14,1.0,1.0,1.0,1.0,1.0
62,1,,wrong_answer_conditioned,16,1.0,1.0,1.0,1.0,1.0
62,1,277,shuffled_wrong_answer_control,17,1.0,1.0,1.0,1.0,1.0
62,1,,oracle_corrective,18,1.0,1.0,1.0,1.0,1.0
62,2,,question_only,14,1.0,1.0,1.0,1.0,1.0
62,2,,wrong_answer_conditioned,16,1.0,1.0,1.0,1.0,1.0
62,2,579,shuffled_wrong_answer_control,15,1.0,1.0,1.0,1.0,1.0
62,2,,oracle_corrective,18,1.0,1.0,1.0,1.0,1.0
62,3,,question_only,14,1.0,1.0,1.0,1.0,1.0
62,3,,wrong_answer_conditioned,16,1.0,1.0,1.0,1.0,1.0
62,3,337,shuffled_wrong_answer_control,16,1.0,1.0,1.0,1.0,1.0
62,3,,oracle_corrective,18,1.0,1.0,1.0,1.0,1.0
63,1,,question_only,19,1.0,1.0,1.0,1.0,1.0
63,1,,wrong_answer_conditioned,20,1.0,1.0,1.0,1.0,1.0
63,1,728,shuffled_wrong_answer_control,20,1.0,1.0,1.0,1.0,1.0
63,1,,oracle_corrective,21,1.0,1.0,1.0,1.0,1.0
63,2,,question_only,19,1.0,1.0,1.0,1.0,1.0
63,2,,wrong_answer_conditioned,20,1.0,1.0,1.0,1.0,1.0
63,2,322,shuffled_wrong_answer_control,20,1.0,1.0,1.0,1.0,1.0
63,2,,oracle_corrective,21,1.0,1.0,1.0,1.0,1.0
63,3,,question_only,19,1.0,1.0,1.0,1.0,1.0
63,3,,wrong_answer_conditioned,20,1.0,1.0,1.0,1.0,1.0
63,3,564,shuffled_wrong_answer_control,20,1.0,1.0,1.0,1.0,1.0
63,3,,oracle_corrective,21,1.0,1.0,1.0,1.0,1.0
64,1,,question_only,12,1.0,1.0,1.0,1.0,1.0
64,1,,wrong_answer_conditioned,14,1.0,1.0,1.0,1.0,1.0
64,1,566,shuffled_wrong_answer_control,13,1.0,1.0,1.0,1.0,1.0
64,1,,oracle_corrective,16,1.0,1.0,1.0,1.0,1.0
64,2,,question_only,12,1.0,1.0,1.0,1.0,1.0
64,2,,wrong_answer_conditioned,14,1.0,1.0,1.0,1.0,1.0
64,2,472,shuffled_wrong_answer_control,13,1.0,1.0,1.0,1.0,1.0
64,2,,oracle_corrective,16,1.0,1.0,1.0,1.0,1.0
64,3,,question_only,12,1.0,1.0,1.0,1.0,1.0
64,3,,wrong_answer_conditioned,13,1.0,1.0,1.0,1.0,1.0
64,3,192,shuffled_wrong_answer_control,13,1.0,1.0,1.0,1.0,1.0
64,3,,oracle_corrective,15,1.0,1.0,1.0,1.0,1.0
65,1,,question_only,8,1.0,1.0,1.0,1.0,1.0
65,1,,wrong_answer_conditioned,9,1.0,1.0,1.0,1.0,1.0
65,1,121,shuffled_wrong_answer_control,9,1.0,1.0,1.0,1.0,1.0
65,1,,oracle_corrective,11,1.0,1.0,1.0,1.0,1.0
65,2,,question_only,8,1.0,1.0,1.0,1.0,1.0
65,2,,wrong_answer_conditioned,9,1.0,1.0,1.0,1.0,1.0
65,2,181,shuffled_wrong_answer_control,9,1.0,1.0,1.0,1.0,1.0
65,2,,oracle_corrective,11,1.0,1.0,1.0,1.0,1.0
65,3,,question_only,8,1.0,1.0,1.0,1.0,1.0
65,3,,wrong_answer_conditioned,9,1.0,1.0,1.0,1.0,1.0
65,3,317,shuffled_wrong_answer_control,9,1.0,1.0,1.0,1.0,1.0
65,3,,oracle_corrective,11,1.0,1.0,1.0,1.0,1.0
66,1,,question_only,19,1.0,1.0,1.0,1.0,1.0
66,1,,wrong_answer_conditioned,20,1.0,1.0,1.0,1.0,1.0
66,1,661,shuffled_wrong_answer_control,20,1.0,1.0,1.0,1.0,1.0
66,1,,oracle_corrective,21,1.0,1.0,1.0,1.0,1.0
66,2,,question_only,19,1.0,1.0,1.0,1.0,1.0
66,2,,wrong_answer_conditioned,20,1.0,1.0,1.0,1.0,1.0
66,2,333,shuffled_wrong_answer_control,20,1.0,1.0,1.0,1.0,1.0
66,2,,oracle_corrective,21,1.0,1.0,1.0,1.0,1.0
66,3,,question_only,19,1.0,1.0,1.0,1.0,1.0
66,3,,wrong_answer_conditioned,20,1.0,1.0,1.0,1.0,1.0
66,3,466,shuffled_wrong_answer_control,20,1.0,1.0,1.0,1.0,1.0
66,3,,oracle_corrective,21,1.0,1.0,1.0,1.0,1.0
67,1,,question_only,13,1.0,1.0,1.0,1.0,1.0
67,1,,wrong_answer_conditioned,14,1.0,1.0,1.0,1.0,1.0
67,1,680,shuffled_wrong_answer_control,14,1.0,1.0,1.0,1.0,1.0
67,1,,oracle_corrective,15,1.0,1.0,1.0,1.0,1.0
67,2,,question_only,13,1.0,1.0,1.0,1.0,1.0
67,2,,wrong_answer_conditioned,14,1.0,1.0,1.0,1.0,1.0
67,2,39,shuffled_wrong_answer_control,15,1.0,1.0,1.0,1.0,1.0
67,2,,oracle_corrective,15,1.0,1.0,1.0,1.0,1.0
67,3,,question_only,13,1.0,1.0,1.0,1.0,1.0
67,3,,wrong_answer_conditioned,14,1.0,1.0,1.0,1.0,1.0
67,3,351,shuffled_wrong_answer_control,15,0.5,0.0,1.0,1.0,0.6309297535714575
67,3,,oracle_corrective,15,1.0,1.0,1.0,1.0,1.0
68,1,,question_only,12,0.5,0.0,1.0,1.0,0.6309297535714575
68,1,,wrong_answer_conditioned,14,1.0,1.0,1.0,1.0,1.0
68,1,593,shuffled_wrong_answer_control,13,0.5,0.0,1.0,1.0,0.6309297535714575
68,1,,oracle_corrective,16,1.0,1.0,1.0,1.0,1.0
68,2,,question_only,12,0.5,0.0,1.0,1.0,0.6309297535714575
68,2,,wrong_answer_conditioned,14,0.5,0.0,1.0,1.0,0.6309297535714575
68,2,231,shuffled_wrong_answer_control,15,0.5,0.0,1.0,1.0,0.6309297535714575
68,2,,oracle_corrective,16,1.0,1.0,1.0,1.0,1.0
68,3,,question_only,12,0.5,0.0,1.0,1.0,0.6309297535714575
68,3,,wrong_answer_conditioned,13,0.5,0.0,1.0,1.0,0.6309297535714575
68,3,64,shuffled_wrong_answer_control,13,0.5,0.0,1.0,1.0,0.6309297535714575
68,3,,oracle_corrective,15,1.0,1.0,1.0,1.0,1.0
69,1,,question_only,7,1.0,1.0,1.0,1.0,1.0
69,1,,wrong_answer_conditioned,8,1.0,1.0,1.0,1.0,1.0
69,1,25,shuffled_wrong_answer_control,9,1.0,1.0,1.0,1.0,1.0
69,1,,oracle_corrective,9,1.0,1.0,1.0,1.0,1.0
69,2,,question_only,7,1.0,1.0,1.0,1.0,1.0
69,2,,wrong_answer_conditioned,8,1.0,1.0,1.0,1.0,1.0
69,2,184,shuffled_wrong_answer_control,8,1.0,1.0,1.0,1.0,1.0
69,2,,oracle_corrective,9,1.0,1.0,1.0,1.0,1.0
69,3,,question_only,7,1.0,1.0,1.0,1.0,1.0
69,3,,wrong_answer_conditioned,8,1.0,1.0,1.0,1.0,1.0
69,3,657,shuffled_wrong_answer_control,9,1.0,1.0,1.0,1.0,1.0
69,3,,oracle_corrective,9,1.0,1.0,1.0,1.0,1.0
70,1,,question_only,13,1.0,1.0,1.0,1.0,1.0
70,1,,wrong_answer_conditioned,14,1.0,1.0,1.0,1.0,1.0
70,1,547,shuffled_wrong_answer_control,14,1.0,1.0,1.0,1.0,1.0
70,1,,oracle_corrective,15,1.0,1.0,1.0,1.0,1.0
70,2,,question_only,13,1.0,1.0,1.0,1.0,1.0
70,2,,wrong_answer_conditioned,15,1.0,1.0,1.0,1.0,1.0
70,2,433,shuffled_wrong_answer_control,14,1.0,1.0,1.0,1.0,1.0
70,2,,oracle_corrective,16,1.0,1.0,1.0,1.0,1.0
70,3,,question_only,13,1.0,1.0,1.0,1.0,1.0
70,3,,wrong_answer_conditioned,14,1.0,1.0,1.0,1.0,1.0
70,3,650,shuffled_wrong_answer_control,14,1.0,1.0,1.0,1.0,1.0
70,3,,oracle_corrective,15,1.0,1.0,1.0,1.0,1.0
71,1,,question_only,8,1.0,1.0,1.0,1.0,1.0
71,1,,wrong_answer_conditioned,9,1.0,1.0,1.0,1.0,1.0
71,1,168,shuffled_wrong_answer_control,9,1.0,1.0,1.0,1.0,1.0
71,1,,oracle_corrective,10,1.0,1.0,1.0,1.0,1.0
71,2,,question_only,8,1.0,1.0,1.0,1.0,1.0
71,2,,wrong_answer_conditioned,9,1.0,1.0,1.0,1.0,1.0
71,2,598,shuffled_wrong_answer_control,9,1.0,1.0,1.0,1.0,1.0
71,2,,oracle_corrective,10,1.0,1.0,1.0,1.0,1.0
71,3,,question_only,8,1.0,1.0,1.0,1.0,1.0
71,3,,wrong_answer_conditioned,9,0.5,0.0,1.0,1.0,0.6309297535714575
71,3,400,shuffled_wrong_answer_control,9,1.0,1.0,1.0,1.0,1.0
71,3,,oracle_corrective,10,1.0,1.0,1.0,1.0,1.0
72,1,,question_only,23,1.0,1.0,1.0,1.0,1.0
72,1,,wrong_answer_conditioned,24,1.0,1.0,1.0,1.0,1.0
72,1,123,shuffled_wrong_answer_control,24,1.0,1.0,1.0,1.0,1.0
72,1,,oracle_corrective,25,1.0,1.0,1.0,1.0,1.0
72,2,,question_only,23,1.0,1.0,1.0,1.0,1.0
72,2,,wrong_answer_conditioned,24,1.0,1.0,1.0,1.0,1.0
72,2,209,shuffled_wrong_answer_control,26,1.0,1.0,1.0,1.0,1.0
72,2,,oracle_corrective,25,1.0,1.0,1.0,1.0,1.0
72,3,,question_only,23,1.0,1.0,1.0,1.0,1.0
72,3,,wrong_answer_conditioned,24,1.0,1.0,1.0,1.0,1.0
72,3,107,shuffled_wrong_answer_control,24,1.0,1.0,1.0,1.0,1.0
72,3,,oracle_corrective,25,1.0,1.0,1.0,1.0,1.0
73,1,,question_only,17,1.0,1.0,1.0,1.0,1.0
73,1,,wrong_answer_conditioned,19,1.0,1.0,1.0,1.0,1.0
73,1,864,shuffled_wrong_answer_control,18,1.0,1.0,1.0,1.0,1.0
73,1,,oracle_corrective,21,1.0,1.0,1.0,1.0,1.0
73,2,,question_only,17,1.0,1.0,1.0,1.0,1.0
73,2,,wrong_answer_conditioned,19,1.0,1.0,1.0,1.0,1.0
73,2,173,shuffled_wrong_answer_control,19,1.0,1.0,1.0,1.0,1.0
73,2,,oracle_corrective,21,1.0,1.0,1.0,1.0,1.0
73,3,,question_only,17,1.0,1.0,1.0,1.0,1.0
73,3,,wrong_answer_conditioned,19,1.0,1.0,1.0,1.0,1.0
73,3,151,shuffled_wrong_answer_control,18,1.0,1.0,1.0,1.0,1.0
73,3,,oracle_corrective,21,1.0,1.0,1.0,1.0,1.0
74,1,,question_only,10,1.0,1.0,1.0,1.0,1.0
74,1,,wrong_answer_conditioned,11,1.0,1.0,1.0,1.0,1.0
74,1,393,shuffled_wrong_answer_control,13,1.0,1.0,1.0,1.0,1.0
74,1,,oracle_corrective,12,1.0,1.0,1.0,1.0,1.0
74,2,,question_only,10,1.0,1.0,1.0,1.0,1.0
74,2,,wrong_answer_conditioned,12,1.0,1.0,1.0,1.0,1.0
74,2,810,shuffled_wrong_answer_control,11,1.0,1.0,1.0,1.0,1.0
74,2,,oracle_corrective,13,1.0,1.0,1.0,1.0,1.0
74,3,,question_only,10,1.0,1.0,1.0,1.0,1.0
74,3,,wrong_answer_conditioned,11,1.0,1.0,1.0,1.0,1.0
74,3,184,shuffled_wrong_answer_control,11,1.0,1.0,1.0,1.0,1.0
74,3,,oracle_corrective,12,1.0,1.0,1.0,1.0,1.0
75,1,,question_only,16,1.0,1.0,1.0,1.0,1.0
75,1,,wrong_answer_conditioned,17,1.0,1.0,1.0,1.0,1.0
75,1,494,shuffled_wrong_answer_control,18,1.0,1.0,1.0,1.0,1.0
75,1,,oracle_corrective,19,1.0,1.0,1.0,1.0,1.0
75,2,,question_only,16,1.0,1.0,1.0,1.0,1.0
75,2,,wrong_answer_conditioned,17,1.0,1.0,1.0,1.0,1.0
75,2,745,shuffled_wrong_answer_control,17,1.0,1.0,1.0,1.0,1.0
75,2,,oracle_corrective,19,1.0,1.0,1.0,1.0,1.0
75,3,,question_only,16,1.0,1.0,1.0,1.0,1.0
75,3,,wrong_answer_conditioned,17,1.0,1.0,1.0,1.0,1.0
75,3,217,shuffled_wrong_answer_control,18,1.0,1.0,1.0,1.0,1.0
75,3,,oracle_corrective,19,1.0,1.0,1.0,1.0,1.0
76,1,,question_only,9,1.0,1.0,1.0,1.0,1.0
76,1,,wrong_answer_conditioned,10,1.0,1.0,1.0,1.0,1.0
76,1,115,shuffled_wrong_answer_control,11,1.0,1.0,1.0,1.0,1.0
76,1,,oracle_corrective,11,1.0,1.0,1.0,1.0,1.0
76,2,,question_only,9,1.0,1.0,1.0,1.0,1.0
76,2,,wrong_answer_conditioned,10,1.0,1.0,1.0,1.0,1.0
76,2,794,shuffled_wrong_answer_control,10,1.0,1.0,1.0,1.0,1.0
76,2,,oracle_corrective,11,1.0,1.0,1.0,1.0,1.0
76,3,,question_only,9,1.0,1.0,1.0,1.0,1.0
76,3,,wrong_answer_conditioned,10,1.0,1.0,1.0,1.0,1.0
76,3,549,shuffled_wrong_answer_control,10,1.0,1.0,1.0,1.0,1.0
76,3,,oracle_corrective,11,1.0,1.0,1.0,1.0,1.0
77,1,,question_only,14,1.0,1.0,1.0,1.0,1.0
77,1,,wrong_answer_conditioned,15,1.0,1.0,1.0,1.0,1.0
77,1,851,shuffled_wrong_answer_control,15,1.0,1.0,1.0,1.0,1.0
77,1,,oracle_corrective,16,1.0,1.0,1.0,1.0,1.0
77,2,,question_only,14,1.0,1.0,1.0,1.0,1.0
77,2,,wrong_answer_conditioned,15,1.0,1.0,1.0,1.0,1.0
77,2,494,shuffled_wrong_answer_control,16,1.0,1.0,1.0,1.0,1.0
77,2,,oracle_corrective,16,1.0,1.0,1.0,1.0,1.0
77,3,,question_only,14,1.0,1.0,1.0,1.0,1.0
77,3,,wrong_answer_conditioned,15,1.0,1.0,1.0,1.0,1.0
77,3,7,shuffled_wrong_answer_control,15,1.0,1.0,1.0,1.0,1.0
77,3,,oracle_corrective,16,1.0,1.0,1.0,1.0,1.0
78,1,,question_only,10,1.0,1.0,1.0,1.0,1.0
78,1,,wrong_answer_conditioned,11,1.0,1.0,1.0,1.0,1.0
78,1,154,shuffled_wrong_answer_control,12,1.0,1.0,1.0,1.0,1.0
78,1,,oracle_corrective,12,1.0,1.0,1.0,1.0,1.0
78,2,,question_only,10,1.0,1.0,1.0,1.0,1.0
78,2,,wrong_answer_conditioned,11,1.0,1.0,1.0,1.0,1.0
78,2,398,shuffled_wrong_answer_control,12,1.0,1.0,1.0,1.0,1.0
78,2,,oracle_corrective,12,1.0,1.0,1.0,1.0,1.0
78,3,,question_only,10,1.0,1.0,1.0,1.0,1.0
78,3,,wrong_answer_conditioned,11,1.0,1.0,1.0,1.0,1.0
78,3,548,shuffled_wrong_answer_control,11,1.0,1.0,1.0,1.0,1.0
78,3,,oracle_corrective,12,1.0,1.0,1.0,1.0,1.0
79,1,,question_only,12,1.0,1.0,1.0,1.0,1.0
79,1,,wrong_answer_conditioned,13,1.0,1.0,1.0,1.0,1.0
79,1,858,shuffled_wrong_answer_control,14,1.0,1.0,1.0,1.0,1.0
79,1,,oracle_corrective,14,1.0,1.0,1.0,1.0,1.0
79,2,,question_only,12,1.0,1.0,1.0,1.0,1.0
79,2,,wrong_answer_conditioned,13,1.0,1.0,1.0,1.0,1.0
79,2,501,shuffled_wrong_answer_control,13,1.0,1.0,1.0,1.0,1.0
79,2,,oracle_corrective,14,1.0,1.0,1.0,1.0,1.0
79,3,,question_only,12,1.0,1.0,1.0,1.0,1.0
79,3,,wrong_answer_conditioned,13,1.0,1.0,1.0,1.0,1.0
79,3,263,shuffled_wrong_answer_control,13,1.0,1.0,1.0,1.0,1.0
79,3,,oracle_corrective,14,1.0,1.0,1.0,1.0,1.0
80,1,,question_only,13,1.0,1.0,1.0,1.0,1.0
80,1,,wrong_answer_conditioned,14,1.0,1.0,1.0,1.0,1.0
80,1,870,shuffled_wrong_answer_control,14,1.0,1.0,1.0,1.0,1.0
80,1,,oracle_corrective,15,1.0,1.0,1.0,1.0,1.0
80,2,,question_only,13,1.0,1.0,1.0,1.0,1.0
80,2,,wrong_answer_conditioned,14,1.0,1.0,1.0,1.0,1.0
80,2,526,shuffled_wrong_answer_control,14,1.0,1.0,1.0,1.0,1.0
80,2,,oracle_corrective,15,1.0,1.0,1.0,1.0,1.0
80,3,,question_only,13,1.0,1.0,1.0,1.0,1.0
80,3,,wrong_answer_conditioned,14,1.0,1.0,1.0,1.0,1.0
80,3,597,shuffled_wrong_answer_control,14,1.0,1.0,1.0,1.0,1.0
80,3,,oracle_corrective,15,1.0,1.0,1.0,1.0,1.0
81,1,,question_only,7,1.0,1.0,1.0,1.0,1.0
81,1,,wrong_answer_conditioned,8,1.0,1.0,1.0,1.0,1.0
81,1,555,shuffled_wrong_answer_control,9,1.0,1.0,1.0,1.0,1.0
81,1,,oracle_corrective,9,1.0,1.0,1.0,1.0,1.0
81,2,,question_only,7,1.0,1.0,1.0,1.0,1.0
81,2,,wrong_answer_conditioned,8,0.5,0.0,1.0,1.0,0.6309297535714575
81,2,356,shuffled_wrong_answer_control,8,1.0,1.0,1.0,1.0,1.0
81,2,,oracle_corrective,9,1.0,1.0,1.0,1.0,1.0
81,3,,question_only,7,1.0,1.0,1.0,1.0,1.0
81,3,,wrong_answer_conditioned,8,1.0,1.0,1.0,1.0,1.0
81,3,490,shuffled_wrong_answer_control,10,1.0,1.0,1.0,1.0,1.0
81,3,,oracle_corrective,9,1.0,1.0,1.0,1.0,1.0
82,1,,question_only,14,1.0,1.0,1.0,1.0,1.0
82,1,,wrong_answer_conditioned,17,1.0,1.0,1.0,1.0,1.0
82,1,865,shuffled_wrong_answer_control,15,1.0,1.0,1.0,1.0,1.0
82,1,,oracle_corrective,20,1.0,1.0,1.0,1.0,1.0
82,2,,question_only,14,1.0,1.0,1.0,1.0,1.0
82,2,,wrong_answer_conditioned,17,1.0,1.0,1.0,1.0,1.0
82,2,60,shuffled_wrong_answer_control,17,1.0,1.0,1.0,1.0,1.0
82,2,,oracle_corrective,20,1.0,1.0,1.0,1.0,1.0
82,3,,question_only,14,1.0,1.0,1.0,1.0,1.0
82,3,,wrong_answer_conditioned,17,1.0,1.0,1.0,1.0,1.0
82,3,383,shuffled_wrong_answer_control,15,1.0,1.0,1.0,1.0,1.0
82,3,,oracle_corrective,20,1.0,1.0,1.0,1.0,1.0
83,1,,question_only,15,1.0,1.0,1.0,1.0,1.0
83,1,,wrong_answer_conditioned,16,1.0,1.0,1.0,1.0,1.0
83,1,458,shuffled_wrong_answer_control,16,1.0,1.0,1.0,1.0,1.0
83,1,,oracle_corrective,17,1.0,1.0,1.0,1.0,1.0
83,2,,question_only,15,1.0,1.0,1.0,1.0,1.0
83,2,,wrong_answer_conditioned,16,1.0,1.0,1.0,1.0,1.0
83,2,92,shuffled_wrong_answer_control,17,1.0,1.0,1.0,1.0,1.0
83,2,,oracle_corrective,17,1.0,1.0,1.0,1.0,1.0
83,3,,question_only,15,1.0,1.0,1.0,1.0,1.0
83,3,,wrong_answer_conditioned,16,1.0,1.0,1.0,1.0,1.0
83,3,60,shuffled_wrong_answer_control,16,1.0,1.0,1.0,1.0,1.0
83,3,,oracle_corrective,17,1.0,1.0,1.0,1.0,1.0
84,1,,question_only,8,1.0,1.0,1.0,1.0,1.0
84,1,,wrong_answer_conditioned,9,1.0,1.0,1.0,1.0,1.0
84,1,462,shuffled_wrong_answer_control,9,1.0,1.0,1.0,1.0,1.0
84,1,,oracle_corrective,10,1.0,1.0,1.0,1.0,1.0
84,2,,question_only,8,1.0,1.0,1.0,1.0,1.0
84,2,,wrong_answer_conditioned,9,1.0,1.0,1.0,1.0,1.0
84,2,497,shuffled_wrong_answer_control,10,1.0,1.0,1.0,1.0,1.0
84,2,,oracle_corrective,10,1.0,1.0,1.0,1.0,1.0
84,3,,question_only,8,1.0,1.0,1.0,1.0,1.0
84,3,,wrong_answer_conditioned,9,1.0,1.0,1.0,1.0,1.0
84,3,425,shuffled_wrong_answer_control,9,1.0,1.0,1.0,1.0,1.0
84,3,,oracle_corrective,10,1.0,1.0,1.0,1.0,1.0
85,1,,question_only,19,1.0,1.0,1.0,1.0,1.0
85,1,,wrong_answer_conditioned,21,1.0,1.0,1.0,1.0,1.0
85,1,526,shuffled_wrong_answer_control,20,1.0,1.0,1.0,1.0,1.0
85,1,,oracle_corrective,23,1.0,1.0,1.0,1.0,1.0
85,2,,question_only,19,1.0,1.0,1.0,1.0,1.0
85,2,,wrong_answer_conditioned,20,1.0,1.0,1.0,1.0,1.0
85,2,273,shuffled_wrong_answer_control,20,1.0,1.0,1.0,1.0,1.0
85,2,,oracle_corrective,22,1.0,1.0,1.0,1.0,1.0
85,3,,question_only,19,1.0,1.0,1.0,1.0,1.0
85,3,,wrong_answer_conditioned,21,1.0,1.0,1.0,1.0,1.0
85,3,869,shuffled_wrong_answer_control,20,1.0,1.0,1.0,1.0,1.0
85,3,,oracle_corrective,23,1.0,1.0,1.0,1.0,1.0
86,1,,question_only,10,1.0,1.0,1.0,1.0,1.0
86,1,,wrong_answer_conditioned,13,1.0,1.0,1.0,1.0,1.0
86,1,370,shuffled_wrong_answer_control,11,1.0,1.0,1.0,1.0,1.0
86,1,,oracle_corrective,16,1.0,1.0,1.0,1.0,1.0
86,2,,question_only,10,1.0,1.0,1.0,1.0,1.0
86,2,,wrong_answer_conditioned,13,1.0,1.0,1.0,1.0,1.0
86,2,176,shuffled_wrong_answer_control,13,1.0,1.0,1.0,1.0,1.0
86,2,,oracle_corrective,16,1.0,1.0,1.0,1.0,1.0
86,3,,question_only,10,1.0,1.0,1.0,1.0,1.0
86,3,,wrong_answer_conditioned,13,1.0,1.0,1.0,1.0,1.0
86,3,707,shuffled_wrong_answer_control,12,1.0,1.0,1.0,1.0,1.0
86,3,,oracle_corrective,16,1.0,1.0,1.0,1.0,1.0
87,1,,question_only,12,1.0,1.0,1.0,1.0,1.0
87,1,,wrong_answer_conditioned,13,1.0,1.0,1.0,1.0,1.0
87,1,544,shuffled_wrong_answer_control,13,1.0,1.0,1.0,1.0,1.0
87,1,,oracle_corrective,14,1.0,1.0,1.0,1.0,1.0
87,2,,question_only,12,1.0,1.0,1.0,1.0,1.0
87,2,,wrong_answer_conditioned,13,1.0,1.0,1.0,1.0,1.0
87,2,486,shuffled_wrong_answer_control,13,1.0,1.0,1.0,1.0,1.0
87,2,,oracle_corrective,14,1.0,1.0,1.0,1.0,1.0
87,3,,question_only,12,1.0,1.0,1.0,1.0,1.0
87,3,,wrong_answer_conditioned,13,1.0,1.0,1.0,1.0,1.0
87,3,516,shuffled_wrong_answer_control,13,1.0,1.0,1.0,1.0,1.0
87,3,,oracle_corrective,14,1.0,1.0,1.0,1.0,1.0
88,1,,question_only,11,1.0,1.0,1.0,1.0,1.0
88,1,,wrong_answer_conditioned,12,1.0,1.0,1.0,1.0,1.0
88,1,234,shuffled_wrong_answer_control,12,1.0,1.0,1.0,1.0,1.0
88,1,,oracle_corrective,13,1.0,1.0,1.0,1.0,1.0
88,2,,question_only,11,1.0,1.0,1.0,1.0,1.0
88,2,,wrong_answer_conditioned,12,1.0,1.0,1.0,1.0,1.0
88,2,615,shuffled_wrong_answer_control,12,1.0,1.0,1.0,1.0,1.0
88,2,,oracle_corrective,13,1.0,1.0,1.0,1.0,1.0
88,3,,question_only,11,1.0,1.0,1.0,1.0,1.0
88,3,,wrong_answer_conditioned,12,1.0,1.0,1.0,1.0,1.0
88,3,680,shuffled_wrong_answer_control,12,1.0,1.0,1.0,1.0,1.0
88,3,,oracle_corrective,13,1.0,1.0,1.0,1.0,1.0
89,1,,question_only,17,1.0,1.0,1.0,1.0,1.0
89,1,,wrong_answer_conditioned,18,1.0,1.0,1.0,1.0,1.0
89,1,536,shuffled_wrong_answer_control,18,1.0,1.0,1.0,1.0,1.0
89,1,,oracle_corrective,19,1.0,1.0,1.0,1.0,1.0
89,2,,question_only,17,1.0,1.0,1.0,1.0,1.0
89,2,,wrong_answer_conditioned,18,1.0,1.0,1.0,1.0,1.0
89,2,658,shuffled_wrong_answer_control,19,1.0,1.0,1.0,1.0,1.0
89,2,,oracle_corrective,19,1.0,1.0,1.0,1.0,1.0
89,3,,question_only,17,1.0,1.0,1.0,1.0,1.0
89,3,,wrong_answer_conditioned,18,1.0,1.0,1.0,1.0,1.0
89,3,207,shuffled_wrong_answer_control,18,1.0,1.0,1.0,1.0,1.0
89,3,,oracle_corrective,19,1.0,1.0,1.0,1.0,1.0
90,1,,question_only,12,1.0,1.0,1.0,1.0,1.0
90,1,,wrong_answer_conditioned,14,1.0,1.0,1.0,1.0,1.0
90,1,756,shuffled_wrong_answer_control,13,1.0,1.0,1.0,1.0,1.0
90,1,,oracle_corrective,16,1.0,1.0,1.0,1.0,1.0
90,2,,question_only,12,1.0,1.0,1.0,1.0,1.0
90,2,,wrong_answer_conditioned,14,1.0,1.0,1.0,1.0,1.0
90,2,755,shuffled_wrong_answer_control,15,1.0,1.0,1.0,1.0,1.0
90,2,,oracle_corrective,16,1.0,1.0,1.0,1.0,1.0
90,3,,question_only,12,1.0,1.0,1.0,1.0,1.0
90,3,,wrong_answer_conditioned,14,1.0,1.0,1.0,1.0,1.0
90,3,13,shuffled_wrong_answer_control,15,1.0,1.0,1.0,1.0,1.0
90,3,,oracle_corrective,16,1.0,1.0,1.0,1.0,1.0
91,1,,question_only,7,1.0,1.0,1.0,1.0,1.0
91,1,,wrong_answer_conditioned,8,1.0,1.0,1.0,1.0,1.0
91,1,833,shuffled_wrong_answer_control,9,1.0,1.0,1.0,1.0,1.0
91,1,,oracle_corrective,9,1.0,1.0,1.0,1.0,1.0
91,2,,question_only,7,1.0,1.0,1.0,1.0,1.0
91,2,,wrong_answer_conditioned,8,1.0,1.0,1.0,1.0,1.0
91,2,179,shuffled_wrong_answer_control,8,1.0,1.0,1.0,1.0,1.0
91,2,,oracle_corrective,9,1.0,1.0,1.0,1.0,1.0
91,3,,question_only,7,1.0,1.0,1.0,1.0,1.0
91,3,,wrong_answer_conditioned,8,1.0,1.0,1.0,1.0,1.0
91,3,720,shuffled_wrong_answer_control,9,1.0,1.0,1.0,1.0,1.0
91,3,,oracle_corrective,9,1.0,1.0,1.0,1.0,1.0
92,1,,question_only,12,1.0,1.0,1.0,1.0,1.0
92,1,,wrong_answer_conditioned,14,1.0,1.0,1.0,1.0,1.0
92,1,378,shuffled_wrong_answer_control,13,1.0,1.0,1.0,1.0,1.0
92,1,,oracle_corrective,16,1.0,1.0,1.0,1.0,1.0
92,2,,question_only,12,1.0,1.0,1.0,1.0,1.0
92,2,,wrong_answer_conditioned,14,1.0,1.0,1.0,1.0,1.0
92,2,210,shuffled_wrong_answer_control,13,1.0,1.0,1.0,1.0,1.0
92,2,,oracle_corrective,16,1.0,1.0,1.0,1.0,1.0
92,3,,question_only,12,1.0,1.0,1.0,1.0,1.0
92,3,,wrong_answer_conditioned,14,1.0,1.0,1.0,1.0,1.0
92,3,671,shuffled_wrong_answer_control,13,1.0,1.0,1.0,1.0,1.0
92,3,,oracle_corrective,16,1.0,1.0,1.0,1.0,1.0
93,1,,question_only,7,1.0,1.0,1.0,1.0,1.0
93,1,,wrong_answer_conditioned,8,0.5,0.0,1.0,1.0,0.6309297535714575
93,1,228,shuffled_wrong_answer_control,9,1.0,1.0,1.0,1.0,1.0
93,1,,oracle_corrective,9,1.0,1.0,1.0,1.0,1.0
93,2,,question_only,7,1.0,1.0,1.0,1.0,1.0
93,2,,wrong_answer_conditioned,8,1.0,1.0,1.0,1.0,1.0
93,2,122,shuffled_wrong_answer_control,8,1.0,1.0,1.0,1.0,1.0
93,2,,oracle_corrective,9,1.0,1.0,1.0,1.0,1.0
93,3,,question_only,7,1.0,1.0,1.0,1.0,1.0
93,3,,wrong_answer_conditioned,9,1.0,1.0,1.0,1.0,1.0
93,3,140,shuffled_wrong_answer_control,8,1.0,1.0,1.0,1.0,1.0
93,3,,oracle_corrective,10,1.0,1.0,1.0,1.0,1.0
94,1,,question_only,16,0.5,0.0,1.0,1.0,0.6309297535714575
94,1,,wrong_answer_conditioned,17,0.5,0.0,1.0,1.0,0.6309297535714575
94,1,61,shuffled_wrong_answer_control,19,0.5,0.0,1.0,1.0,0.6309297535714575
94,1,,oracle_corrective,18,0.5,0.0,1.0,1.0,0.6309297535714575
94,2,,question_only,16,0.5,0.0,1.0,1.0,0.6309297535714575
94,2,,wrong_answer_conditioned,17,0.5,0.0,1.0,1.0,0.6309297535714575
94,2,30,shuffled_wrong_answer_control,17,0.5,0.0,1.0,1.0,0.6309297535714575
94,2,,oracle_corrective,18,0.5,0.0,1.0,1.0,0.6309297535714575
94,3,,question_only,16,0.5,0.0,1.0,1.0,0.6309297535714575
94,3,,wrong_answer_conditioned,17,0.5,0.0,1.0,1.0,0.6309297535714575
94,3,120,shuffled_wrong_answer_control,19,1.0,1.0,1.0,1.0,1.0
94,3,,oracle_corrective,18,0.5,0.0,1.0,1.0,0.6309297535714575
95,1,,question_only,7,1.0,1.0,1.0,1.0,1.0
95,1,,wrong_answer_conditioned,8,1.0,1.0,1.0,1.0,1.0
95,1,615,shuffled_wrong_answer_control,8,1.0,1.0,1.0,1.0,1.0
95,1,,oracle_corrective,9,1.0,1.0,1.0,1.0,1.0
95,2,,question_only,7,1.0,1.0,1.0,1.0,1.0
95,2,,wrong_answer_conditioned,8,1.0,1.0,1.0,1.0,1.0
95,2,76,shuffled_wrong_answer_control,8,1.0,1.0,1.0,1.0,1.0
95,2,,oracle_corrective,9,1.0,1.0,1.0,1.0,1.0
95,3,,question_only,7,1.0,1.0,1.0,1.0,1.0
95,3,,wrong_answer_conditioned,8,1.0,1.0,1.0,1.0,1.0
95,3,73,shuffled_wrong_answer_control,9,1.0,1.0,1.0,1.0,1.0
95,3,,oracle_corrective,9,1.0,1.0,1.0,1.0,1.0
96,1,,question_only,16,1.0,1.0,1.0,1.0,1.0
96,1,,wrong_answer_conditioned,17,1.0,1.0,1.0,1.0,1.0
96,1,638,shuffled_wrong_answer_control,17,1.0,1.0,1.0,1.0,1.0
96,1,,oracle_corrective,18,1.0,1.0,1.0,1.0,1.0
96,2,,question_only,16,1.0,1.0,1.0,1.0,1.0
96,2,,wrong_answer_conditioned,17,1.0,1.0,1.0,1.0,1.0
96,2,43,shuffled_wrong_answer_control,17,1.0,1.0,1.0,1.0,1.0
96,2,,oracle_corrective,18,1.0,1.0,1.0,1.0,1.0
96,3,,question_only,16,1.0,1.0,1.0,1.0,1.0
96,3,,wrong_answer_conditioned,17,1.0,1.0,1.0,1.0,1.0
96,3,881,shuffled_wrong_answer_control,18,1.0,1.0,1.0,1.0,1.0
96,3,,oracle_corrective,18,0.5,0.0,1.0,1.0,0.6309297535714575
97,1,,question_only,7,1.0,1.0,1.0,1.0,1.0
97,1,,wrong_answer_conditioned,8,1.0,1.0,1.0,1.0,1.0
97,1,152,shuffled_wrong_answer_control,8,1.0,1.0,1.0,1.0,1.0
97,1,,oracle_corrective,9,1.0,1.0,1.0,1.0,1.0
97,2,,question_only,7,1.0,1.0,1.0,1.0,1.0
97,2,,wrong_answer_conditioned,8,1.0,1.0,1.0,1.0,1.0
97,2,773,shuffled_wrong_answer_control,8,1.0,1.0,1.0,1.0,1.0
97,2,,oracle_corrective,9,1.0,1.0,1.0,1.0,1.0
97,3,,question_only,7,1.0,1.0,1.0,1.0,1.0
97,3,,wrong_answer_conditioned,8,1.0,1.0,1.0,1.0,1.0
97,3,843,shuffled_wrong_answer_control,8,1.0,1.0,1.0,1.0,1.0
97,3,,oracle_corrective,9,1.0,1.0,1.0,1.0,1.0
98,1,,question_only,28,1.0,1.0,1.0,1.0,1.0
98,1,,wrong_answer_conditioned,30,1.0,1.0,1.0,1.0,1.0
98,1,287,shuffled_wrong_answer_control,29,1.0,1.0,1.0,1.0,1.0
98,1,,oracle_corrective,32,1.0,1.0,1.0,1.0,1.0
98,2,,question_only,28,1.0,1.0,1.0,1.0,1.0
98,2,,wrong_answer_conditioned,30,1.0,1.0,1.0,1.0,1.0
98,2,297,shuffled_wrong_answer_control,29,1.0,1.0,1.0,1.0,1.0
98,2,,oracle_corrective,32,1.0,1.0,1.0,1.0,1.0
98,3,,question_only,28,1.0,1.0,1.0,1.0,1.0
98,3,,wrong_answer_conditioned,30,1.0,1.0,1.0,1.0,1.0
98,3,5,shuffled_wrong_answer_control,30,1.0,1.0,1.0,1.0,1.0
98,3,,oracle_corrective,32,1.0,1.0,1.0,1.0,1.0
99,1,,question_only,16,1.0,1.0,1.0,1.0,1.0
99,1,,wrong_answer_conditioned,17,1.0,1.0,1.0,1.0,1.0
99,1,477,shuffled_wrong_answer_control,17,1.0,1.0,1.0,1.0,1.0
99,1,,oracle_corrective,18,1.0,1.0,1.0,1.0,1.0
99,2,,question_only,16,1.0,1.0,1.0,1.0,1.0
99,2,,wrong_answer_conditioned,17,1.0,1.0,1.0,1.0,1.0
99,2,128,shuffled_wrong_answer_control,17,1.0,1.0,1.0,1.0,1.0
99,2,,oracle_corrective,18,1.0,1.0,1.0,1.0,1.0
99,3,,question_only,16,1.0,1.0,1.0,1.0,1.0
99,3,,wrong_answer_conditioned,17,1.0,1.0,1.0,1.0,1.0
99,3,639,shuffled_wrong_answer_control,17,1.0,1.0,1.0,1.0,1.0
99,3,,oracle_corrective,18,1.0,1.0,1.0,1.0,1.0
100,1,,question_only,18,1.0,1.0,1.0,1.0,1.0
100,1,,wrong_answer_conditioned,19,1.0,1.0,1.0,1.0,1.0
100,1,24,shuffled_wrong_answer_control,21,1.0,1.0,1.0,1.0,1.0
100,1,,oracle_corrective,20,1.0,1.0,1.0,1.0,1.0
100,2,,question_only,18,1.0,1.0,1.0,1.0,1.0
100,2,,wrong_answer_conditioned,20,1.0,1.0,1.0,1.0,1.0
100,2,663,shuffled_wrong_answer_control,19,1.0,1.0,1.0,1.0,1.0
100,2,,oracle_corrective,21,1.0,1.0,1.0,1.0,1.0
100,3,,question_only,18,1.0,1.0,1.0,1.0,1.0
100,3,,wrong_answer_conditioned,19,1.0,1.0,1.0,1.0,1.0
100,3,467,shuffled_wrong_answer_control,19,1.0,1.0,1.0,1.0,1.0
100,3,,oracle_corrective,20,1.0,1.0,1.0,1.0,1.0
101,1,,question_only,11,1.0,1.0,1.0,1.0,1.0
101,1,,wrong_answer_conditioned,12,1.0,1.0,1.0,1.0,1.0
101,1,687,shuffled_wrong_answer_control,13,1.0,1.0,1.0,1.0,1.0
101,1,,oracle_corrective,13,1.0,1.0,1.0,1.0,1.0
101,2,,question_only,11,1.0,1.0,1.0,1.0,1.0
101,2,,wrong_answer_conditioned,12,1.0,1.0,1.0,1.0,1.0
101,2,574,shuffled_wrong_answer_control,12,1.0,1.0,1.0,1.0,1.0
101,2,,oracle_corrective,13,1.0,1.0,1.0,1.0,1.0
101,3,,question_only,11,1.0,1.0,1.0,1.0,1.0
101,3,,wrong_answer_conditioned,12,1.0,1.0,1.0,1.0,1.0
101,3,243,shuffled_wrong_answer_control,12,1.0,1.0,1.0,1.0,1.0
101,3,,oracle_corrective,13,1.0,1.0,1.0,1.0,1.0
102,1,,question_only,12,1.0,1.0,1.0,1.0,1.0
102,1,,wrong_answer_conditioned,14,1.0,1.0,1.0,1.0,1.0
102,1,356,shuffled_wrong_answer_control,13,1.0,1.0,1.0,1.0,1.0
102,1,,oracle_corrective,17,1.0,1.0,1.0,1.0,1.0
102,2,,question_only,12,1.0,1.0,1.0,1.0,1.0
102,2,,wrong_answer_conditioned,14,1.0,1.0,1.0,1.0,1.0
102,2,852,shuffled_wrong_answer_control,13,1.0,1.0,1.0,1.0,1.0
102,2,,oracle_corrective,17,1.0,1.0,1.0,1.0,1.0
102,3,,question_only,12,1.0,1.0,1.0,1.0,1.0
102,3,,wrong_answer_conditioned,15,1.0,1.0,1.0,1.0,1.0
102,3,435,shuffled_wrong_answer_control,14,1.0,1.0,1.0,1.0,1.0
102,3,,oracle_corrective,18,1.0,1.0,1.0,1.0,1.0
103,1,,question_only,9,1.0,1.0,1.0,1.0,1.0
103,1,,wrong_answer_conditioned,10,1.0,1.0,1.0,1.0,1.0
103,1,360,shuffled_wrong_answer_control,10,1.0,1.0,1.0,1.0,1.0
103,1,,oracle_corrective,11,1.0,1.0,1.0,1.0,1.0
103,2,,question_only,9,1.0,1.0,1.0,1.0,1.0
103,2,,wrong_answer_conditioned,10,1.0,1.0,1.0,1.0,1.0
103,2,125,shuffled_wrong_answer_control,10,1.0,1.0,1.0,1.0,1.0
103,2,,oracle_corrective,11,1.0,1.0,1.0,1.0,1.0
103,3,,question_only,9,1.0,1.0,1.0,1.0,1.0
103,3,,wrong_answer_conditioned,10,1.0,1.0,1.0,1.0,1.0
103,3,511,shuffled_wrong_answer_control,11,1.0,1.0,1.0,1.0,1.0
103,3,,oracle_corrective,11,1.0,1.0,1.0,1.0,1.0
104,1,,question_only,9,1.0,1.0,1.0,1.0,1.0
104,1,,wrong_answer_conditioned,11,1.0,1.0,1.0,1.0,1.0
104,1,144,shuffled_wrong_answer_control,12,1.0,1.0,1.0,1.0,1.0
104,1,,oracle_corrective,13,1.0,1.0,1.0,1.0,1.0
104,2,,question_only,9,1.0,1.0,1.0,1.0,1.0
104,2,,wrong_answer_conditioned,11,1.0,1.0,1.0,1.0,1.0
104,2,776,shuffled_wrong_answer_control,10,1.0,1.0,1.0,1.0,1.0
104,2,,oracle_corrective,13,1.0,1.0,1.0,1.0,1.0
104,3,,question_only,9,1.0,1.0,1.0,1.0,1.0
104,3,,wrong_answer_conditioned,11,1.0,1.0,1.0,1.0,1.0
104,3,542,shuffled_wrong_answer_control,10,1.0,1.0,1.0,1.0,1.0
104,3,,oracle_corrective,13,1.0,1.0,1.0,1.0,1.0
105,1,,question_only,12,1.0,1.0,1.0,1.0,1.0
105,1,,wrong_answer_conditioned,13,1.0,1.0,1.0,1.0,1.0
105,1,295,shuffled_wrong_answer_control,13,1.0,1.0,1.0,1.0,1.0
105,1,,oracle_corrective,14,1.0,1.0,1.0,1.0,1.0
105,2,,question_only,12,1.0,1.0,1.0,1.0,1.0
105,2,,wrong_answer_conditioned,14,1.0,1.0,1.0,1.0,1.0
105,2,293,shuffled_wrong_answer_control,13,1.0,1.0,1.0,1.0,1.0
105,2,,oracle_corrective,15,1.0,1.0,1.0,1.0,1.0
105,3,,question_only,12,1.0,1.0,1.0,1.0,1.0
105,3,,wrong_answer_conditioned,13,1.0,1.0,1.0,1.0,1.0
105,3,36,shuffled_wrong_answer_control,13,1.0,1.0,1.0,1.0,1.0
105,3,,oracle_corrective,14,1.0,1.0,1.0,1.0,1.0
106,1,,question_only,9,1.0,1.0,1.0,1.0,1.0
106,1,,wrong_answer_conditioned,10,1.0,1.0,1.0,1.0,1.0
106,1,13,shuffled_wrong_answer_control,12,1.0,1.0,1.0,1.0,1.0
106,1,,oracle_corrective,11,1.0,1.0,1.0,1.0,1.0
106,2,,question_only,9,1.0,1.0,1.0,1.0,1.0
106,2,,wrong_answer_conditioned,10,1.0,1.0,1.0,1.0,1.0
106,2,269,shuffled_wrong_answer_control,10,1.0,1.0,1.0,1.0,1.0
106,2,,oracle_corrective,11,1.0,1.0,1.0,1.0,1.0
106,3,,question_only,9,1.0,1.0,1.0,1.0,1.0
106,3,,wrong_answer_conditioned,10,1.0,1.0,1.0,1.0,1.0
106,3,2,shuffled_wrong_answer_control,10,1.0,1.0,1.0,1.0,1.0
106,3,,oracle_corrective,11,1.0,1.0,1.0,1.0,1.0
107,1,,question_only,16,1.0,1.0,1.0,1.0,1.0
107,1,,wrong_answer_conditioned,17,1.0,1.0,1.0,1.0,1.0
107,1,491,shuffled_wrong_answer_control,17,1.0,1.0,1.0,1.0,1.0
107,1,,oracle_corrective,18,1.0,1.0,1.0,1.0,1.0
107,2,,question_only,16,1.0,1.0,1.0,1.0,1.0
107,2,,wrong_answer_conditioned,17,1.0,1.0,1.0,1.0,1.0
107,2,814,shuffled_wrong_answer_control,18,1.0,1.0,1.0,1.0,1.0
107,2,,oracle_corrective,18,1.0,1.0,1.0,1.0,1.0
107,3,,question_only,16,1.0,1.0,1.0,1.0,1.0
107,3,,wrong_answer_conditioned,17,1.0,1.0,1.0,1.0,1.0
107,3,434,shuffled_wrong_answer_control,17,1.0,1.0,1.0,1.0,1.0
107,3,,oracle_corrective,18,1.0,1.0,1.0,1.0,1.0
108,1,,question_only,10,1.0,1.0,1.0,1.0,1.0
108,1,,wrong_answer_conditioned,11,1.0,1.0,1.0,1.0,1.0
108,1,32,shuffled_wrong_answer_control,11,1.0,1.0,1.0,1.0,1.0
108,1,,oracle_corrective,12,1.0,1.0,1.0,1.0,1.0
108,2,,question_only,10,1.0,1.0,1.0,1.0,1.0
108,2,,wrong_answer_conditioned,11,1.0,1.0,1.0,1.0,1.0
108,2,601,shuffled_wrong_answer_control,11,1.0,1.0,1.0,1.0,1.0
108,2,,oracle_corrective,12,1.0,1.0,1.0,1.0,1.0
108,3,,question_only,10,1.0,1.0,1.0,1.0,1.0
108,3,,wrong_answer_conditioned,11,1.0,1.0,1.0,1.0,1.0
108,3,232,shuffled_wrong_answer_control,11,1.0,1.0,1.0,1.0,1.0
108,3,,oracle_corrective,12,1.0,1.0,1.0,1.0,1.0
109,1,,question_only,12,1.0,1.0,1.0,1.0,1.0
109,1,,wrong_answer_conditioned,13,1.0,1.0,1.0,1.0,1.0
109,1,596,shuffled_wrong_answer_control,13,1.0,1.0,1.0,1.0,1.0
109,1,,oracle_corrective,14,1.0,1.0,1.0,1.0,1.0
109,2,,question_only,12,1.0,1.0,1.0,1.0,1.0
109,2,,wrong_answer_conditioned,13,1.0,1.0,1.0,1.0,1.0
109,2,850,shuffled_wrong_answer_control,13,1.0,1.0,1.0,1.0,1.0
109,2,,oracle_corrective,14,1.0,1.0,1.0,1.0,1.0
109,3,,question_only,12,1.0,1.0,1.0,1.0,1.0
109,3,,wrong_answer_conditioned,13,1.0,1.0,1.0,1.0,1.0
109,3,437,shuffled_wrong_answer_control,14,1.0,1.0,1.0,1.0,1.0
109,3,,oracle_corrective,14,1.0,1.0,1.0,1.0,1.0
110,1,,question_only,10,1.0,1.0,1.0,1.0,1.0
110,1,,wrong_answer_conditioned,11,1.0,1.0,1.0,1.0,1.0
110,1,734,shuffled_wrong_answer_control,13,1.0,1.0,1.0,1.0,1.0
110,1,,oracle_corrective,13,1.0,1.0,1.0,1.0,1.0
110,2,,question_only,10,1.0,1.0,1.0,1.0,1.0
110,2,,wrong_answer_conditioned,11,1.0,1.0,1.0,1.0,1.0
110,2,854,shuffled_wrong_answer_control,12,1.0,1.0,1.0,1.0,1.0
110,2,,oracle_corrective,13,1.0,1.0,1.0,1.0,1.0
110,3,,question_only,10,1.0,1.0,1.0,1.0,1.0
110,3,,wrong_answer_conditioned,12,1.0,1.0,1.0,1.0,1.0
110,3,804,shuffled_wrong_answer_control,11,1.0,1.0,1.0,1.0,1.0
110,3,,oracle_corrective,14,1.0,1.0,1.0,1.0,1.0
111,1,,question_only,6,1.0,1.0,1.0,1.0,1.0
111,1,,wrong_answer_conditioned,7,1.0,1.0,1.0,1.0,1.0
111,1,871,shuffled_wrong_answer_control,8,1.0,1.0,1.0,1.0,1.0
111,1,,oracle_corrective,8,1.0,1.0,1.0,1.0,1.0
111,2,,question_only,6,1.0,1.0,1.0,1.0,1.0
111,2,,wrong_answer_conditioned,7,1.0,1.0,1.0,1.0,1.0
111,2,879,shuffled_wrong_answer_control,9,1.0,1.0,1.0,1.0,1.0
111,2,,oracle_corrective,8,1.0,1.0,1.0,1.0,1.0
111,3,,question_only,6,1.0,1.0,1.0,1.0,1.0
111,3,,wrong_answer_conditioned,7,1.0,1.0,1.0,1.0,1.0
111,3,31,shuffled_wrong_answer_control,9,1.0,1.0,1.0,1.0,1.0
111,3,,oracle_corrective,8,1.0,1.0,1.0,1.0,1.0
112,1,,question_only,7,1.0,1.0,1.0,1.0,1.0
112,1,,wrong_answer_conditioned,9,1.0,1.0,1.0,1.0,1.0
112,1,56,shuffled_wrong_answer_control,9,1.0,1.0,1.0,1.0,1.0
112,1,,oracle_corrective,11,1.0,1.0,1.0,1.0,1.0
112,2,,question_only,7,1.0,1.0,1.0,1.0,1.0
112,2,,wrong_answer_conditioned,9,1.0,1.0,1.0,1.0,1.0
112,2,699,shuffled_wrong_answer_control,8,1.0,1.0,1.0,1.0,1.0
112,2,,oracle_corrective,11,1.0,1.0,1.0,1.0,1.0
112,3,,question_only,7,1.0,1.0,1.0,1.0,1.0
112,3,,wrong_answer_conditioned,9,1.0,1.0,1.0,1.0,1.0
112,3,427,shuffled_wrong_answer_control,9,1.0,1.0,1.0,1.0,1.0
112,3,,oracle_corrective,11,1.0,1.0,1.0,1.0,1.0
113,1,,question_only,11,1.0,1.0,1.0,1.0,1.0
113,1,,wrong_answer_conditioned,12,1.0,1.0,1.0,1.0,1.0
113,1,571,shuffled_wrong_answer_control,12,1.0,1.0,1.0,1.0,1.0
113,1,,oracle_corrective,13,1.0,1.0,1.0,1.0,1.0
113,2,,question_only,11,1.0,1.0,1.0,1.0,1.0
113,2,,wrong_answer_conditioned,12,1.0,1.0,1.0,1.0,1.0
113,2,508,shuffled_wrong_answer_control,13,1.0,1.0,1.0,1.0,1.0
113,2,,oracle_corrective,13,1.0,1.0,1.0,1.0,1.0
113,3,,question_only,11,1.0,1.0,1.0,1.0,1.0
113,3,,wrong_answer_conditioned,12,1.0,1.0,1.0,1.0,1.0
113,3,794,shuffled_wrong_answer_control,12,1.0,1.0,1.0,1.0,1.0
113,3,,oracle_corrective,13,1.0,1.0,1.0,1.0,1.0
114,1,,question_only,13,1.0,1.0,1.0,1.0,1.0
114,1,,wrong_answer_conditioned,14,1.0,1.0,1.0,1.0,1.0
114,1,579,shuffled_wrong_answer_control,14,1.0,1.0,1.0,1.0,1.0
114,1,,oracle_corrective,15,1.0,1.0,1.0,1.0,1.0
114,2,,question_only,13,1.0,1.0,1.0,1.0,1.0
114,2,,wrong_answer_conditioned,14,1.0,1.0,1.0,1.0,1.0
114,2,73,shuffled_wrong_answer_control,15,1.0,1.0,1.0,1.0,1.0
114,2,,oracle_corrective,15,1.0,1.0,1.0,1.0,1.0
114,3,,question_only,13,1.0,1.0,1.0,1.0,1.0
114,3,,wrong_answer_conditioned,14,1.0,1.0,1.0,1.0,1.0
114,3,453,shuffled_wrong_answer_control,14,1.0,1.0,1.0,1.0,1.0
114,3,,oracle_corrective,15,1.0,1.0,1.0,1.0,1.0
115,1,,question_only,19,1.0,1.0,1.0,1.0,1.0
115,1,,wrong_answer_conditioned,21,1.0,1.0,1.0,1.0,1.0
115,1,405,shuffled_wrong_answer_control,20,1.0,1.0,1.0,1.0,1.0
115,1,,oracle_corrective,22,1.0,1.0,1.0,1.0,1.0
115,2,,question_only,19,1.0,1.0,1.0,1.0,1.0
115,2,,wrong_answer_conditioned,20,1.0,1.0,1.0,1.0,1.0
115,2,544,shuffled_wrong_answer_control,22,1.0,1.0,1.0,1.0,1.0
115,2,,oracle_corrective,21,1.0,1.0,1.0,1.0,1.0
115,3,,question_only,19,1.0,1.0,1.0,1.0,1.0
115,3,,wrong_answer_conditioned,20,1.0,1.0,1.0,1.0,1.0
115,3,234,shuffled_wrong_answer_control,20,1.0,1.0,1.0,1.0,1.0
115,3,,oracle_corrective,21,1.0,1.0,1.0,1.0,1.0
116,1,,question_only,12,1.0,1.0,1.0,1.0,1.0
116,1,,wrong_answer_conditioned,14,1.0,1.0,1.0,1.0,1.0
116,1,855,shuffled_wrong_answer_control,13,1.0,1.0,1.0,1.0,1.0
116,1,,oracle_corrective,16,1.0,1.0,1.0,1.0,1.0
116,2,,question_only,12,1.0,1.0,1.0,1.0,1.0
116,2,,wrong_answer_conditioned,14,1.0,1.0,1.0,1.0,1.0
116,2,743,shuffled_wrong_answer_control,13,1.0,1.0,1.0,1.0,1.0
116,2,,oracle_corrective,16,1.0,1.0,1.0,1.0,1.0
116,3,,question_only,12,1.0,1.0,1.0,1.0,1.0
116,3,,wrong_answer_conditioned,14,1.0,1.0,1.0,1.0,1.0
116,3,737,shuffled_wrong_answer_control,13,1.0,1.0,1.0,1.0,1.0
116,3,,oracle_corrective,16,1.0,1.0,1.0,1.0,1.0
117,1,,question_only,8,1.0,1.0,1.0,1.0,1.0
117,1,,wrong_answer_conditioned,9,1.0,1.0,1.0,1.0,1.0
117,1,59,shuffled_wrong_answer_control,9,1.0,1.0,1.0,1.0,1.0
117,1,,oracle_corrective,10,1.0,1.0,1.0,1.0,1.0
117,2,,question_only,8,1.0,1.0,1.0,1.0,1.0
117,2,,wrong_answer_conditioned,9,1.0,1.0,1.0,1.0,1.0
117,2,16,shuffled_wrong_answer_control,10,1.0,1.0,1.0,1.0,1.0
117,2,,oracle_corrective,10,1.0,1.0,1.0,1.0,1.0
117,3,,question_only,8,1.0,1.0,1.0,1.0,1.0
117,3,,wrong_answer_conditioned,9,1.0,1.0,1.0,1.0,1.0
117,3,365,shuffled_wrong_answer_control,10,1.0,1.0,1.0,1.0,1.0
117,3,,oracle_corrective,10,1.0,1.0,1.0,1.0,1.0
118,1,,question_only,24,1.0,1.0,1.0,1.0,1.0
118,1,,wrong_answer_conditioned,25,1.0,1.0,1.0,1.0,1.0
118,1,674,shuffled_wrong_answer_control,25,1.0,1.0,1.0,1.0,1.0
118,1,,oracle_corrective,26,1.0,1.0,1.0,1.0,1.0
118,2,,question_only,24,1.0,1.0,1.0,1.0,1.0
118,2,,wrong_answer_conditioned,25,1.0,1.0,1.0,1.0,1.0
118,2,475,shuffled_wrong_answer_control,26,1.0,1.0,1.0,1.0,1.0
118,2,,oracle_corrective,26,1.0,1.0,1.0,1.0,1.0
118,3,,question_only,24,1.0,1.0,1.0,1.0,1.0
118,3,,wrong_answer_conditioned,25,1.0,1.0,1.0,1.0,1.0
118,3,512,shuffled_wrong_answer_control,25,1.0,1.0,1.0,1.0,1.0
118,3,,oracle_corrective,26,1.0,1.0,1.0,1.0,1.0
119,1,,question_only,12,1.0,1.0,1.0,1.0,1.0
119,1,,wrong_answer_conditioned,14,1.0,1.0,1.0,1.0,1.0
119,1,591,shuffled_wrong_answer_control,14,1.0,1.0,1.0,1.0,1.0
119,1,,oracle_corrective,16,1.0,1.0,1.0,1.0,1.0
119,2,,question_only,12,1.0,1.0,1.0,1.0,1.0
119,2,,wrong_answer_conditioned,14,1.0,1.0,1.0,1.0,1.0
119,2,715,shuffled_wrong_answer_control,13,1.0,1.0,1.0,1.0,1.0
119,2,,oracle_corrective,16,1.0,1.0,1.0,1.0,1.0
119,3,,question_only,12,1.0,1.0,1.0,1.0,1.0
119,3,,wrong_answer_conditioned,14,1.0,1.0,1.0,1.0,1.0
119,3,587,shuffled_wrong_answer_control,13,1.0,1.0,1.0,1.0,1.0
119,3,,oracle_corrective,16,1.0,1.0,1.0,1.0,1.0
120,1,,question_only,6,1.0,1.0,1.0,1.0,1.0
120,1,,wrong_answer_conditioned,8,1.0,1.0,1.0,1.0,1.0
120,1,872,shuffled_wrong_answer_control,7,1.0,1.0,1.0,1.0,1.0
120,1,,oracle_corrective,11,1.0,1.0,1.0,1.0,1.0
120,2,,question_only,6,1.0,1.0,1.0,1.0,1.0
120,2,,wrong_answer_conditioned,9,1.0,1.0,1.0,1.0,1.0
120,2,391,shuffled_wrong_answer_control,7,1.0,1.0,1.0,1.0,1.0
120,2,,oracle_corrective,12,1.0,1.0,1.0,1.0,1.0
120,3,,question_only,6,1.0,1.0,1.0,1.0,1.0
120,3,,wrong_answer_conditioned,9,1.0,1.0,1.0,1.0,1.0
120,3,314,shuffled_wrong_answer_control,7,1.0,1.0,1.0,1.0,1.0
120,3,,oracle_corrective,12,1.0,1.0,1.0,1.0,1.0
121,1,,question_only,10,1.0,1.0,1.0,1.0,1.0
121,1,,wrong_answer_conditioned,11,1.0,1.0,1.0,1.0,1.0
121,1,153,shuffled_wrong_answer_control,11,1.0,1.0,1.0,1.0,1.0
121,1,,oracle_corrective,12,1.0,1.0,1.0,1.0,1.0
121,2,,question_only,10,1.0,1.0,1.0,1.0,1.0
121,2,,wrong_answer_conditioned,11,1.0,1.0,1.0,1.0,1.0
121,2,117,shuffled_wrong_answer_control,11,1.0,1.0,1.0,1.0,1.0
121,2,,oracle_corrective,12,1.0,1.0,1.0,1.0,1.0
121,3,,question_only,10,1.0,1.0,1.0,1.0,1.0
121,3,,wrong_answer_conditioned,11,1.0,1.0,1.0,1.0,1.0
121,3,273,shuffled_wrong_answer_control,11,1.0,1.0,1.0,1.0,1.0
121,3,,oracle_corrective,12,1.0,1.0,1.0,1.0,1.0
122,1,,question_only,11,1.0,1.0,1.0,1.0,1.0
122,1,,wrong_answer_conditioned,12,1.0,1.0,1.0,1.0,1.0
122,1,95,shuffled_wrong_answer_control,12,1.0,1.0,1.0,1.0,1.0
122,1,,oracle_corrective,14,1.0,1.0,1.0,1.0,1.0
122,2,,question_only,11,1.0,1.0,1.0,1.0,1.0
122,2,,wrong_answer_conditioned,12,1.0,1.0,1.0,1.0,1.0
122,2,856,shuffled_wrong_answer_control,12,1.0,1.0,1.0,1.0,1.0
122,2,,oracle_corrective,14,0.5,0.0,1.0,1.0,0.6309297535714575
122,3,,question_only,11,1.0,1.0,1.0,1.0,1.0
122,3,,wrong_answer_conditioned,13,1.0,1.0,1.0,1.0,1.0
122,3,848,shuffled_wrong_answer_control,12,1.0,1.0,1.0,1.0,1.0
122,3,,oracle_corrective,15,1.0,1.0,1.0,1.0,1.0
123,1,,question_only,12,1.0,1.0,1.0,1.0,1.0
123,1,,wrong_answer_conditioned,13,1.0,1.0,1.0,1.0,1.0
123,1,369,shuffled_wrong_answer_control,13,1.0,1.0,1.0,1.0,1.0
123,1,,oracle_corrective,14,1.0,1.0,1.0,1.0,1.0
123,2,,question_only,12,1.0,1.0,1.0,1.0,1.0
123,2,,wrong_answer_conditioned,13,1.0,1.0,1.0,1.0,1.0
123,2,520,shuffled_wrong_answer_control,13,1.0,1.0,1.0,1.0,1.0
123,2,,oracle_corrective,14,1.0,1.0,1.0,1.0,1.0
123,3,,question_only,12,1.0,1.0,1.0,1.0,1.0
123,3,,wrong_answer_conditioned,13,1.0,1.0,1.0,1.0,1.0
123,3,747,shuffled_wrong_answer_control,14,1.0,1.0,1.0,1.0,1.0
123,3,,oracle_corrective,14,1.0,1.0,1.0,1.0,1.0
124,1,,question_only,23,1.0,1.0,1.0,1.0,1.0
124,1,,wrong_answer_conditioned,25,1.0,1.0,1.0,1.0,1.0
124,1,554,shuffled_wrong_answer_control,26,1.0,1.0,1.0,1.0,1.0
124,1,,oracle_corrective,27,1.0,1.0,1.0,1.0,1.0
124,2,,question_only,23,1.0,1.0,1.0,1.0,1.0
124,2,,wrong_answer_conditioned,24,1.0,1.0,1.0,1.0,1.0
124,2,664,shuffled_wrong_answer_control,24,1.0,1.0,1.0,1.0,1.0
124,2,,oracle_corrective,26,1.0,1.0,1.0,1.0,1.0
124,3,,question_only,23,1.0,1.0,1.0,1.0,1.0
124,3,,wrong_answer_conditioned,24,1.0,1.0,1.0,1.0,1.0
124,3,398,shuffled_wrong_answer_control,25,1.0,1.0,1.0,1.0,1.0
124,3,,oracle_corrective,26,1.0,1.0,1.0,1.0,1.0
125,1,,question_only,15,1.0,1.0,1.0,1.0,1.0
125,1,,wrong_answer_conditioned,16,1.0,1.0,1.0,1.0,1.0
125,1,60,shuffled_wrong_answer_control,16,1.0,1.0,1.0,1.0,1.0
125,1,,oracle_corrective,17,1.0,1.0,1.0,1.0,1.0
125,2,,question_only,15,1.0,1.0,1.0,1.0,1.0
125,2,,wrong_answer_conditioned,16,1.0,1.0,1.0,1.0,1.0
125,2,434,shuffled_wrong_answer_control,16,1.0,1.0,1.0,1.0,1.0
125,2,,oracle_corrective,17,1.0,1.0,1.0,1.0,1.0
125,3,,question_only,15,1.0,1.0,1.0,1.0,1.0
125,3,,wrong_answer_conditioned,16,1.0,1.0,1.0,1.0,1.0
125,3,310,shuffled_wrong_answer_control,16,1.0,1.0,1.0,1.0,1.0
125,3,,oracle_corrective,17,1.0,1.0,1.0,1.0,1.0
126,1,,question_only,10,1.0,1.0,1.0,1.0,1.0
126,1,,wrong_answer_conditioned,11,1.0,1.0,1.0,1.0,1.0
126,1,852,shuffled_wrong_answer_control,11,1.0,1.0,1.0,1.0,1.0
126,1,,oracle_corrective,13,1.0,1.0,1.0,1.0,1.0
126,2,,question_only,10,1.0,1.0,1.0,1.0,1.0
126,2,,wrong_answer_conditioned,12,1.0,1.0,1.0,1.0,1.0
126,2,319,shuffled_wrong_answer_control,13,1.0,1.0,1.0,1.0,1.0
126,2,,oracle_corrective,14,1.0,1.0,1.0,1.0,1.0
126,3,,question_only,10,1.0,1.0,1.0,1.0,1.0
126,3,,wrong_answer_conditioned,12,1.0,1.0,1.0,1.0,1.0
126,3,148,shuffled_wrong_answer_control,11,1.0,1.0,1.0,1.0,1.0
126,3,,oracle_corrective,14,1.0,1.0,1.0,1.0,1.0
127,1,,question_only,25,0.0,0.0,0.0,0.0,0.0
127,1,,wrong_answer_conditioned,27,0.0,0.0,0.0,0.0,0.0
127,1,302,shuffled_wrong_answer_control,27,0.0,0.0,0.0,0.0,0.0
127,1,,oracle_corrective,29,1.0,1.0,1.0,1.0,1.0
127,2,,question_only,25,0.0,0.0,0.0,0.0,0.0
127,2,,wrong_answer_conditioned,27,0.0,0.0,0.0,0.0,0.0
127,2,432,shuffled_wrong_answer_control,26,0.0,0.0,0.0,0.0,0.0
127,2,,oracle_corrective,29,1.0,1.0,1.0,1.0,1.0
127,3,,question_only,25,0.0,0.0,0.0,0.0,0.0
127,3,,wrong_answer_conditioned,27,1.0,1.0,1.0,1.0,1.0
127,3,729,shuffled_wrong_answer_control,26,0.0,0.0,0.0,0.0,0.0
127,3,,oracle_corrective,29,1.0,1.0,1.0,1.0,1.0
128,1,,question_only,6,1.0,1.0,1.0,1.0,1.0
128,1,,wrong_answer_conditioned,7,1.0,1.0,1.0,1.0,1.0
128,1,206,shuffled_wrong_answer_control,7,1.0,1.0,1.0,1.0,1.0
128,1,,oracle_corrective,8,1.0,1.0,1.0,1.0,1.0
128,2,,question_only,6,1.0,1.0,1.0,1.0,1.0
128,2,,wrong_answer_conditioned,7,1.0,1.0,1.0,1.0,1.0
128,2,547,shuffled_wrong_answer_control,7,1.0,1.0,1.0,1.0,1.0
128,2,,oracle_corrective,8,1.0,1.0,1.0,1.0,1.0
128,3,,question_only,6,1.0,1.0,1.0,1.0,1.0
128,3,,wrong_answer_conditioned,7,1.0,1.0,1.0,1.0,1.0
128,3,53,shuffled_wrong_answer_control,8,1.0,1.0,1.0,1.0,1.0
128,3,,oracle_corrective,8,1.0,1.0,1.0,1.0,1.0
129,1,,question_only,8,1.0,1.0,1.0,1.0,1.0
129,1,,wrong_answer_conditioned,9,1.0,1.0,1.0,1.0,1.0
129,1,623,shuffled_wrong_answer_control,9,1.0,1.0,1.0,1.0,1.0
129,1,,oracle_corrective,10,1.0,1.0,1.0,1.0,1.0
129,2,,question_only,8,1.0,1.0,1.0,1.0,1.0
129,2,,wrong_answer_conditioned,10,1.0,1.0,1.0,1.0,1.0
129,2,51,shuffled_wrong_answer_control,10,1.0,1.0,1.0,1.0,1.0
129,2,,oracle_corrective,11,1.0,1.0,1.0,1.0,1.0
129,3,,question_only,8,1.0,1.0,1.0,1.0,1.0
129,3,,wrong_answer_conditioned,9,1.0,1.0,1.0,1.0,1.0
129,3,283,shuffled_wrong_answer_control,9,1.0,1.0,1.0,1.0,1.0
129,3,,oracle_corrective,10,1.0,1.0,1.0,1.0,1.0
130,1,,question_only,8,1.0,1.0,1.0,1.0,1.0
130,1,,wrong_answer_conditioned,9,1.0,1.0,1.0,1.0,1.0
130,1,337,shuffled_wrong_answer_control,9,1.0,1.0,1.0,1.0,1.0
130,1,,oracle_corrective,10,1.0,1.0,1.0,1.0,1.0
130,2,,question_only,8,1.0,1.0,1.0,1.0,1.0
130,2,,wrong_answer_conditioned,9,1.0,1.0,1.0,1.0,1.0
130,2,308,shuffled_wrong_answer_control,9,1.0,1.0,1.0,1.0,1.0
130,2,,oracle_corrective,10,1.0,1.0,1.0,1.0,1.0
130,3,,question_only,8,1.0,1.0,1.0,1.0,1.0
130,3,,wrong_answer_conditioned,9,1.0,1.0,1.0,1.0,1.0
130,3,697,shuffled_wrong_answer_control,9,1.0,1.0,1.0,1.0,1.0
130,3,,oracle_corrective,10,1.0,1.0,1.0,1.0,1.0
131,1,,question_only,11,1.0,1.0,1.0,1.0,1.0
131,1,,wrong_answer_conditioned,13,1.0,1.0,1.0,1.0,1.0
131,1,708,shuffled_wrong_answer_control,12,1.0,1.0,1.0,1.0,1.0
131,1,,oracle_corrective,15,1.0,1.0,1.0,1.0,1.0
131,2,,question_only,11,1.0,1.0,1.0,1.0,1.0
131,2,,wrong_answer_conditioned,13,1.0,1.0,1.0,1.0,1.0
131,2,102,shuffled_wrong_answer_control,13,1.0,1.0,1.0,1.0,1.0
131,2,,oracle_corrective,15,1.0,1.0,1.0,1.0,1.0
131,3,,question_only,11,1.0,1.0,1.0,1.0,1.0
131,3,,wrong_answer_conditioned,13,1.0,1.0,1.0,1.0,1.0
131,3,114,shuffled_wrong_answer_control,12,1.0,1.0,1.0,1.0,1.0
131,3,,oracle_corrective,15,1.0,1.0,1.0,1.0,1.0
132,1,,question_only,14,1.0,1.0,1.0,1.0,1.0
132,1,,wrong_answer_conditioned,15,1.0,1.0,1.0,1.0,1.0
132,1,23,shuffled_wrong_answer_control,15,1.0,1.0,1.0,1.0,1.0
132,1,,oracle_corrective,16,1.0,1.0,1.0,1.0,1.0
132,2,,question_only,14,1.0,1.0,1.0,1.0,1.0
132,2,,wrong_answer_conditioned,15,1.0,1.0,1.0,1.0,1.0
132,2,47,shuffled_wrong_answer_control,15,1.0,1.0,1.0,1.0,1.0
132,2,,oracle_corrective,16,1.0,1.0,1.0,1.0,1.0
132,3,,question_only,14,1.0,1.0,1.0,1.0,1.0
132,3,,wrong_answer_conditioned,15,1.0,1.0,1.0,1.0,1.0
132,3,169,shuffled_wrong_answer_control,16,1.0,1.0,1.0,1.0,1.0
132,3,,oracle_corrective,16,1.0,1.0,1.0,1.0,1.0
133,1,,question_only,7,1.0,1.0,1.0,1.0,1.0
133,1,,wrong_answer_conditioned,8,1.0,1.0,1.0,1.0,1.0
133,1,357,shuffled_wrong_answer_control,9,1.0,1.0,1.0,1.0,1.0
133,1,,oracle_corrective,9,1.0,1.0,1.0,1.0,1.0
133,2,,question_only,7,1.0,1.0,1.0,1.0,1.0
133,2,,wrong_answer_conditioned,8,1.0,1.0,1.0,1.0,1.0
133,2,335,shuffled_wrong_answer_control,8,1.0,1.0,1.0,1.0,1.0
133,2,,oracle_corrective,9,1.0,1.0,1.0,1.0,1.0
133,3,,question_only,7,1.0,1.0,1.0,1.0,1.0
133,3,,wrong_answer_conditioned,8,1.0,1.0,1.0,1.0,1.0
133,3,406,shuffled_wrong_answer_control,8,1.0,1.0,1.0,1.0,1.0
133,3,,oracle_corrective,9,1.0,1.0,1.0,1.0,1.0
134,1,,question_only,8,1.0,1.0,1.0,1.0,1.0
134,1,,wrong_answer_conditioned,9,1.0,1.0,1.0,1.0,1.0
134,1,568,shuffled_wrong_answer_control,11,1.0,1.0,1.0,1.0,1.0
134,1,,oracle_corrective,10,1.0,1.0,1.0,1.0,1.0
134,2,,question_only,8,1.0,1.0,1.0,1.0,1.0
134,2,,wrong_answer_conditioned,9,1.0,1.0,1.0,1.0,1.0
134,2,17,shuffled_wrong_answer_control,9,1.0,1.0,1.0,1.0,1.0
134,2,,oracle_corrective,10,1.0,1.0,1.0,1.0,1.0
134,3,,question_only,8,1.0,1.0,1.0,1.0,1.0
134,3,,wrong_answer_conditioned,9,1.0,1.0,1.0,1.0,1.0
134,3,111,shuffled_wrong_answer_control,9,1.0,1.0,1.0,1.0,1.0
134,3,,oracle_corrective,10,1.0,1.0,1.0,1.0,1.0
135,1,,question_only,6,1.0,1.0,1.0,1.0,1.0
135,1,,wrong_answer_conditioned,8,0.5,0.0,1.0,1.0,0.6309297535714575
135,1,438,shuffled_wrong_answer_control,8,1.0,1.0,1.0,1.0,1.0
135,1,,oracle_corrective,10,1.0,1.0,1.0,1.0,1.0
135,2,,question_only,6,1.0,1.0,1.0,1.0,1.0
135,2,,wrong_answer_conditioned,8,1.0,1.0,1.0,1.0,1.0
135,2,878,shuffled_wrong_answer_control,7,1.0,1.0,1.0,1.0,1.0
135,2,,oracle_corrective,10,1.0,1.0,1.0,1.0,1.0
135,3,,question_only,6,1.0,1.0,1.0,1.0,1.0
135,3,,wrong_answer_conditioned,8,1.0,1.0,1.0,1.0,1.0
135,3,832,shuffled_wrong_answer_control,7,1.0,1.0,1.0,1.0,1.0
135,3,,oracle_corrective,10,1.0,1.0,1.0,1.0,1.0
136,1,,question_only,10,1.0,1.0,1.0,1.0,1.0
136,1,,wrong_answer_conditioned,11,1.0,1.0,1.0,1.0,1.0
136,1,76,shuffled_wrong_answer_control,11,1.0,1.0,1.0,1.0,1.0
136,1,,oracle_corrective,12,1.0,1.0,1.0,1.0,1.0
136,2,,question_only,10,1.0,1.0,1.0,1.0,1.0
136,2,,wrong_answer_conditioned,11,0.3333333333333333,0.0,1.0,1.0,0.5
136,2,107,shuffled_wrong_answer_control,11,1.0,1.0,1.0,1.0,1.0
136,2,,oracle_corrective,12,1.0,1.0,1.0,1.0,1.0
136,3,,question_only,10,1.0,1.0,1.0,1.0,1.0
136,3,,wrong_answer_conditioned,11,0.5,0.0,1.0,1.0,0.6309297535714575
136,3,251,shuffled_wrong_answer_control,12,1.0,1.0,1.0,1.0,1.0
136,3,,oracle_corrective,12,1.0,1.0,1.0,1.0,1.0
137,1,,question_only,14,1.0,1.0,1.0,1.0,1.0
137,1,,wrong_answer_conditioned,16,1.0,1.0,1.0,1.0,1.0
137,1,297,shuffled_wrong_answer_control,15,1.0,1.0,1.0,1.0,1.0
137,1,,oracle_corrective,18,1.0,1.0,1.0,1.0,1.0
137,2,,question_only,14,1.0,1.0,1.0,1.0,1.0
137,2,,wrong_answer_conditioned,16,1.0,1.0,1.0,1.0,1.0
137,2,192,shuffled_wrong_answer_control,15,1.0,1.0,1.0,1.0,1.0
137,2,,oracle_corrective,18,1.0,1.0,1.0,1.0,1.0
137,3,,question_only,14,1.0,1.0,1.0,1.0,1.0
137,3,,wrong_answer_conditioned,16,1.0,1.0,1.0,1.0,1.0
137,3,444,shuffled_wrong_answer_control,15,1.0,1.0,1.0,1.0,1.0
137,3,,oracle_corrective,18,1.0,1.0,1.0,1.0,1.0
138,1,,question_only,8,1.0,1.0,1.0,1.0,1.0
138,1,,wrong_answer_conditioned,11,1.0,1.0,1.0,1.0,1.0
138,1,605,shuffled_wrong_answer_control,10,1.0,1.0,1.0,1.0,1.0
138,1,,oracle_corrective,13,1.0,1.0,1.0,1.0,1.0
138,2,,question_only,8,1.0,1.0,1.0,1.0,1.0
138,2,,wrong_answer_conditioned,11,1.0,1.0,1.0,1.0,1.0
138,2,214,shuffled_wrong_answer_control,9,1.0,1.0,1.0,1.0,1.0
138,2,,oracle_corrective,13,1.0,1.0,1.0,1.0,1.0
138,3,,question_only,8,1.0,1.0,1.0,1.0,1.0
138,3,,wrong_answer_conditioned,10,1.0,1.0,1.0,1.0,1.0
138,3,645,shuffled_wrong_answer_control,9,1.0,1.0,1.0,1.0,1.0
138,3,,oracle_corrective,12,1.0,1.0,1.0,1.0,1.0
139,1,,question_only,11,1.0,1.0,1.0,1.0,1.0
139,1,,wrong_answer_conditioned,12,1.0,1.0,1.0,1.0,1.0
139,1,383,shuffled_wrong_answer_control,12,1.0,1.0,1.0,1.0,1.0
139,1,,oracle_corrective,13,1.0,1.0,1.0,1.0,1.0
139,2,,question_only,11,1.0,1.0,1.0,1.0,1.0
139,2,,wrong_answer_conditioned,12,1.0,1.0,1.0,1.0,1.0
139,2,651,shuffled_wrong_answer_control,12,1.0,1.0,1.0,1.0,1.0
139,2,,oracle_corrective,13,1.0,1.0,1.0,1.0,1.0
139,3,,question_only,11,1.0,1.0,1.0,1.0,1.0
139,3,,wrong_answer_conditioned,12,1.0,1.0,1.0,1.0,1.0
139,3,265,shuffled_wrong_answer_control,15,1.0,1.0,1.0,1.0,1.0
139,3,,oracle_corrective,13,1.0,1.0,1.0,1.0,1.0
140,1,,question_only,12,1.0,1.0,1.0,1.0,1.0
140,1,,wrong_answer_conditioned,13,1.0,1.0,1.0,1.0,1.0
140,1,556,shuffled_wrong_answer_control,13,1.0,1.0,1.0,1.0,1.0
140,1,,oracle_corrective,14,1.0,1.0,1.0,1.0,1.0
140,2,,question_only,12,1.0,1.0,1.0,1.0,1.0
140,2,,wrong_answer_conditioned,14,1.0,1.0,1.0,1.0,1.0
140,2,193,shuffled_wrong_answer_control,13,1.0,1.0,1.0,1.0,1.0
140,2,,oracle_corrective,15,1.0,1.0,1.0,1.0,1.0
140,3,,question_only,12,1.0,1.0,1.0,1.0,1.0
140,3,,wrong_answer_conditioned,13,1.0,1.0,1.0,1.0,1.0
140,3,659,shuffled_wrong_answer_control,13,1.0,1.0,1.0,1.0,1.0
140,3,,oracle_corrective,14,1.0,1.0,1.0,1.0,1.0
141,1,,question_only,9,0.2,0.0,0.0,1.0,0.38685280723454163
141,1,,wrong_answer_conditioned,10,0.0,0.0,0.0,0.0,0.0
141,1,459,shuffled_wrong_answer_control,10,0.0,0.0,0.0,0.0,0.0
141,1,,oracle_corrective,11,1.0,1.0,1.0,1.0,1.0
141,2,,question_only,9,0.2,0.0,0.0,1.0,0.38685280723454163
141,2,,wrong_answer_conditioned,10,0.2,0.0,0.0,1.0,0.38685280723454163
141,2,341,shuffled_wrong_answer_control,11,0.0,0.0,0.0,0.0,0.0
141,2,,oracle_corrective,11,1.0,1.0,1.0,1.0,1.0
141,3,,question_only,9,0.2,0.0,0.0,1.0,0.38685280723454163
141,3,,wrong_answer_conditioned,10,0.0,0.0,0.0,0.0,0.0
141,3,262,shuffled_wrong_answer_control,11,0.0,0.0,0.0,0.0,0.0
141,3,,oracle_corrective,11,1.0,1.0,1.0,1.0,1.0
142,1,,question_only,20,1.0,1.0,1.0,1.0,1.0
142,1,,wrong_answer_conditioned,21,1.0,1.0,1.0,1.0,1.0
142,1,73,shuffled_wrong_answer_control,22,1.0,1.0,1.0,1.0,1.0
142,1,,oracle_corrective,22,1.0,1.0,1.0,1.0,1.0
142,2,,question_only,20,1.0,1.0,1.0,1.0,1.0
142,2,,wrong_answer_conditioned,21,1.0,1.0,1.0,1.0,1.0
142,2,116,shuffled_wrong_answer_control,22,1.0,1.0,1.0,1.0,1.0
142,2,,oracle_corrective,22,1.0,1.0,1.0,1.0,1.0
142,3,,question_only,20,1.0,1.0,1.0,1.0,1.0
142,3,,wrong_answer_conditioned,21,1.0,1.0,1.0,1.0,1.0
142,3,464,shuffled_wrong_answer_control,21,1.0,1.0,1.0,1.0,1.0
142,3,,oracle_corrective,22,1.0,1.0,1.0,1.0,1.0
143,1,,question_only,8,1.0,1.0,1.0,1.0,1.0
143,1,,wrong_answer_conditioned,11,1.0,1.0,1.0,1.0,1.0
143,1,774,shuffled_wrong_answer_control,10,1.0,1.0,1.0,1.0,1.0
143,1,,oracle_corrective,14,1.0,1.0,1.0,1.0,1.0
143,2,,question_only,8,1.0,1.0,1.0,1.0,1.0
143,2,,wrong_answer_conditioned,11,1.0,1.0,1.0,1.0,1.0
143,2,392,shuffled_wrong_answer_control,9,1.0,1.0,1.0,1.0,1.0
143,2,,oracle_corrective,14,1.0,1.0,1.0,1.0,1.0
143,3,,question_only,8,1.0,1.0,1.0,1.0,1.0
143,3,,wrong_answer_conditioned,11,1.0,1.0,1.0,1.0,1.0
143,3,58,shuffled_wrong_answer_control,9,1.0,1.0,1.0,1.0,1.0
143,3,,oracle_corrective,14,1.0,1.0,1.0,1.0,1.0
144,1,,question_only,8,1.0,1.0,1.0,1.0,1.0
144,1,,wrong_answer_conditioned,11,1.0,1.0,1.0,1.0,1.0
144,1,834,shuffled_wrong_answer_control,9,1.0,1.0,1.0,1.0,1.0
144,1,,oracle_corrective,14,1.0,1.0,1.0,1.0,1.0
144,2,,question_only,8,1.0,1.0,1.0,1.0,1.0
144,2,,wrong_answer_conditioned,11,1.0,1.0,1.0,1.0,1.0
144,2,653,shuffled_wrong_answer_control,10,1.0,1.0,1.0,1.0,1.0
144,2,,oracle_corrective,14,1.0,1.0,1.0,1.0,1.0
144,3,,question_only,8,1.0,1.0,1.0,1.0,1.0
144,3,,wrong_answer_conditioned,11,1.0,1.0,1.0,1.0,1.0
144,3,622,shuffled_wrong_answer_control,10,1.0,1.0,1.0,1.0,1.0
144,3,,oracle_corrective,14,1.0,1.0,1.0,1.0,1.0
145,1,,question_only,14,1.0,1.0,1.0,1.0,1.0
145,1,,wrong_answer_conditioned,16,1.0,1.0,1.0,1.0,1.0
145,1,398,shuffled_wrong_answer_control,16,1.0,1.0,1.0,1.0,1.0
145,1,,oracle_corrective,18,1.0,1.0,1.0,1.0,1.0
145,2,,question_only,14,1.0,1.0,1.0,1.0,1.0
145,2,,wrong_answer_conditioned,16,1.0,1.0,1.0,1.0,1.0
145,2,673,shuffled_wrong_answer_control,15,1.0,1.0,1.0,1.0,1.0
145,2,,oracle_corrective,18,1.0,1.0,1.0,1.0,1.0
145,3,,question_only,14,1.0,1.0,1.0,1.0,1.0
145,3,,wrong_answer_conditioned,16,1.0,1.0,1.0,1.0,1.0
145,3,403,shuffled_wrong_answer_control,16,1.0,1.0,1.0,1.0,1.0
145,3,,oracle_corrective,18,1.0,1.0,1.0,1.0,1.0
146,1,,question_only,17,1.0,1.0,1.0,1.0,1.0
146,1,,wrong_answer_conditioned,20,1.0,1.0,1.0,1.0,1.0
146,1,310,shuffled_wrong_answer_control,18,1.0,1.0,1.0,1.0,1.0
146,1,,oracle_corrective,23,1.0,1.0,1.0,1.0,1.0
146,2,,question_only,17,1.0,1.0,1.0,1.0,1.0
146,2,,wrong_answer_conditioned,20,1.0,1.0,1.0,1.0,1.0
146,2,490,shuffled_wrong_answer_control,20,1.0,1.0,1.0,1.0,1.0
146,2,,oracle_corrective,23,1.0,1.0,1.0,1.0,1.0
146,3,,question_only,17,1.0,1.0,1.0,1.0,1.0
146,3,,wrong_answer_conditioned,20,1.0,1.0,1.0,1.0,1.0
146,3,299,shuffled_wrong_answer_control,19,1.0,1.0,1.0,1.0,1.0
146,3,,oracle_corrective,23,1.0,1.0,1.0,1.0,1.0
147,1,,question_only,20,1.0,1.0,1.0,1.0,1.0
147,1,,wrong_answer_conditioned,22,1.0,1.0,1.0,1.0,1.0
147,1,562,shuffled_wrong_answer_control,22,1.0,1.0,1.0,1.0,1.0
147,1,,oracle_corrective,24,1.0,1.0,1.0,1.0,1.0
147,2,,question_only,20,1.0,1.0,1.0,1.0,1.0
147,2,,wrong_answer_conditioned,22,1.0,1.0,1.0,1.0,1.0
147,2,430,shuffled_wrong_answer_control,21,1.0,1.0,1.0,1.0,1.0
147,2,,oracle_corrective,24,1.0,1.0,1.0,1.0,1.0
147,3,,question_only,20,1.0,1.0,1.0,1.0,1.0
147,3,,wrong_answer_conditioned,22,1.0,1.0,1.0,1.0,1.0
147,3,377,shuffled_wrong_answer_control,21,1.0,1.0,1.0,1.0,1.0
147,3,,oracle_corrective,24,1.0,1.0,1.0,1.0,1.0
148,1,,question_only,13,1.0,1.0,1.0,1.0,1.0
148,1,,wrong_answer_conditioned,14,1.0,1.0,1.0,1.0,1.0
148,1,167,shuffled_wrong_answer_control,14,1.0,1.0,1.0,1.0,1.0
148,1,,oracle_corrective,15,1.0,1.0,1.0,1.0,1.0
148,2,,question_only,13,1.0,1.0,1.0,1.0,1.0
148,2,,wrong_answer_conditioned,14,1.0,1.0,1.0,1.0,1.0
148,2,248,shuffled_wrong_answer_control,14,1.0,1.0,1.0,1.0,1.0
148,2,,oracle_corrective,15,1.0,1.0,1.0,1.0,1.0
148,3,,question_only,13,1.0,1.0,1.0,1.0,1.0
148,3,,wrong_answer_conditioned,14,1.0,1.0,1.0,1.0,1.0
148,3,866,shuffled_wrong_answer_control,16,1.0,1.0,1.0,1.0,1.0
148,3,,oracle_corrective,15,1.0,1.0,1.0,1.0,1.0
149,1,,question_only,31,1.0,1.0,1.0,1.0,1.0
149,1,,wrong_answer_conditioned,32,1.0,1.0,1.0,1.0,1.0
149,1,588,shuffled_wrong_answer_control,32,1.0,1.0,1.0,1.0,1.0
149,1,,oracle_corrective,33,1.0,1.0,1.0,1.0,1.0
149,2,,question_only,31,1.0,1.0,1.0,1.0,1.0
149,2,,wrong_answer_conditioned,32,1.0,1.0,1.0,1.0,1.0
149,2,570,shuffled_wrong_answer_control,34,1.0,1.0,1.0,1.0,1.0
149,2,,oracle_corrective,33,1.0,1.0,1.0,1.0,1.0
149,3,,question_only,31,1.0,1.0,1.0,1.0,1.0
149,3,,wrong_answer_conditioned,32,1.0,1.0,1.0,1.0,1.0
149,3,261,shuffled_wrong_answer_control,32,1.0,1.0,1.0,1.0,1.0
149,3,,oracle_corrective,33,1.0,1.0,1.0,1.0,1.0
150,1,,question_only,17,1.0,1.0,1.0,1.0,1.0
150,1,,wrong_answer_conditioned,18,1.0,1.0,1.0,1.0,1.0
150,1,658,shuffled_wrong_answer_control,19,1.0,1.0,1.0,1.0,1.0
150,1,,oracle_corrective,19,1.0,1.0,1.0,1.0,1.0
150,2,,question_only,17,1.0,1.0,1.0,1.0,1.0
150,2,,wrong_answer_conditioned,18,1.0,1.0,1.0,1.0,1.0
150,2,561,shuffled_wrong_answer_control,18,1.0,1.0,1.0,1.0,1.0
150,2,,oracle_corrective,19,1.0,1.0,1.0,1.0,1.0
150,3,,question_only,17,1.0,1.0,1.0,1.0,1.0
150,3,,wrong_answer_conditioned,18,1.0,1.0,1.0,1.0,1.0
150,3,605,shuffled_wrong_answer_control,19,1.0,1.0,1.0,1.0,1.0
150,3,,oracle_corrective,19,1.0,1.0,1.0,1.0,1.0
151,1,,question_only,19,1.0,1.0,1.0,1.0,1.0
151,1,,wrong_answer_conditioned,20,1.0,1.0,1.0,1.0,1.0
151,1,861,shuffled_wrong_answer_control,20,1.0,1.0,1.0,1.0,1.0
151,1,,oracle_corrective,21,1.0,1.0,1.0,1.0,1.0
151,2,,question_only,19,1.0,1.0,1.0,1.0,1.0
151,2,,wrong_answer_conditioned,20,1.0,1.0,1.0,1.0,1.0
151,2,206,shuffled_wrong_answer_control,20,1.0,1.0,1.0,1.0,1.0
151,2,,oracle_corrective,21,1.0,1.0,1.0,1.0,1.0
151,3,,question_only,19,1.0,1.0,1.0,1.0,1.0
151,3,,wrong_answer_conditioned,20,1.0,1.0,1.0,1.0,1.0
151,3,882,shuffled_wrong_answer_control,20,1.0,1.0,1.0,1.0,1.0
151,3,,oracle_corrective,21,1.0,1.0,1.0,1.0,1.0
152,1,,question_only,14,1.0,1.0,1.0,1.0,1.0
152,1,,wrong_answer_conditioned,15,1.0,1.0,1.0,1.0,1.0
152,1,816,shuffled_wrong_answer_control,15,1.0,1.0,1.0,1.0,1.0
152,1,,oracle_corrective,16,1.0,1.0,1.0,1.0,1.0
152,2,,question_only,14,1.0,1.0,1.0,1.0,1.0
152,2,,wrong_answer_conditioned,15,1.0,1.0,1.0,1.0,1.0
152,2,781,shuffled_wrong_answer_control,16,1.0,1.0,1.0,1.0,1.0
152,2,,oracle_corrective,16,1.0,1.0,1.0,1.0,1.0
152,3,,question_only,14,1.0,1.0,1.0,1.0,1.0
152,3,,wrong_answer_conditioned,15,1.0,1.0,1.0,1.0,1.0
152,3,777,shuffled_wrong_answer_control,15,1.0,1.0,1.0,1.0,1.0
152,3,,oracle_corrective,16,1.0,1.0,1.0,1.0,1.0
153,1,,question_only,35,0.0,0.0,0.0,0.0,0.0
153,1,,wrong_answer_conditioned,36,0.0,0.0,0.0,0.0,0.0
153,1,825,shuffled_wrong_answer_control,37,0.0,0.0,0.0,0.0,0.0
153,1,,oracle_corrective,38,0.0,0.0,0.0,0.0,0.0
153,2,,question_only,35,0.0,0.0,0.0,0.0,0.0
153,2,,wrong_answer_conditioned,36,0.0,0.0,0.0,0.0,0.0
153,2,266,shuffled_wrong_answer_control,36,0.0,0.0,0.0,0.0,0.0
153,2,,oracle_corrective,38,0.0,0.0,0.0,0.0,0.0
153,3,,question_only,35,0.0,0.0,0.0,0.0,0.0
153,3,,wrong_answer_conditioned,36,0.0,0.0,0.0,0.0,0.0
153,3,272,shuffled_wrong_answer_control,37,0.0,0.0,0.0,0.0,0.0
153,3,,oracle_corrective,38,0.0,0.0,0.0,0.0,0.0
154,1,,question_only,14,1.0,1.0,1.0,1.0,1.0
154,1,,wrong_answer_conditioned,16,1.0,1.0,1.0,1.0,1.0
154,1,471,shuffled_wrong_answer_control,15,1.0,1.0,1.0,1.0,1.0
154,1,,oracle_corrective,18,1.0,1.0,1.0,1.0,1.0
154,2,,question_only,14,1.0,1.0,1.0,1.0,1.0
154,2,,wrong_answer_conditioned,16,1.0,1.0,1.0,1.0,1.0
154,2,864,shuffled_wrong_answer_control,16,1.0,1.0,1.0,1.0,1.0
154,2,,oracle_corrective,18,1.0,1.0,1.0,1.0,1.0
154,3,,question_only,14,1.0,1.0,1.0,1.0,1.0
154,3,,wrong_answer_conditioned,16,1.0,1.0,1.0,1.0,1.0
154,3,448,shuffled_wrong_answer_control,15,1.0,1.0,1.0,1.0,1.0
154,3,,oracle_corrective,18,1.0,1.0,1.0,1.0,1.0
155,1,,question_only,18,1.0,1.0,1.0,1.0,1.0
155,1,,wrong_answer_conditioned,19,1.0,1.0,1.0,1.0,1.0
155,1,592,shuffled_wrong_answer_control,19,1.0,1.0,1.0,1.0,1.0
155,1,,oracle_corrective,20,1.0,1.0,1.0,1.0,1.0
155,2,,question_only,18,1.0,1.0,1.0,1.0,1.0
155,2,,wrong_answer_conditioned,19,1.0,1.0,1.0,1.0,1.0
155,2,588,shuffled_wrong_answer_control,19,1.0,1.0,1.0,1.0,1.0
155,2,,oracle_corrective,20,1.0,1.0,1.0,1.0,1.0
155,3,,question_only,18,1.0,1.0,1.0,1.0,1.0
155,3,,wrong_answer_conditioned,19,1.0,1.0,1.0,1.0,1.0
155,3,647,shuffled_wrong_answer_control,22,1.0,1.0,1.0,1.0,1.0
155,3,,oracle_corrective,20,1.0,1.0,1.0,1.0,1.0
156,1,,question_only,16,1.0,1.0,1.0,1.0,1.0
156,1,,wrong_answer_conditioned,18,1.0,1.0,1.0,1.0,1.0
156,1,826,shuffled_wrong_answer_control,17,1.0,1.0,1.0,1.0,1.0
156,1,,oracle_corrective,20,1.0,1.0,1.0,1.0,1.0
156,2,,question_only,16,1.0,1.0,1.0,1.0,1.0
156,2,,wrong_answer_conditioned,18,1.0,1.0,1.0,1.0,1.0
156,2,626,shuffled_wrong_answer_control,17,1.0,1.0,1.0,1.0,1.0
156,2,,oracle_corrective,20,1.0,1.0,1.0,1.0,1.0
156,3,,question_only,16,1.0,1.0,1.0,1.0,1.0
156,3,,wrong_answer_conditioned,18,1.0,1.0,1.0,1.0,1.0
156,3,209,shuffled_wrong_answer_control,19,1.0,1.0,1.0,1.0,1.0
156,3,,oracle_corrective,20,1.0,1.0,1.0,1.0,1.0
157,1,,question_only,19,1.0,1.0,1.0,1.0,1.0
157,1,,wrong_answer_conditioned,21,1.0,1.0,1.0,1.0,1.0
157,1,449,shuffled_wrong_answer_control,21,1.0,1.0,1.0,1.0,1.0
157,1,,oracle_corrective,22,1.0,1.0,1.0,1.0,1.0
157,2,,question_only,19,1.0,1.0,1.0,1.0,1.0
157,2,,wrong_answer_conditioned,20,1.0,1.0,1.0,1.0,1.0
157,2,359,shuffled_wrong_answer_control,21,1.0,1.0,1.0,1.0,1.0
157,2,,oracle_corrective,21,1.0,1.0,1.0,1.0,1.0
157,3,,question_only,19,1.0,1.0,1.0,1.0,1.0
157,3,,wrong_answer_conditioned,21,1.0,1.0,1.0,1.0,1.0
157,3,105,shuffled_wrong_answer_control,20,1.0,1.0,1.0,1.0,1.0
157,3,,oracle_corrective,22,1.0,1.0,1.0,1.0,1.0
158,1,,question_only,24,1.0,1.0,1.0,1.0,1.0
158,1,,wrong_answer_conditioned,25,1.0,1.0,1.0,1.0,1.0
158,1,463,shuffled_wrong_answer_control,25,1.0,1.0,1.0,1.0,1.0
158,1,,oracle_corrective,26,1.0,1.0,1.0,1.0,1.0
158,2,,question_only,24,1.0,1.0,1.0,1.0,1.0
158,2,,wrong_answer_conditioned,25,1.0,1.0,1.0,1.0,1.0
158,2,804,shuffled_wrong_answer_control,26,1.0,1.0,1.0,1.0,1.0
158,2,,oracle_corrective,26,1.0,1.0,1.0,1.0,1.0
158,3,,question_only,24,1.0,1.0,1.0,1.0,1.0
158,3,,wrong_answer_conditioned,25,1.0,1.0,1.0,1.0,1.0
158,3,358,shuffled_wrong_answer_control,26,1.0,1.0,1.0,1.0,1.0
158,3,,oracle_corrective,26,1.0,1.0,1.0,1.0,1.0
159,1,,question_only,19,1.0,1.0,1.0,1.0,1.0
159,1,,wrong_answer_conditioned,20,1.0,1.0,1.0,1.0,1.0
159,1,563,shuffled_wrong_answer_control,20,1.0,1.0,1.0,1.0,1.0
159,1,,oracle_corrective,21,1.0,1.0,1.0,1.0,1.0
159,2,,question_only,19,1.0,1.0,1.0,1.0,1.0
159,2,,wrong_answer_conditioned,20,1.0,1.0,1.0,1.0,1.0
159,2,154,shuffled_wrong_answer_control,21,1.0,1.0,1.0,1.0,1.0
159,2,,oracle_corrective,21,1.0,1.0,1.0,1.0,1.0
159,3,,question_only,19,1.0,1.0,1.0,1.0,1.0
159,3,,wrong_answer_conditioned,20,1.0,1.0,1.0,1.0,1.0
159,3,198,shuffled_wrong_answer_control,20,1.0,1.0,1.0,1.0,1.0
159,3,,oracle_corrective,21,1.0,1.0,1.0,1.0,1.0
160,1,,question_only,14,1.0,1.0,1.0,1.0,1.0
160,1,,wrong_answer_conditioned,15,1.0,1.0,1.0,1.0,1.0
160,1,190,shuffled_wrong_answer_control,15,1.0,1.0,1.0,1.0,1.0
160,1,,oracle_corrective,16,1.0,1.0,1.0,1.0,1.0
160,2,,question_only,14,1.0,1.0,1.0,1.0,1.0
160,2,,wrong_answer_conditioned,15,1.0,1.0,1.0,1.0,1.0
160,2,370,shuffled_wrong_answer_control,15,1.0,1.0,1.0,1.0,1.0
160,2,,oracle_corrective,16,1.0,1.0,1.0,1.0,1.0
160,3,,question_only,14,1.0,1.0,1.0,1.0,1.0
160,3,,wrong_answer_conditioned,15,1.0,1.0,1.0,1.0,1.0
160,3,449,shuffled_wrong_answer_control,16,1.0,1.0,1.0,1.0,1.0
160,3,,oracle_corrective,16,1.0,1.0,1.0,1.0,1.0
161,1,,question_only,15,1.0,1.0,1.0,1.0,1.0
161,1,,wrong_answer_conditioned,16,1.0,1.0,1.0,1.0,1.0
161,1,778,shuffled_wrong_answer_control,16,1.0,1.0,1.0,1.0,1.0
161,1,,oracle_corrective,17,1.0,1.0,1.0,1.0,1.0
161,2,,question_only,15,1.0,1.0,1.0,1.0,1.0
161,2,,wrong_answer_conditioned,16,1.0,1.0,1.0,1.0,1.0
161,2,265,shuffled_wrong_answer_control,19,1.0,1.0,1.0,1.0,1.0
161,2,,oracle_corrective,17,1.0,1.0,1.0,1.0,1.0
161,3,,question_only,15,1.0,1.0,1.0,1.0,1.0
161,3,,wrong_answer_conditioned,16,1.0,1.0,1.0,1.0,1.0
161,3,281,shuffled_wrong_answer_control,16,1.0,1.0,1.0,1.0,1.0
161,3,,oracle_corrective,17,1.0,1.0,1.0,1.0,1.0
162,1,,question_only,13,1.0,1.0,1.0,1.0,1.0
162,1,,wrong_answer_conditioned,15,1.0,1.0,1.0,1.0,1.0
162,1,71,shuffled_wrong_answer_control,14,1.0,1.0,1.0,1.0,1.0
162,1,,oracle_corrective,17,1.0,1.0,1.0,1.0,1.0
162,2,,question_only,13,1.0,1.0,1.0,1.0,1.0
162,2,,wrong_answer_conditioned,15,1.0,1.0,1.0,1.0,1.0
162,2,386,shuffled_wrong_answer_control,14,1.0,1.0,1.0,1.0,1.0
162,2,,oracle_corrective,17,1.0,1.0,1.0,1.0,1.0
162,3,,question_only,13,1.0,1.0,1.0,1.0,1.0
162,3,,wrong_answer_conditioned,15,1.0,1.0,1.0,1.0,1.0
162,3,143,shuffled_wrong_answer_control,16,1.0,1.0,1.0,1.0,1.0
162,3,,oracle_corrective,17,1.0,1.0,1.0,1.0,1.0
163,1,,question_only,9,0.5,0.0,1.0,1.0,0.6309297535714575
163,1,,wrong_answer_conditioned,11,0.25,0.0,0.0,1.0,0.43067655807339306
163,1,45,shuffled_wrong_answer_control,12,0.5,0.0,1.0,1.0,0.6309297535714575
163,1,,oracle_corrective,12,0.5,0.0,1.0,1.0,0.6309297535714575
163,2,,question_only,9,0.5,0.0,1.0,1.0,0.6309297535714575
163,2,,wrong_answer_conditioned,11,0.25,0.0,0.0,1.0,0.43067655807339306
163,2,78,shuffled_wrong_answer_control,10,0.5,0.0,1.0,1.0,0.6309297535714575
163,2,,oracle_corrective,12,0.5,0.0,1.0,1.0,0.6309297535714575
163,3,,question_only,9,0.5,0.0,1.0,1.0,0.6309297535714575
163,3,,wrong_answer_conditioned,10,0.5,0.0,1.0,1.0,0.6309297535714575
163,3,352,shuffled_wrong_answer_control,10,0.5,0.0,1.0,1.0,0.6309297535714575
163,3,,oracle_corrective,11,0.5,0.0,1.0,1.0,0.6309297535714575
164,1,,question_only,10,1.0,1.0,1.0,1.0,1.0
164,1,,wrong_answer_conditioned,11,1.0,1.0,1.0,1.0,1.0
164,1,712,shuffled_wrong_answer_control,12,1.0,1.0,1.0,1.0,1.0
164,1,,oracle_corrective,12,1.0,1.0,1.0,1.0,1.0
164,2,,question_only,10,1.0,1.0,1.0,1.0,1.0
164,2,,wrong_answer_conditioned,11,1.0,1.0,1.0,1.0,1.0
164,2,622,shuffled_wrong_answer_control,12,1.0,1.0,1.0,1.0,1.0
164,2,,oracle_corrective,12,1.0,1.0,1.0,1.0,1.0
164,3,,question_only,10,1.0,1.0,1.0,1.0,1.0
164,3,,wrong_answer_conditioned,11,1.0,1.0,1.0,1.0,1.0
164,3,297,shuffled_wrong_answer_control,11,1.0,1.0,1.0,1.0,1.0
164,3,,oracle_corrective,12,1.0,1.0,1.0,1.0,1.0
165,1,,question_only,10,1.0,1.0,1.0,1.0,1.0
165,1,,wrong_answer_conditioned,12,1.0,1.0,1.0,1.0,1.0
165,1,822,shuffled_wrong_answer_control,13,1.0,1.0,1.0,1.0,1.0
165,1,,oracle_corrective,14,1.0,1.0,1.0,1.0,1.0
165,2,,question_only,10,1.0,1.0,1.0,1.0,1.0
165,2,,wrong_answer_conditioned,12,1.0,1.0,1.0,1.0,1.0
165,2,789,shuffled_wrong_answer_control,11,1.0,1.0,1.0,1.0,1.0
165,2,,oracle_corrective,14,1.0,1.0,1.0,1.0,1.0
165,3,,question_only,10,1.0,1.0,1.0,1.0,1.0
165,3,,wrong_answer_conditioned,12,1.0,1.0,1.0,1.0,1.0
165,3,580,shuffled_wrong_answer_control,11,1.0,1.0,1.0,1.0,1.0
165,3,,oracle_corrective,14,1.0,1.0,1.0,1.0,1.0
166,1,,question_only,20,1.0,1.0,1.0,1.0,1.0
166,1,,wrong_answer_conditioned,21,1.0,1.0,1.0,1.0,1.0
166,1,733,shuffled_wrong_answer_control,25,1.0,1.0,1.0,1.0,1.0
166,1,,oracle_corrective,22,1.0,1.0,1.0,1.0,1.0
166,2,,question_only,20,1.0,1.0,1.0,1.0,1.0
166,2,,wrong_answer_conditioned,21,1.0,1.0,1.0,1.0,1.0
166,2,152,shuffled_wrong_answer_control,21,1.0,1.0,1.0,1.0,1.0
166,2,,oracle_corrective,22,1.0,1.0,1.0,1.0,1.0
166,3,,question_only,20,1.0,1.0,1.0,1.0,1.0
166,3,,wrong_answer_conditioned,21,1.0,1.0,1.0,1.0,1.0
166,3,267,shuffled_wrong_answer_control,21,1.0,1.0,1.0,1.0,1.0
166,3,,oracle_corrective,22,1.0,1.0,1.0,1.0,1.0
167,1,,question_only,8,1.0,1.0,1.0,1.0,1.0
167,1,,wrong_answer_conditioned,9,1.0,1.0,1.0,1.0,1.0
167,1,433,shuffled_wrong_answer_control,11,1.0,1.0,1.0,1.0,1.0
167,1,,oracle_corrective,10,1.0,1.0,1.0,1.0,1.0
167,2,,question_only,8,1.0,1.0,1.0,1.0,1.0
167,2,,wrong_answer_conditioned,9,1.0,1.0,1.0,1.0,1.0
167,2,261,shuffled_wrong_answer_control,9,1.0,1.0,1.0,1.0,1.0
167,2,,oracle_corrective,10,1.0,1.0,1.0,1.0,1.0
167,3,,question_only,8,1.0,1.0,1.0,1.0,1.0
167,3,,wrong_answer_conditioned,9,1.0,1.0,1.0,1.0,1.0
167,3,489,shuffled_wrong_answer_control,9,1.0,1.0,1.0,1.0,1.0
167,3,,oracle_corrective,10,1.0,1.0,1.0,1.0,1.0
168,1,,question_only,22,1.0,1.0,1.0,1.0,1.0
168,1,,wrong_answer_conditioned,23,1.0,1.0,1.0,1.0,1.0
168,1,504,shuffled_wrong_answer_control,23,1.0,1.0,1.0,1.0,1.0
168,1,,oracle_corrective,24,1.0,1.0,1.0,1.0,1.0
168,2,,question_only,22,1.0,1.0,1.0,1.0,1.0
168,2,,wrong_answer_conditioned,23,1.0,1.0,1.0,1.0,1.0
168,2,364,shuffled_wrong_answer_control,23,1.0,1.0,1.0,1.0,1.0
168,2,,oracle_corrective,24,1.0,1.0,1.0,1.0,1.0
168,3,,question_only,22,1.0,1.0,1.0,1.0,1.0
168,3,,wrong_answer_conditioned,23,1.0,1.0,1.0,1.0,1.0
168,3,57,shuffled_wrong_answer_control,23,1.0,1.0,1.0,1.0,1.0
168,3,,oracle_corrective,24,1.0,1.0,1.0,1.0,1.0
169,1,,question_only,14,1.0,1.0,1.0,1.0,1.0
169,1,,wrong_answer_conditioned,16,1.0,1.0,1.0,1.0,1.0
169,1,630,shuffled_wrong_answer_control,17,1.0,1.0,1.0,1.0,1.0
169,1,,oracle_corrective,18,1.0,1.0,1.0,1.0,1.0
169,2,,question_only,14,1.0,1.0,1.0,1.0,1.0
169,2,,wrong_answer_conditioned,16,1.0,1.0,1.0,1.0,1.0
169,2,332,shuffled_wrong_answer_control,15,1.0,1.0,1.0,1.0,1.0
169,2,,oracle_corrective,18,1.0,1.0,1.0,1.0,1.0
169,3,,question_only,14,1.0,1.0,1.0,1.0,1.0
169,3,,wrong_answer_conditioned,16,1.0,1.0,1.0,1.0,1.0
169,3,134,shuffled_wrong_answer_control,15,1.0,1.0,1.0,1.0,1.0
169,3,,oracle_corrective,18,1.0,1.0,1.0,1.0,1.0
170,1,,question_only,14,1.0,1.0,1.0,1.0,1.0
170,1,,wrong_answer_conditioned,16,1.0,1.0,1.0,1.0,1.0
170,1,730,shuffled_wrong_answer_control,16,1.0,1.0,1.0,1.0,1.0
170,1,,oracle_corrective,18,1.0,1.0,1.0,1.0,1.0
170,2,,question_only,14,1.0,1.0,1.0,1.0,1.0
170,2,,wrong_answer_conditioned,16,1.0,1.0,1.0,1.0,1.0
170,2,558,shuffled_wrong_answer_control,15,1.0,1.0,1.0,1.0,1.0
170,2,,oracle_corrective,18,1.0,1.0,1.0,1.0,1.0
170,3,,question_only,14,1.0,1.0,1.0,1.0,1.0
170,3,,wrong_answer_conditioned,16,1.0,1.0,1.0,1.0,1.0
170,3,321,shuffled_wrong_answer_control,15,1.0,1.0,1.0,1.0,1.0
170,3,,oracle_corrective,18,1.0,1.0,1.0,1.0,1.0
171,1,,question_only,6,1.0,1.0,1.0,1.0,1.0
171,1,,wrong_answer_conditioned,7,0.3333333333333333,0.0,1.0,1.0,0.5
171,1,133,shuffled_wrong_answer_control,7,1.0,1.0,1.0,1.0,1.0
171,1,,oracle_corrective,8,1.0,1.0,1.0,1.0,1.0
171,2,,question_only,6,1.0,1.0,1.0,1.0,1.0
171,2,,wrong_answer_conditioned,7,0.5,0.0,1.0,1.0,0.6309297535714575
171,2,46,shuffled_wrong_answer_control,7,1.0,1.0,1.0,1.0,1.0
171,2,,oracle_corrective,8,1.0,1.0,1.0,1.0,1.0
171,3,,question_only,6,1.0,1.0,1.0,1.0,1.0
171,3,,wrong_answer_conditioned,7,1.0,1.0,1.0,1.0,1.0
171,3,708,shuffled_wrong_answer_control,7,1.0,1.0,1.0,1.0,1.0
171,3,,oracle_corrective,8,1.0,1.0,1.0,1.0,1.0
172,1,,question_only,26,1.0,1.0,1.0,1.0,1.0
172,1,,wrong_answer_conditioned,28,1.0,1.0,1.0,1.0,1.0
172,1,91,shuffled_wrong_answer_control,27,1.0,1.0,1.0,1.0,1.0
172,1,,oracle_corrective,30,1.0,1.0,1.0,1.0,1.0
172,2,,question_only,26,1.0,1.0,1.0,1.0,1.0
172,2,,wrong_answer_conditioned,28,1.0,1.0,1.0,1.0,1.0
172,2,373,shuffled_wrong_answer_control,27,1.0,1.0,1.0,1.0,1.0
172,2,,oracle_corrective,30,1.0,1.0,1.0,1.0,1.0
172,3,,question_only,26,1.0,1.0,1.0,1.0,1.0
172,3,,wrong_answer_conditioned,28,1.0,1.0,1.0,1.0,1.0
172,3,483,shuffled_wrong_answer_control,27,1.0,1.0,1.0,1.0,1.0
172,3,,oracle_corrective,30,1.0,1.0,1.0,1.0,1.0
173,1,,question_only,17,1.0,1.0,1.0,1.0,1.0
173,1,,wrong_answer_conditioned,19,1.0,1.0,1.0,1.0,1.0
173,1,480,shuffled_wrong_answer_control,18,1.0,1.0,1.0,1.0,1.0
173,1,,oracle_corrective,20,1.0,1.0,1.0,1.0,1.0
173,2,,question_only,17,1.0,1.0,1.0,1.0,1.0
173,2,,wrong_answer_conditioned,19,1.0,1.0,1.0,1.0,1.0
173,2,586,shuffled_wrong_answer_control,18,1.0,1.0,1.0,1.0,1.0
173,2,,oracle_corrective,20,1.0,1.0,1.0,1.0,1.0
173,3,,question_only,17,1.0,1.0,1.0,1.0,1.0
173,3,,wrong_answer_conditioned,18,1.0,1.0,1.0,1.0,1.0
173,3,210,shuffled_wrong_answer_control,18,1.0,1.0,1.0,1.0,1.0
173,3,,oracle_corrective,19,1.0,1.0,1.0,1.0,1.0
174,1,,question_only,41,1.0,1.0,1.0,1.0,1.0
174,1,,wrong_answer_conditioned,43,1.0,1.0,1.0,1.0,1.0
174,1,572,shuffled_wrong_answer_control,42,1.0,1.0,1.0,1.0,1.0
174,1,,oracle_corrective,45,1.0,1.0,1.0,1.0,1.0
174,2,,question_only,41,1.0,1.0,1.0,1.0,1.0
174,2,,wrong_answer_conditioned,43,1.0,1.0,1.0,1.0,1.0
174,2,632,shuffled_wrong_answer_control,42,1.0,1.0,1.0,1.0,1.0
174,2,,oracle_corrective,45,1.0,1.0,1.0,1.0,1.0
174,3,,question_only,41,1.0,1.0,1.0,1.0,1.0
174,3,,wrong_answer_conditioned,43,1.0,1.0,1.0,1.0,1.0
174,3,525,shuffled_wrong_answer_control,42,1.0,1.0,1.0,1.0,1.0
174,3,,oracle_corrective,45,1.0,1.0,1.0,1.0,1.0
175,1,,question_only,21,1.0,1.0,1.0,1.0,1.0
175,1,,wrong_answer_conditioned,22,1.0,1.0,1.0,1.0,1.0
175,1,344,shuffled_wrong_answer_control,22,1.0,1.0,1.0,1.0,1.0
175,1,,oracle_corrective,23,1.0,1.0,1.0,1.0,1.0
175,2,,question_only,21,1.0,1.0,1.0,1.0,1.0
175,2,,wrong_answer_conditioned,23,1.0,1.0,1.0,1.0,1.0
175,2,159,shuffled_wrong_answer_control,22,1.0,1.0,1.0,1.0,1.0
175,2,,oracle_corrective,24,1.0,1.0,1.0,1.0,1.0
175,3,,question_only,21,1.0,1.0,1.0,1.0,1.0
175,3,,wrong_answer_conditioned,22,1.0,1.0,1.0,1.0,1.0
175,3,724,shuffled_wrong_answer_control,24,1.0,1.0,1.0,1.0,1.0
175,3,,oracle_corrective,23,1.0,1.0,1.0,1.0,1.0
176,1,,question_only,25,1.0,1.0,1.0,1.0,1.0
176,1,,wrong_answer_conditioned,28,1.0,1.0,1.0,1.0,1.0
176,1,271,shuffled_wrong_answer_control,26,1.0,1.0,1.0,1.0,1.0
176,1,,oracle_corrective,31,1.0,1.0,1.0,1.0,1.0
176,2,,question_only,25,1.0,1.0,1.0,1.0,1.0
176,2,,wrong_answer_conditioned,28,1.0,1.0,1.0,1.0,1.0
176,2,242,shuffled_wrong_answer_control,26,1.0,1.0,1.0,1.0,1.0
176,2,,oracle_corrective,31,1.0,1.0,1.0,1.0,1.0
176,3,,question_only,25,1.0,1.0,1.0,1.0,1.0
176,3,,wrong_answer_conditioned,28,1.0,1.0,1.0,1.0,1.0
176,3,405,shuffled_wrong_answer_control,26,1.0,1.0,1.0,1.0,1.0
176,3,,oracle_corrective,31,1.0,1.0,1.0,1.0,1.0
177,1,,question_only,11,1.0,1.0,1.0,1.0,1.0
177,1,,wrong_answer_conditioned,12,1.0,1.0,1.0,1.0,1.0
177,1,722,shuffled_wrong_answer_control,13,1.0,1.0,1.0,1.0,1.0
177,1,,oracle_corrective,13,1.0,1.0,1.0,1.0,1.0
177,2,,question_only,11,1.0,1.0,1.0,1.0,1.0
177,2,,wrong_answer_conditioned,13,1.0,1.0,1.0,1.0,1.0
177,2,638,shuffled_wrong_answer_control,12,1.0,1.0,1.0,1.0,1.0
177,2,,oracle_corrective,14,1.0,1.0,1.0,1.0,1.0
177,3,,question_only,11,1.0,1.0,1.0,1.0,1.0
177,3,,wrong_answer_conditioned,12,1.0,1.0,1.0,1.0,1.0
177,3,565,shuffled_wrong_answer_control,12,1.0,1.0,1.0,1.0,1.0
177,3,,oracle_corrective,13,1.0,1.0,1.0,1.0,1.0
178,1,,question_only,14,1.0,1.0,1.0,1.0,1.0
178,1,,wrong_answer_conditioned,15,1.0,1.0,1.0,1.0,1.0
178,1,695,shuffled_wrong_answer_control,15,1.0,1.0,1.0,1.0,1.0
178,1,,oracle_corrective,16,1.0,1.0,1.0,1.0,1.0
178,2,,question_only,14,1.0,1.0,1.0,1.0,1.0
178,2,,wrong_answer_conditioned,15,1.0,1.0,1.0,1.0,1.0
178,2,829,shuffled_wrong_answer_control,16,1.0,1.0,1.0,1.0,1.0
178,2,,oracle_corrective,16,1.0,1.0,1.0,1.0,1.0
178,3,,question_only,14,1.0,1.0,1.0,1.0,1.0
178,3,,wrong_answer_conditioned,15,1.0,1.0,1.0,1.0,1.0
178,3,640,shuffled_wrong_answer_control,15,1.0,1.0,1.0,1.0,1.0
178,3,,oracle_corrective,16,1.0,1.0,1.0,1.0,1.0
179,1,,question_only,7,1.0,1.0,1.0,1.0,1.0
179,1,,wrong_answer_conditioned,8,1.0,1.0,1.0,1.0,1.0
179,1,788,shuffled_wrong_answer_control,8,1.0,1.0,1.0,1.0,1.0
179,1,,oracle_corrective,9,1.0,1.0,1.0,1.0,1.0
179,2,,question_only,7,1.0,1.0,1.0,1.0,1.0
179,2,,wrong_answer_conditioned,8,1.0,1.0,1.0,1.0,1.0
179,2,410,shuffled_wrong_answer_control,10,1.0,1.0,1.0,1.0,1.0
179,2,,oracle_corrective,9,1.0,1.0,1.0,1.0,1.0
179,3,,question_only,7,1.0,1.0,1.0,1.0,1.0
179,3,,wrong_answer_conditioned,8,1.0,1.0,1.0,1.0,1.0
179,3,256,shuffled_wrong_answer_control,8,1.0,1.0,1.0,1.0,1.0
179,3,,oracle_corrective,9,1.0,1.0,1.0,1.0,1.0
180,1,,question_only,19,1.0,1.0,1.0,1.0,1.0
180,1,,wrong_answer_conditioned,20,1.0,1.0,1.0,1.0,1.0
180,1,580,shuffled_wrong_answer_control,20,1.0,1.0,1.0,1.0,1.0
180,1,,oracle_corrective,21,1.0,1.0,1.0,1.0,1.0
180,2,,question_only,19,1.0,1.0,1.0,1.0,1.0
180,2,,wrong_answer_conditioned,20,1.0,1.0,1.0,1.0,1.0
180,2,528,shuffled_wrong_answer_control,20,1.0,1.0,1.0,1.0,1.0
180,2,,oracle_corrective,21,1.0,1.0,1.0,1.0,1.0
180,3,,question_only,19,1.0,1.0,1.0,1.0,1.0
180,3,,wrong_answer_conditioned,20,1.0,1.0,1.0,1.0,1.0
180,3,394,shuffled_wrong_answer_control,20,1.0,1.0,1.0,1.0,1.0
180,3,,oracle_corrective,21,1.0,1.0,1.0,1.0,1.0
181,1,,question_only,8,1.0,1.0,1.0,1.0,1.0
181,1,,wrong_answer_conditioned,9,1.0,1.0,1.0,1.0,1.0
181,1,281,shuffled_wrong_answer_control,9,1.0,1.0,1.0,1.0,1.0
181,1,,oracle_corrective,10,1.0,1.0,1.0,1.0,1.0
181,2,,question_only,8,1.0,1.0,1.0,1.0,1.0
181,2,,wrong_answer_conditioned,9,1.0,1.0,1.0,1.0,1.0
181,2,853,shuffled_wrong_answer_control,9,1.0,1.0,1.0,1.0,1.0
181,2,,oracle_corrective,10,1.0,1.0,1.0,1.0,1.0
181,3,,question_only,8,1.0,1.0,1.0,1.0,1.0
181,3,,wrong_answer_conditioned,9,1.0,1.0,1.0,1.0,1.0
181,3,166,shuffled_wrong_answer_control,9,1.0,1.0,1.0,1.0,1.0
181,3,,oracle_corrective,10,1.0,1.0,1.0,1.0,1.0
182,1,,question_only,13,1.0,1.0,1.0,1.0,1.0
182,1,,wrong_answer_conditioned,16,1.0,1.0,1.0,1.0,1.0
182,1,117,shuffled_wrong_answer_control,14,1.0,1.0,1.0,1.0,1.0
182,1,,oracle_corrective,19,1.0,1.0,1.0,1.0,1.0
182,2,,question_only,13,1.0,1.0,1.0,1.0,1.0
182,2,,wrong_answer_conditioned,16,1.0,1.0,1.0,1.0,1.0
182,2,420,shuffled_wrong_answer_control,16,1.0,1.0,1.0,1.0,1.0
182,2,,oracle_corrective,19,1.0,1.0,1.0,1.0,1.0
182,3,,question_only,13,1.0,1.0,1.0,1.0,1.0
182,3,,wrong_answer_conditioned,16,1.0,1.0,1.0,1.0,1.0
182,3,839,shuffled_wrong_answer_control,15,1.0,1.0,1.0,1.0,1.0
182,3,,oracle_corrective,19,1.0,1.0,1.0,1.0,1.0
183,1,,question_only,13,1.0,1.0,1.0,1.0,1.0
183,1,,wrong_answer_conditioned,16,1.0,1.0,1.0,1.0,1.0
183,1,456,shuffled_wrong_answer_control,14,1.0,1.0,1.0,1.0,1.0
183,1,,oracle_corrective,19,1.0,1.0,1.0,1.0,1.0
183,2,,question_only,13,1.0,1.0,1.0,1.0,1.0
183,2,,wrong_answer_conditioned,16,1.0,1.0,1.0,1.0,1.0
183,2,567,shuffled_wrong_answer_control,15,1.0,1.0,1.0,1.0,1.0
183,2,,oracle_corrective,19,1.0,1.0,1.0,1.0,1.0
183,3,,question_only,13,1.0,1.0,1.0,1.0,1.0
183,3,,wrong_answer_conditioned,16,1.0,1.0,1.0,1.0,1.0
183,3,658,shuffled_wrong_answer_control,15,1.0,1.0,1.0,1.0,1.0
183,3,,oracle_corrective,19,1.0,1.0,1.0,1.0,1.0
184,1,,question_only,14,1.0,1.0,1.0,1.0,1.0
184,1,,wrong_answer_conditioned,15,1.0,1.0,1.0,1.0,1.0
184,1,616,shuffled_wrong_answer_control,15,1.0,1.0,1.0,1.0,1.0
184,1,,oracle_corrective,16,1.0,1.0,1.0,1.0,1.0
184,2,,question_only,14,1.0,1.0,1.0,1.0,1.0
184,2,,wrong_answer_conditioned,15,1.0,1.0,1.0,1.0,1.0
184,2,316,shuffled_wrong_answer_control,15,1.0,1.0,1.0,1.0,1.0
184,2,,oracle_corrective,16,1.0,1.0,1.0,1.0,1.0
184,3,,question_only,14,1.0,1.0,1.0,1.0,1.0
184,3,,wrong_answer_conditioned,15,1.0,1.0,1.0,1.0,1.0
184,3,280,shuffled_wrong_answer_control,16,1.0,1.0,1.0,1.0,1.0
184,3,,oracle_corrective,16,1.0,1.0,1.0,1.0,1.0
185,1,,question_only,10,1.0,1.0,1.0,1.0,1.0
185,1,,wrong_answer_conditioned,11,1.0,1.0,1.0,1.0,1.0
185,1,678,shuffled_wrong_answer_control,11,1.0,1.0,1.0,1.0,1.0
185,1,,oracle_corrective,12,1.0,1.0,1.0,1.0,1.0
185,2,,question_only,10,1.0,1.0,1.0,1.0,1.0
185,2,,wrong_answer_conditioned,11,1.0,1.0,1.0,1.0,1.0
185,2,275,shuffled_wrong_answer_control,11,1.0,1.0,1.0,1.0,1.0
185,2,,oracle_corrective,12,1.0,1.0,1.0,1.0,1.0
185,3,,question_only,10,1.0,1.0,1.0,1.0,1.0
185,3,,wrong_answer_conditioned,11,1.0,1.0,1.0,1.0,1.0
185,3,668,shuffled_wrong_answer_control,12,1.0,1.0,1.0,1.0,1.0
185,3,,oracle_corrective,12,1.0,1.0,1.0,1.0,1.0
186,1,,question_only,12,1.0,1.0,1.0,1.0,1.0
186,1,,wrong_answer_conditioned,15,1.0,1.0,1.0,1.0,1.0
186,1,156,shuffled_wrong_answer_control,14,1.0,1.0,1.0,1.0,1.0
186,1,,oracle_corrective,18,1.0,1.0,1.0,1.0,1.0
186,2,,question_only,12,1.0,1.0,1.0,1.0,1.0
186,2,,wrong_answer_conditioned,15,1.0,1.0,1.0,1.0,1.0
186,2,707,shuffled_wrong_answer_control,14,1.0,1.0,1.0,1.0,1.0
186,2,,oracle_corrective,18,1.0,1.0,1.0,1.0,1.0
186,3,,question_only,12,1.0,1.0,1.0,1.0,1.0
186,3,,wrong_answer_conditioned,15,1.0,1.0,1.0,1.0,1.0
186,3,135,shuffled_wrong_answer_control,14,1.0,1.0,1.0,1.0,1.0
186,3,,oracle_corrective,18,1.0,1.0,1.0,1.0,1.0
187,1,,question_only,16,1.0,1.0,1.0,1.0,1.0
187,1,,wrong_answer_conditioned,17,1.0,1.0,1.0,1.0,1.0
187,1,223,shuffled_wrong_answer_control,17,1.0,1.0,1.0,1.0,1.0
187,1,,oracle_corrective,18,1.0,1.0,1.0,1.0,1.0
187,2,,question_only,16,1.0,1.0,1.0,1.0,1.0
187,2,,wrong_answer_conditioned,17,1.0,1.0,1.0,1.0,1.0
187,2,328,shuffled_wrong_answer_control,17,1.0,1.0,1.0,1.0,1.0
187,2,,oracle_corrective,18,1.0,1.0,1.0,1.0,1.0
187,3,,question_only,16,1.0,1.0,1.0,1.0,1.0
187,3,,wrong_answer_conditioned,17,1.0,1.0,1.0,1.0,1.0
187,3,498,shuffled_wrong_answer_control,19,1.0,1.0,1.0,1.0,1.0
187,3,,oracle_corrective,18,1.0,1.0,1.0,1.0,1.0
188,1,,question_only,16,1.0,1.0,1.0,1.0,1.0
188,1,,wrong_answer_conditioned,18,1.0,1.0,1.0,1.0,1.0
188,1,215,shuffled_wrong_answer_control,17,1.0,1.0,1.0,1.0,1.0
188,1,,oracle_corrective,20,1.0,1.0,1.0,1.0,1.0
188,2,,question_only,16,1.0,1.0,1.0,1.0,1.0
188,2,,wrong_answer_conditioned,18,1.0,1.0,1.0,1.0,1.0
188,2,274,shuffled_wrong_answer_control,17,1.0,1.0,1.0,1.0,1.0
188,2,,oracle_corrective,20,1.0,1.0,1.0,1.0,1.0
188,3,,question_only,16,1.0,1.0,1.0,1.0,1.0
188,3,,wrong_answer_conditioned,18,1.0,1.0,1.0,1.0,1.0
188,3,796,shuffled_wrong_answer_control,17,1.0,1.0,1.0,1.0,1.0
188,3,,oracle_corrective,20,1.0,1.0,1.0,1.0,1.0
189,1,,question_only,12,1.0,1.0,1.0,1.0,1.0
189,1,,wrong_answer_conditioned,13,1.0,1.0,1.0,1.0,1.0
189,1,843,shuffled_wrong_answer_control,13,1.0,1.0,1.0,1.0,1.0
189,1,,oracle_corrective,14,1.0,1.0,1.0,1.0,1.0
189,2,,question_only,12,1.0,1.0,1.0,1.0,1.0
189,2,,wrong_answer_conditioned,13,1.0,1.0,1.0,1.0,1.0
189,2,281,shuffled_wrong_answer_control,13,1.0,1.0,1.0,1.0,1.0
189,2,,oracle_corrective,14,1.0,1.0,1.0,1.0,1.0
189,3,,question_only,12,1.0,1.0,1.0,1.0,1.0
189,3,,wrong_answer_conditioned,13,1.0,1.0,1.0,1.0,1.0
189,3,808,shuffled_wrong_answer_control,13,1.0,1.0,1.0,1.0,1.0
189,3,,oracle_corrective,14,1.0,1.0,1.0,1.0,1.0
190,1,,question_only,10,1.0,1.0,1.0,1.0,1.0
190,1,,wrong_answer_conditioned,11,1.0,1.0,1.0,1.0,1.0
190,1,863,shuffled_wrong_answer_control,12,1.0,1.0,1.0,1.0,1.0
190,1,,oracle_corrective,12,1.0,1.0,1.0,1.0,1.0
190,2,,question_only,10,1.0,1.0,1.0,1.0,1.0
190,2,,wrong_answer_conditioned,11,1.0,1.0,1.0,1.0,1.0
190,2,466,shuffled_wrong_answer_control,11,1.0,1.0,1.0,1.0,1.0
190,2,,oracle_corrective,12,1.0,1.0,1.0,1.0,1.0
190,3,,question_only,10,1.0,1.0,1.0,1.0,1.0
190,3,,wrong_answer_conditioned,11,1.0,1.0,1.0,1.0,1.0
190,3,264,shuffled_wrong_answer_control,12,1.0,1.0,1.0,1.0,1.0
190,3,,oracle_corrective,12,1.0,1.0,1.0,1.0,1.0
191,1,,question_only,14,1.0,1.0,1.0,1.0,1.0
191,1,,wrong_answer_conditioned,16,1.0,1.0,1.0,1.0,1.0
191,1,48,shuffled_wrong_answer_control,17,1.0,1.0,1.0,1.0,1.0
191,1,,oracle_corrective,18,1.0,1.0,1.0,1.0,1.0
191,2,,question_only,14,1.0,1.0,1.0,1.0,1.0
191,2,,wrong_answer_conditioned,16,1.0,1.0,1.0,1.0,1.0
191,2,681,shuffled_wrong_answer_control,15,1.0,1.0,1.0,1.0,1.0
191,2,,oracle_corrective,18,1.0,1.0,1.0,1.0,1.0
191,3,,question_only,14,1.0,1.0,1.0,1.0,1.0
191,3,,wrong_answer_conditioned,16,1.0,1.0,1.0,1.0,1.0
191,3,761,shuffled_wrong_answer_control,16,1.0,1.0,1.0,1.0,1.0
191,3,,oracle_corrective,18,1.0,1.0,1.0,1.0,1.0
192,1,,question_only,6,1.0,1.0,1.0,1.0,1.0
192,1,,wrong_answer_conditioned,7,0.5,0.0,1.0,1.0,0.6309297535714575
192,1,259,shuffled_wrong_answer_control,8,1.0,1.0,1.0,1.0,1.0
192,1,,oracle_corrective,8,1.0,1.0,1.0,1.0,1.0
192,2,,question_only,6,1.0,1.0,1.0,1.0,1.0
192,2,,wrong_answer_conditioned,7,0.5,0.0,1.0,1.0,0.6309297535714575
192,2,792,shuffled_wrong_answer_control,7,1.0,1.0,1.0,1.0,1.0
192,2,,oracle_corrective,8,1.0,1.0,1.0,1.0,1.0
192,3,,question_only,6,1.0,1.0,1.0,1.0,1.0
192,3,,wrong_answer_conditioned,7,0.3333333333333333,0.0,1.0,1.0,0.5
192,3,348,shuffled_wrong_answer_control,7,1.0,1.0,1.0,1.0,1.0
192,3,,oracle_corrective,8,1.0,1.0,1.0,1.0,1.0
193,1,,question_only,37,1.0,1.0,1.0,1.0,1.0
193,1,,wrong_answer_conditioned,38,1.0,1.0,1.0,1.0,1.0
193,1,46,shuffled_wrong_answer_control,38,1.0,1.0,1.0,1.0,1.0
193,1,,oracle_corrective,39,1.0,1.0,1.0,1.0,1.0
193,2,,question_only,37,1.0,1.0,1.0,1.0,1.0
193,2,,wrong_answer_conditioned,38,1.0,1.0,1.0,1.0,1.0
193,2,550,shuffled_wrong_answer_control,38,1.0,1.0,1.0,1.0,1.0
193,2,,oracle_corrective,39,1.0,1.0,1.0,1.0,1.0
193,3,,question_only,37,1.0,1.0,1.0,1.0,1.0
193,3,,wrong_answer_conditioned,38,1.0,1.0,1.0,1.0,1.0
193,3,666,shuffled_wrong_answer_control,38,1.0,1.0,1.0,1.0,1.0
193,3,,oracle_corrective,39,1.0,1.0,1.0,1.0,1.0
194,1,,question_only,17,1.0,1.0,1.0,1.0,1.0
194,1,,wrong_answer_conditioned,19,1.0,1.0,1.0,1.0,1.0
194,1,677,shuffled_wrong_answer_control,20,1.0,1.0,1.0,1.0,1.0
194,1,,oracle_corrective,21,1.0,1.0,1.0,1.0,1.0
194,2,,question_only,17,1.0,1.0,1.0,1.0,1.0
194,2,,wrong_answer_conditioned,18,1.0,1.0,1.0,1.0,1.0
194,2,536,shuffled_wrong_answer_control,18,1.0,1.0,1.0,1.0,1.0
194,2,,oracle_corrective,20,1.0,1.0,1.0,1.0,1.0
194,3,,question_only,17,1.0,1.0,1.0,1.0,1.0
194,3,,wrong_answer_conditioned,19,1.0,1.0,1.0,1.0,1.0
194,3,505,shuffled_wrong_answer_control,18,1.0,1.0,1.0,1.0,1.0
194,3,,oracle_corrective,21,1.0,1.0,1.0,1.0,1.0
195,1,,question_only,20,1.0,1.0,1.0,1.0,1.0
195,1,,wrong_answer_conditioned,22,1.0,1.0,1.0,1.0,1.0
195,1,44,shuffled_wrong_answer_control,21,1.0,1.0,1.0,1.0,1.0
195,1,,oracle_corrective,24,1.0,1.0,1.0,1.0,1.0
195,2,,question_only,20,1.0,1.0,1.0,1.0,1.0
195,2,,wrong_answer_conditioned,22,1.0,1.0,1.0,1.0,1.0
195,2,6,shuffled_wrong_answer_control,22,1.0,1.0,1.0,1.0,1.0
195,2,,oracle_corrective,24,1.0,1.0,1.0,1.0,1.0
195,3,,question_only,20,1.0,1.0,1.0,1.0,1.0
195,3,,wrong_answer_conditioned,22,1.0,1.0,1.0,1.0,1.0
195,3,868,shuffled_wrong_answer_control,21,1.0,1.0,1.0,1.0,1.0
195,3,,oracle_corrective,24,1.0,1.0,1.0,1.0,1.0
196,1,,question_only,11,1.0,1.0,1.0,1.0,1.0
196,1,,wrong_answer_conditioned,13,1.0,1.0,1.0,1.0,1.0
196,1,20,shuffled_wrong_answer_control,12,1.0,1.0,1.0,1.0,1.0
196,1,,oracle_corrective,15,1.0,1.0,1.0,1.0,1.0
196,2,,question_only,11,1.0,1.0,1.0,1.0,1.0
196,2,,wrong_answer_conditioned,13,1.0,1.0,1.0,1.0,1.0
196,2,496,shuffled_wrong_answer_control,13,1.0,1.0,1.0,1.0,1.0
196,2,,oracle_corrective,15,1.0,1.0,1.0,1.0,1.0
196,3,,question_only,11,1.0,1.0,1.0,1.0,1.0
196,3,,wrong_answer_conditioned,13,1.0,1.0,1.0,1.0,1.0
196,3,91,shuffled_wrong_answer_control,12,1.0,1.0,1.0,1.0,1.0
196,3,,oracle_corrective,15,1.0,1.0,1.0,1.0,1.0
197,1,,question_only,14,1.0,1.0,1.0,1.0,1.0
197,1,,wrong_answer_conditioned,15,1.0,1.0,1.0,1.0,1.0
197,1,365,shuffled_wrong_answer_control,15,1.0,1.0,1.0,1.0,1.0
197,1,,oracle_corrective,16,1.0,1.0,1.0,1.0,1.0
197,2,,question_only,14,1.0,1.0,1.0,1.0,1.0
197,2,,wrong_answer_conditioned,15,1.0,1.0,1.0,1.0,1.0
197,2,132,shuffled_wrong_answer_control,15,1.0,1.0,1.0,1.0,1.0
197,2,,oracle_corrective,16,1.0,1.0,1.0,1.0,1.0
197,3,,question_only,14,1.0,1.0,1.0,1.0,1.0
197,3,,wrong_answer_conditioned,15,1.0,1.0,1.0,1.0,1.0
197,3,515,shuffled_wrong_answer_control,15,1.0,1.0,1.0,1.0,1.0
197,3,,oracle_corrective,16,1.0,1.0,1.0,1.0,1.0
198,1,,question_only,6,1.0,1.0,1.0,1.0,1.0
198,1,,wrong_answer_conditioned,7,1.0,1.0,1.0,1.0,1.0
198,1,22,shuffled_wrong_answer_control,7,1.0,1.0,1.0,1.0,1.0
198,1,,oracle_corrective,8,1.0,1.0,1.0,1.0,1.0
198,2,,question_only,6,1.0,1.0,1.0,1.0,1.0
198,2,,wrong_answer_conditioned,7,1.0,1.0,1.0,1.0,1.0
198,2,671,shuffled_wrong_answer_control,9,1.0,1.0,1.0,1.0,1.0
198,2,,oracle_corrective,8,1.0,1.0,1.0,1.0,1.0
198,3,,question_only,6,1.0,1.0,1.0,1.0,1.0
198,3,,wrong_answer_conditioned,7,1.0,1.0,1.0,1.0,1.0
198,3,287,shuffled_wrong_answer_control,7,1.0,1.0,1.0,1.0,1.0
198,3,,oracle_corrective,8,1.0,1.0,1.0,1.0,1.0
199,1,,question_only,12,1.0,1.0,1.0,1.0,1.0
199,1,,wrong_answer_conditioned,14,1.0,1.0,1.0,1.0,1.0
199,1,800,shuffled_wrong_answer_control,14,1.0,1.0,1.0,1.0,1.0
199,1,,oracle_corrective,16,1.0,1.0,1.0,1.0,1.0
199,2,,question_only,12,1.0,1.0,1.0,1.0,1.0
199,2,,wrong_answer_conditioned,14,1.0,1.0,1.0,1.0,1.0
199,2,780,shuffled_wrong_answer_control,14,1.0,1.0,1.0,1.0,1.0
199,2,,oracle_corrective,16,1.0,1.0,1.0,1.0,1.0
199,3,,question_only,12,1.0,1.0,1.0,1.0,1.0
199,3,,wrong_answer_conditioned,14,1.0,1.0,1.0,1.0,1.0
199,3,704,shuffled_wrong_answer_control,14,1.0,1.0,1.0,1.0,1.0
199,3,,oracle_corrective,16,1.0,1.0,1.0,1.0,1.0
200,1,,question_only,15,1.0,1.0,1.0,1.0,1.0
200,1,,wrong_answer_conditioned,17,1.0,1.0,1.0,1.0,1.0
200,1,759,shuffled_wrong_answer_control,17,1.0,1.0,1.0,1.0,1.0
200,1,,oracle_corrective,19,1.0,1.0,1.0,1.0,1.0
200,2,,question_only,15,1.0,1.0,1.0,1.0,1.0
200,2,,wrong_answer_conditioned,17,1.0,1.0,1.0,1.0,1.0
200,2,551,shuffled_wrong_answer_control,16,1.0,1.0,1.0,1.0,1.0
200,2,,oracle_corrective,19,1.0,1.0,1.0,1.0,1.0
200,3,,question_only,15,1.0,1.0,1.0,1.0,1.0
200,3,,wrong_answer_conditioned,17,1.0,1.0,1.0,1.0,1.0
200,3,785,shuffled_wrong_answer_control,16,1.0,1.0,1.0,1.0,1.0
200,3,,oracle_corrective,19,1.0,1.0,1.0,1.0,1.0
201,1,,question_only,7,0.0,0.0,0.0,0.0,0.0
201,1,,wrong_answer_conditioned,9,0.0,0.0,0.0,0.0,0.0
201,1,585,shuffled_wrong_answer_control,8,0.0,0.0,0.0,0.0,0.0
201,1,,oracle_corrective,11,0.5,0.0,1.0,1.0,0.6309297535714575
201,2,,question_only,7,0.0,0.0,0.0,0.0,0.0
201,2,,wrong_answer_conditioned,9,0.3333333333333333,0.0,1.0,1.0,0.5
201,2,8,shuffled_wrong_answer_control,9,0.0,0.0,0.0,0.0,0.0
201,2,,oracle_corrective,11,1.0,1.0,1.0,1.0,1.0
201,3,,question_only,7,0.0,0.0,0.0,0.0,0.0
201,3,,wrong_answer_conditioned,9,0.0,0.0,0.0,0.0,0.0
201,3,854,shuffled_wrong_answer_control,9,0.0,0.0,0.0,0.0,0.0
201,3,,oracle_corrective,11,0.5,0.0,1.0,1.0,0.6309297535714575
202,1,,question_only,7,1.0,1.0,1.0,1.0,1.0
202,1,,wrong_answer_conditioned,9,1.0,1.0,1.0,1.0,1.0
202,1,811,shuffled_wrong_answer_control,8,1.0,1.0,1.0,1.0,1.0
202,1,,oracle_corrective,11,1.0,1.0,1.0,1.0,1.0
202,2,,question_only,7,1.0,1.0,1.0,1.0,1.0
202,2,,wrong_answer_conditioned,9,1.0,1.0,1.0,1.0,1.0
202,2,578,shuffled_wrong_answer_control,8,1.0,1.0,1.0,1.0,1.0
202,2,,oracle_corrective,11,1.0,1.0,1.0,1.0,1.0
202,3,,question_only,7,1.0,1.0,1.0,1.0,1.0
202,3,,wrong_answer_conditioned,9,1.0,1.0,1.0,1.0,1.0
202,3,447,shuffled_wrong_answer_control,8,1.0,1.0,1.0,1.0,1.0
202,3,,oracle_corrective,11,1.0,1.0,1.0,1.0,1.0
203,1,,question_only,14,0.0,0.0,0.0,0.0,0.0
203,1,,wrong_answer_conditioned,15,0.0,0.0,0.0,0.0,0.0
203,1,763,shuffled_wrong_answer_control,15,0.0,0.0,0.0,0.0,0.0
203,1,,oracle_corrective,16,0.0,0.0,0.0,0.0,0.0
203,2,,question_only,14,0.0,0.0,0.0,0.0,0.0
203,2,,wrong_answer_conditioned,15,0.0,0.0,0.0,0.0,0.0
203,2,155,shuffled_wrong_answer_control,15,0.0,0.0,0.0,0.0,0.0
203,2,,oracle_corrective,16,0.0,0.0,0.0,0.0,0.0
203,3,,question_only,14,0.0,0.0,0.0,0.0,0.0
203,3,,wrong_answer_conditioned,15,0.0,0.0,0.0,0.0,0.0
203,3,68,shuffled_wrong_answer_control,15,0.0,0.0,0.0,0.0,0.0
203,3,,oracle_corrective,16,0.0,0.0,0.0,0.0,0.0
204,1,,question_only,16,1.0,1.0,1.0,1.0,1.0
204,1,,wrong_answer_conditioned,17,1.0,1.0,1.0,1.0,1.0
204,1,862,shuffled_wrong_answer_control,17,1.0,1.0,1.0,1.0,1.0
204,1,,oracle_corrective,18,1.0,1.0,1.0,1.0,1.0
204,2,,question_only,16,1.0,1.0,1.0,1.0,1.0
204,2,,wrong_answer_conditioned,17,1.0,1.0,1.0,1.0,1.0
204,2,378,shuffled_wrong_answer_control,17,1.0,1.0,1.0,1.0,1.0
204,2,,oracle_corrective,18,1.0,1.0,1.0,1.0,1.0
204,3,,question_only,16,1.0,1.0,1.0,1.0,1.0
204,3,,wrong_answer_conditioned,17,1.0,1.0,1.0,1.0,1.0
204,3,812,shuffled_wrong_answer_control,17,1.0,1.0,1.0,1.0,1.0
204,3,,oracle_corrective,18,1.0,1.0,1.0,1.0,1.0
205,1,,question_only,14,1.0,1.0,1.0,1.0,1.0
205,1,,wrong_answer_conditioned,15,1.0,1.0,1.0,1.0,1.0
205,1,80,shuffled_wrong_answer_control,15,1.0,1.0,1.0,1.0,1.0
205,1,,oracle_corrective,16,1.0,1.0,1.0,1.0,1.0
205,2,,question_only,14,1.0,1.0,1.0,1.0,1.0
205,2,,wrong_answer_conditioned,15,1.0,1.0,1.0,1.0,1.0
205,2,84,shuffled_wrong_answer_control,15,1.0,1.0,1.0,1.0,1.0
205,2,,oracle_corrective,16,1.0,1.0,1.0,1.0,1.0
205,3,,question_only,14,1.0,1.0,1.0,1.0,1.0
205,3,,wrong_answer_conditioned,15,1.0,1.0,1.0,1.0,1.0
205,3,688,shuffled_wrong_answer_control,15,1.0,1.0,1.0,1.0,1.0
205,3,,oracle_corrective,16,1.0,1.0,1.0,1.0,1.0
206,1,,question_only,10,1.0,1.0,1.0,1.0,1.0
206,1,,wrong_answer_conditioned,11,1.0,1.0,1.0,1.0,1.0
206,1,793,shuffled_wrong_answer_control,11,1.0,1.0,1.0,1.0,1.0
206,1,,oracle_corrective,12,1.0,1.0,1.0,1.0,1.0
206,2,,question_only,10,1.0,1.0,1.0,1.0,1.0
206,2,,wrong_answer_conditioned,11,1.0,1.0,1.0,1.0,1.0
206,2,827,shuffled_wrong_answer_control,12,1.0,1.0,1.0,1.0,1.0
206,2,,oracle_corrective,12,1.0,1.0,1.0,1.0,1.0
206,3,,question_only,10,1.0,1.0,1.0,1.0,1.0
206,3,,wrong_answer_conditioned,11,1.0,1.0,1.0,1.0,1.0
206,3,309,shuffled_wrong_answer_control,11,1.0,1.0,1.0,1.0,1.0
206,3,,oracle_corrective,12,1.0,1.0,1.0,1.0,1.0
207,1,,question_only,12,1.0,1.0,1.0,1.0,1.0
207,1,,wrong_answer_conditioned,13,1.0,1.0,1.0,1.0,1.0
207,1,278,shuffled_wrong_answer_control,14,1.0,1.0,1.0,1.0,1.0
207,1,,oracle_corrective,14,1.0,1.0,1.0,1.0,1.0
207,2,,question_only,12,1.0,1.0,1.0,1.0,1.0
207,2,,wrong_answer_conditioned,13,1.0,1.0,1.0,1.0,1.0
207,2,88,shuffled_wrong_answer_control,13,1.0,1.0,1.0,1.0,1.0
207,2,,oracle_corrective,14,1.0,1.0,1.0,1.0,1.0
207,3,,question_only,12,1.0,1.0,1.0,1.0,1.0
207,3,,wrong_answer_conditioned,13,1.0,1.0,1.0,1.0,1.0
207,3,46,shuffled_wrong_answer_control,13,1.0,1.0,1.0,1.0,1.0
207,3,,oracle_corrective,14,1.0,1.0,1.0,1.0,1.0
208,1,,question_only,8,1.0,1.0,1.0,1.0,1.0
208,1,,wrong_answer_conditioned,9,1.0,1.0,1.0,1.0,1.0
208,1,810,shuffled_wrong_answer_control,9,1.0,1.0,1.0,1.0,1.0
208,1,,oracle_corrective,10,1.0,1.0,1.0,1.0,1.0
208,2,,question_only,8,1.0,1.0,1.0,1.0,1.0
208,2,,wrong_answer_conditioned,9,1.0,1.0,1.0,1.0,1.0
208,2,374,shuffled_wrong_answer_control,9,1.0,1.0,1.0,1.0,1.0
208,2,,oracle_corrective,10,1.0,1.0,1.0,1.0,1.0
208,3,,question_only,8,1.0,1.0,1.0,1.0,1.0
208,3,,wrong_answer_conditioned,9,1.0,1.0,1.0,1.0,1.0
208,3,125,shuffled_wrong_answer_control,9,1.0,1.0,1.0,1.0,1.0
208,3,,oracle_corrective,10,1.0,1.0,1.0,1.0,1.0
209,1,,question_only,15,1.0,1.0,1.0,1.0,1.0
209,1,,wrong_answer_conditioned,18,1.0,1.0,1.0,1.0,1.0
209,1,779,shuffled_wrong_answer_control,17,1.0,1.0,1.0,1.0,1.0
209,1,,oracle_corrective,21,1.0,1.0,1.0,1.0,1.0
209,2,,question_only,15,1.0,1.0,1.0,1.0,1.0
209,2,,wrong_answer_conditioned,18,1.0,1.0,1.0,1.0,1.0
209,2,465,shuffled_wrong_answer_control,17,1.0,1.0,1.0,1.0,1.0
209,2,,oracle_corrective,21,1.0,1.0,1.0,1.0,1.0
209,3,,question_only,15,1.0,1.0,1.0,1.0,1.0
209,3,,wrong_answer_conditioned,18,1.0,1.0,1.0,1.0,1.0
209,3,392,shuffled_wrong_answer_control,16,1.0,1.0,1.0,1.0,1.0
209,3,,oracle_corrective,21,1.0,1.0,1.0,1.0,1.0
210,1,,question_only,9,1.0,1.0,1.0,1.0,1.0
210,1,,wrong_answer_conditioned,11,1.0,1.0,1.0,1.0,1.0
210,1,430,shuffled_wrong_answer_control,10,1.0,1.0,1.0,1.0,1.0
210,1,,oracle_corrective,13,1.0,1.0,1.0,1.0,1.0
210,2,,question_only,9,1.0,1.0,1.0,1.0,1.0
210,2,,wrong_answer_conditioned,10,1.0,1.0,1.0,1.0,1.0
210,2,368,shuffled_wrong_answer_control,11,1.0,1.0,1.0,1.0,1.0
210,2,,oracle_corrective,12,1.0,1.0,1.0,1.0,1.0
210,3,,question_only,9,1.0,1.0,1.0,1.0,1.0
210,3,,wrong_answer_conditioned,10,1.0,1.0,1.0,1.0,1.0
210,3,236,shuffled_wrong_answer_control,10,1.0,1.0,1.0,1.0,1.0
210,3,,oracle_corrective,12,1.0,1.0,1.0,1.0,1.0
211,1,,question_only,14,1.0,1.0,1.0,1.0,1.0
211,1,,wrong_answer_conditioned,16,1.0,1.0,1.0,1.0,1.0
211,1,806,shuffled_wrong_answer_control,15,1.0,1.0,1.0,1.0,1.0
211,1,,oracle_corrective,18,1.0,1.0,1.0,1.0,1.0
211,2,,question_only,14,1.0,1.0,1.0,1.0,1.0
211,2,,wrong_answer_conditioned,16,1.0,1.0,1.0,1.0,1.0
211,2,841,shuffled_wrong_answer_control,15,1.0,1.0,1.0,1.0,1.0
211,2,,oracle_corrective,18,1.0,1.0,1.0,1.0,1.0
211,3,,question_only,14,1.0,1.0,1.0,1.0,1.0
211,3,,wrong_answer_conditioned,16,1.0,1.0,1.0,1.0,1.0
211,3,859,shuffled_wrong_answer_control,16,1.0,1.0,1.0,1.0,1.0
211,3,,oracle_corrective,18,1.0,1.0,1.0,1.0,1.0
212,1,,question_only,10,1.0,1.0,1.0,1.0,1.0
212,1,,wrong_answer_conditioned,11,1.0,1.0,1.0,1.0,1.0
212,1,646,shuffled_wrong_answer_control,11,1.0,1.0,1.0,1.0,1.0
212,1,,oracle_corrective,12,1.0,1.0,1.0,1.0,1.0
212,2,,question_only,10,1.0,1.0,1.0,1.0,1.0
212,2,,wrong_answer_conditioned,11,1.0,1.0,1.0,1.0,1.0
212,2,623,shuffled_wrong_answer_control,11,1.0,1.0,1.0,1.0,1.0
212,2,,oracle_corrective,12,1.0,1.0,1.0,1.0,1.0
212,3,,question_only,10,1.0,1.0,1.0,1.0,1.0
212,3,,wrong_answer_conditioned,11,1.0,1.0,1.0,1.0,1.0
212,3,828,shuffled_wrong_answer_control,11,1.0,1.0,1.0,1.0,1.0
212,3,,oracle_corrective,12,1.0,1.0,1.0,1.0,1.0
213,1,,question_only,17,1.0,1.0,1.0,1.0,1.0
213,1,,wrong_answer_conditioned,18,1.0,1.0,1.0,1.0,1.0
213,1,490,shuffled_wrong_answer_control,20,1.0,1.0,1.0,1.0,1.0
213,1,,oracle_corrective,19,1.0,1.0,1.0,1.0,1.0
213,2,,question_only,17,1.0,1.0,1.0,1.0,1.0
213,2,,wrong_answer_conditioned,18,1.0,1.0,1.0,1.0,1.0
213,2,32,shuffled_wrong_answer_control,18,1.0,1.0,1.0,1.0,1.0
213,2,,oracle_corrective,19,1.0,1.0,1.0,1.0,1.0
213,3,,question_only,17,1.0,1.0,1.0,1.0,1.0
213,3,,wrong_answer_conditioned,18,1.0,1.0,1.0,1.0,1.0
213,3,431,shuffled_wrong_answer_control,20,1.0,1.0,1.0,1.0,1.0
213,3,,oracle_corrective,19,1.0,1.0,1.0,1.0,1.0
214,1,,question_only,22,1.0,1.0,1.0,1.0,1.0
214,1,,wrong_answer_conditioned,23,1.0,1.0,1.0,1.0,1.0
214,1,553,shuffled_wrong_answer_control,23,1.0,1.0,1.0,1.0,1.0
214,1,,oracle_corrective,24,1.0,1.0,1.0,1.0,1.0
214,2,,question_only,22,1.0,1.0,1.0,1.0,1.0
214,2,,wrong_answer_conditioned,23,1.0,1.0,1.0,1.0,1.0
214,2,252,shuffled_wrong_answer_control,23,1.0,1.0,1.0,1.0,1.0
214,2,,oracle_corrective,24,1.0,1.0,1.0,1.0,1.0
214,3,,question_only,22,1.0,1.0,1.0,1.0,1.0
214,3,,wrong_answer_conditioned,23,1.0,1.0,1.0,1.0,1.0
214,3,139,shuffled_wrong_answer_control,23,1.0,1.0,1.0,1.0,1.0
214,3,,oracle_corrective,24,1.0,1.0,1.0,1.0,1.0
215,1,,question_only,12,1.0,1.0,1.0,1.0,1.0
215,1,,wrong_answer_conditioned,13,1.0,1.0,1.0,1.0,1.0
215,1,709,shuffled_wrong_answer_control,14,1.0,1.0,1.0,1.0,1.0
215,1,,oracle_corrective,14,1.0,1.0,1.0,1.0,1.0
215,2,,question_only,12,1.0,1.0,1.0,1.0,1.0
215,2,,wrong_answer_conditioned,13,1.0,1.0,1.0,1.0,1.0
215,2,801,shuffled_wrong_answer_control,13,1.0,1.0,1.0,1.0,1.0
215,2,,oracle_corrective,14,1.0,1.0,1.0,1.0,1.0
215,3,,question_only,12,1.0,1.0,1.0,1.0,1.0
215,3,,wrong_answer_conditioned,13,1.0,1.0,1.0,1.0,1.0
215,3,730,shuffled_wrong_answer_control,14,1.0,1.0,1.0,1.0,1.0
215,3,,oracle_corrective,14,1.0,1.0,1.0,1.0,1.0
216,1,,question_only,24,1.0,1.0,1.0,1.0,1.0
216,1,,wrong_answer_conditioned,26,1.0,1.0,1.0,1.0,1.0
216,1,535,shuffled_wrong_answer_control,25,1.0,1.0,1.0,1.0,1.0
216,1,,oracle_corrective,28,1.0,1.0,1.0,1.0,1.0
216,2,,question_only,24,1.0,1.0,1.0,1.0,1.0
216,2,,wrong_answer_conditioned,26,1.0,1.0,1.0,1.0,1.0
216,2,161,shuffled_wrong_answer_control,25,1.0,1.0,1.0,1.0,1.0
216,2,,oracle_corrective,28,1.0,1.0,1.0,1.0,1.0
216,3,,question_only,24,1.0,1.0,1.0,1.0,1.0
216,3,,wrong_answer_conditioned,26,1.0,1.0,1.0,1.0,1.0
216,3,307,shuffled_wrong_answer_control,25,1.0,1.0,1.0,1.0,1.0
216,3,,oracle_corrective,28,1.0,1.0,1.0,1.0,1.0
217,1,,question_only,16,1.0,1.0,1.0,1.0,1.0
217,1,,wrong_answer_conditioned,18,1.0,1.0,1.0,1.0,1.0
217,1,842,shuffled_wrong_answer_control,17,1.0,1.0,1.0,1.0,1.0
217,1,,oracle_corrective,20,1.0,1.0,1.0,1.0,1.0
217,2,,question_only,16,1.0,1.0,1.0,1.0,1.0
217,2,,wrong_answer_conditioned,18,1.0,1.0,1.0,1.0,1.0
217,2,732,shuffled_wrong_answer_control,18,1.0,1.0,1.0,1.0,1.0
217,2,,oracle_corrective,20,1.0,1.0,1.0,1.0,1.0
217,3,,question_only,16,1.0,1.0,1.0,1.0,1.0
217,3,,wrong_answer_conditioned,18,1.0,1.0,1.0,1.0,1.0
217,3,250,shuffled_wrong_answer_control,17,1.0,1.0,1.0,1.0,1.0
217,3,,oracle_corrective,20,1.0,1.0,1.0,1.0,1.0
218,1,,question_only,24,1.0,1.0,1.0,1.0,1.0
218,1,,wrong_answer_conditioned,26,1.0,1.0,1.0,1.0,1.0
218,1,654,shuffled_wrong_answer_control,25,1.0,1.0,1.0,1.0,1.0
218,1,,oracle_corrective,28,1.0,1.0,1.0,1.0,1.0
218,2,,question_only,24,1.0,1.0,1.0,1.0,1.0
218,2,,wrong_answer_conditioned,26,1.0,1.0,1.0,1.0,1.0
218,2,67,shuffled_wrong_answer_control,25,1.0,1.0,1.0,1.0,1.0
218,2,,oracle_corrective,28,1.0,1.0,1.0,1.0,1.0
218,3,,question_only,24,1.0,1.0,1.0,1.0,1.0
218,3,,wrong_answer_conditioned,26,1.0,1.0,1.0,1.0,1.0
218,3,501,shuffled_wrong_answer_control,25,1.0,1.0,1.0,1.0,1.0
218,3,,oracle_corrective,28,1.0,1.0,1.0,1.0,1.0
219,1,,question_only,15,1.0,1.0,1.0,1.0,1.0
219,1,,wrong_answer_conditioned,17,1.0,1.0,1.0,1.0,1.0
219,1,721,shuffled_wrong_answer_control,16,1.0,1.0,1.0,1.0,1.0
219,1,,oracle_corrective,20,1.0,1.0,1.0,1.0,1.0
219,2,,question_only,15,1.0,1.0,1.0,1.0,1.0
219,2,,wrong_answer_conditioned,17,1.0,1.0,1.0,1.0,1.0
219,2,94,shuffled_wrong_answer_control,16,1.0,1.0,1.0,1.0,1.0
219,2,,oracle_corrective,20,1.0,1.0,1.0,1.0,1.0
219,3,,question_only,15,1.0,1.0,1.0,1.0,1.0
219,3,,wrong_answer_conditioned,17,1.0,1.0,1.0,1.0,1.0
219,3,618,shuffled_wrong_answer_control,16,1.0,1.0,1.0,1.0,1.0
219,3,,oracle_corrective,20,1.0,1.0,1.0,1.0,1.0
220,1,,question_only,12,1.0,1.0,1.0,1.0,1.0
220,1,,wrong_answer_conditioned,14,1.0,1.0,1.0,1.0,1.0
220,1,326,shuffled_wrong_answer_control,14,1.0,1.0,1.0,1.0,1.0
220,1,,oracle_corrective,16,1.0,1.0,1.0,1.0,1.0
220,2,,question_only,12,1.0,1.0,1.0,1.0,1.0
220,2,,wrong_answer_conditioned,14,1.0,1.0,1.0,1.0,1.0
220,2,752,shuffled_wrong_answer_control,15,1.0,1.0,1.0,1.0,1.0
220,2,,oracle_corrective,16,1.0,1.0,1.0,1.0,1.0
220,3,,question_only,12,1.0,1.0,1.0,1.0,1.0
220,3,,wrong_answer_conditioned,14,1.0,1.0,1.0,1.0,1.0
220,3,771,shuffled_wrong_answer_control,13,1.0,1.0,1.0,1.0,1.0
220,3,,oracle_corrective,16,1.0,1.0,1.0,1.0,1.0
221,1,,question_only,8,0.5,0.0,1.0,1.0,0.6309297535714575
221,1,,wrong_answer_conditioned,10,0.5,0.0,1.0,1.0,0.6309297535714575
221,1,214,shuffled_wrong_answer_control,9,0.5,0.0,1.0,1.0,0.6309297535714575
221,1,,oracle_corrective,12,1.0,1.0,1.0,1.0,1.0
221,2,,question_only,8,0.5,0.0,1.0,1.0,0.6309297535714575
221,2,,wrong_answer_conditioned,10,0.5,0.0,1.0,1.0,0.6309297535714575
221,2,439,shuffled_wrong_answer_control,10,0.5,0.0,1.0,1.0,0.6309297535714575
221,2,,oracle_corrective,12,1.0,1.0,1.0,1.0,1.0
221,3,,question_only,8,0.5,0.0,1.0,1.0,0.6309297535714575
221,3,,wrong_answer_conditioned,10,0.5,0.0,1.0,1.0,0.6309297535714575
221,3,71,shuffled_wrong_answer_control,9,0.5,0.0,1.0,1.0,0.6309297535714575
221,3,,oracle_corrective,12,1.0,1.0,1.0,1.0,1.0
222,1,,question_only,9,1.0,1.0,1.0,1.0,1.0
222,1,,wrong_answer_conditioned,13,1.0,1.0,1.0,1.0,1.0
222,1,210,shuffled_wrong_answer_control,11,1.0,1.0,1.0,1.0,1.0
222,1,,oracle_corrective,17,1.0,1.0,1.0,1.0,1.0
222,2,,question_only,9,1.0,1.0,1.0,1.0,1.0
222,2,,wrong_answer_conditioned,13,1.0,1.0,1.0,1.0,1.0
222,2,772,shuffled_wrong_answer_control,10,1.0,1.0,1.0,1.0,1.0
222,2,,oracle_corrective,17,1.0,1.0,1.0,1.0,1.0
222,3,,question_only,9,1.0,1.0,1.0,1.0,1.0
222,3,,wrong_answer_conditioned,13,1.0,1.0,1.0,1.0,1.0
222,3,206,shuffled_wrong_answer_control,10,1.0,1.0,1.0,1.0,1.0
222,3,,oracle_corrective,17,1.0,1.0,1.0,1.0,1.0
223,1,,question_only,14,1.0,1.0,1.0,1.0,1.0
223,1,,wrong_answer_conditioned,15,1.0,1.0,1.0,1.0,1.0
223,1,600,shuffled_wrong_answer_control,15,1.0,1.0,1.0,1.0,1.0
223,1,,oracle_corrective,16,1.0,1.0,1.0,1.0,1.0
223,2,,question_only,14,1.0,1.0,1.0,1.0,1.0
223,2,,wrong_answer_conditioned,15,1.0,1.0,1.0,1.0,1.0
223,2,694,shuffled_wrong_answer_control,16,1.0,1.0,1.0,1.0,1.0
223,2,,oracle_corrective,16,1.0,1.0,1.0,1.0,1.0
223,3,,question_only,14,1.0,1.0,1.0,1.0,1.0
223,3,,wrong_answer_conditioned,15,1.0,1.0,1.0,1.0,1.0
223,3,862,shuffled_wrong_answer_control,15,1.0,1.0,1.0,1.0,1.0
223,3,,oracle_corrective,16,1.0,1.0,1.0,1.0,1.0
224,1,,question_only,8,1.0,1.0,1.0,1.0,1.0
224,1,,wrong_answer_conditioned,9,1.0,1.0,1.0,1.0,1.0
224,1,644,shuffled_wrong_answer_control,10,1.0,1.0,1.0,1.0,1.0
224,1,,oracle_corrective,11,1.0,1.0,1.0,1.0,1.0
224,2,,question_only,8,1.0,1.0,1.0,1.0,1.0
224,2,,wrong_answer_conditioned,10,1.0,1.0,1.0,1.0,1.0
224,2,411,shuffled_wrong_answer_control,9,1.0,1.0,1.0,1.0,1.0
224,2,,oracle_corrective,12,1.0,1.0,1.0,1.0,1.0
224,3,,question_only,8,1.0,1.0,1.0,1.0,1.0
224,3,,wrong_answer_conditioned,10,1.0,1.0,1.0,1.0,1.0
224,3,156,shuffled_wrong_answer_control,10,1.0,1.0,1.0,1.0,1.0
224,3,,oracle_corrective,12,1.0,1.0,1.0,1.0,1.0
225,1,,question_only,14,1.0,1.0,1.0,1.0,1.0
225,1,,wrong_answer_conditioned,16,1.0,1.0,1.0,1.0,1.0
225,1,394,shuffled_wrong_answer_control,15,1.0,1.0,1.0,1.0,1.0
225,1,,oracle_corrective,18,1.0,1.0,1.0,1.0,1.0
225,2,,question_only,14,1.0,1.0,1.0,1.0,1.0
225,2,,wrong_answer_conditioned,16,1.0,1.0,1.0,1.0,1.0
225,2,12,shuffled_wrong_answer_control,15,1.0,1.0,1.0,1.0,1.0
225,2,,oracle_corrective,18,1.0,1.0,1.0,1.0,1.0
225,3,,question_only,14,1.0,1.0,1.0,1.0,1.0
225,3,,wrong_answer_conditioned,16,1.0,1.0,1.0,1.0,1.0
225,3,717,shuffled_wrong_answer_control,15,1.0,1.0,1.0,1.0,1.0
225,3,,oracle_corrective,18,1.0,1.0,1.0,1.0,1.0
226,1,,question_only,7,0.5,0.0,1.0,1.0,0.6309297535714575
226,1,,wrong_answer_conditioned,8,0.5,0.0,1.0,1.0,0.6309297535714575
226,1,434,shuffled_wrong_answer_control,8,0.5,0.0,1.0,1.0,0.6309297535714575
226,1,,oracle_corrective,10,1.0,1.0,1.0,1.0,1.0
226,2,,question_only,7,0.5,0.0,1.0,1.0,0.6309297535714575
226,2,,wrong_answer_conditioned,9,1.0,1.0,1.0,1.0,1.0
226,2,340,shuffled_wrong_answer_control,9,0.5,0.0,1.0,1.0,0.6309297535714575
226,2,,oracle_corrective,11,1.0,1.0,1.0,1.0,1.0
226,3,,question_only,7,0.5,0.0,1.0,1.0,0.6309297535714575
226,3,,wrong_answer_conditioned,9,1.0,1.0,1.0,1.0,1.0
226,3,829,shuffled_wrong_answer_control,9,0.5,0.0,1.0,1.0,0.6309297535714575
226,3,,oracle_corrective,11,1.0,1.0,1.0,1.0,1.0
227,1,,question_only,12,1.0,1.0,1.0,1.0,1.0
227,1,,wrong_answer_conditioned,13,1.0,1.0,1.0,1.0,1.0
227,1,512,shuffled_wrong_answer_control,13,1.0,1.0,1.0,1.0,1.0
227,1,,oracle_corrective,14,1.0,1.0,1.0,1.0,1.0
227,2,,question_only,12,1.0,1.0,1.0,1.0,1.0
227,2,,wrong_answer_conditioned,13,1.0,1.0,1.0,1.0,1.0
227,2,320,shuffled_wrong_answer_control,13,1.0,1.0,1.0,1.0,1.0
227,2,,oracle_corrective,14,1.0,1.0,1.0,1.0,1.0
227,3,,question_only,12,1.0,1.0,1.0,1.0,1.0
227,3,,wrong_answer_conditioned,13,1.0,1.0,1.0,1.0,1.0
227,3,607,shuffled_wrong_answer_control,13,1.0,1.0,1.0,1.0,1.0
227,3,,oracle_corrective,14,1.0,1.0,1.0,1.0,1.0
228,1,,question_only,18,1.0,1.0,1.0,1.0,1.0
228,1,,wrong_answer_conditioned,20,1.0,1.0,1.0,1.0,1.0
228,1,143,shuffled_wrong_answer_control,21,1.0,1.0,1.0,1.0,1.0
228,1,,oracle_corrective,22,1.0,1.0,1.0,1.0,1.0
228,2,,question_only,18,1.0,1.0,1.0,1.0,1.0
228,2,,wrong_answer_conditioned,19,1.0,1.0,1.0,1.0,1.0
228,2,225,shuffled_wrong_answer_control,20,1.0,1.0,1.0,1.0,1.0
228,2,,oracle_corrective,21,1.0,1.0,1.0,1.0,1.0
228,3,,question_only,18,1.0,1.0,1.0,1.0,1.0
228,3,,wrong_answer_conditioned,19,1.0,1.0,1.0,1.0,1.0
228,3,825,shuffled_wrong_answer_control,20,1.0,1.0,1.0,1.0,1.0
228,3,,oracle_corrective,21,1.0,1.0,1.0,1.0,1.0
229,1,,question_only,15,1.0,1.0,1.0,1.0,1.0
229,1,,wrong_answer_conditioned,16,1.0,1.0,1.0,1.0,1.0
229,1,342,shuffled_wrong_answer_control,17,1.0,1.0,1.0,1.0,1.0
229,1,,oracle_corrective,17,1.0,1.0,1.0,1.0,1.0
229,2,,question_only,15,1.0,1.0,1.0,1.0,1.0
229,2,,wrong_answer_conditioned,16,1.0,1.0,1.0,1.0,1.0
229,2,54,shuffled_wrong_answer_control,16,1.0,1.0,1.0,1.0,1.0
229,2,,oracle_corrective,17,1.0,1.0,1.0,1.0,1.0
229,3,,question_only,15,1.0,1.0,1.0,1.0,1.0
229,3,,wrong_answer_conditioned,16,1.0,1.0,1.0,1.0,1.0
229,3,333,shuffled_wrong_answer_control,16,1.0,1.0,1.0,1.0,1.0
229,3,,oracle_corrective,17,1.0,1.0,1.0,1.0,1.0
230,1,,question_only,8,1.0,1.0,1.0,1.0,1.0
230,1,,wrong_answer_conditioned,10,1.0,1.0,1.0,1.0,1.0
230,1,841,shuffled_wrong_answer_control,9,1.0,1.0,1.0,1.0,1.0
230,1,,oracle_corrective,12,1.0,1.0,1.0,1.0,1.0
230,2,,question_only,8,1.0,1.0,1.0,1.0,1.0
230,2,,wrong_answer_conditioned,9,1.0,1.0,1.0,1.0,1.0
230,2,330,shuffled_wrong_answer_control,10,1.0,1.0,1.0,1.0,1.0
230,2,,oracle_corrective,11,1.0,1.0,1.0,1.0,1.0
230,3,,question_only,8,1.0,1.0,1.0,1.0,1.0
230,3,,wrong_answer_conditioned,9,1.0,1.0,1.0,1.0,1.0
230,3,634,shuffled_wrong_answer_control,10,1.0,1.0,1.0,1.0,1.0
230,3,,oracle_corrective,11,1.0,1.0,1.0,1.0,1.0
231,1,,question_only,16,1.0,1.0,1.0,1.0,1.0
231,1,,wrong_answer_conditioned,17,1.0,1.0,1.0,1.0,1.0
231,1,62,shuffled_wrong_answer_control,18,1.0,1.0,1.0,1.0,1.0
231,1,,oracle_corrective,19,1.0,1.0,1.0,1.0,1.0
231,2,,question_only,16,1.0,1.0,1.0,1.0,1.0
231,2,,wrong_answer_conditioned,19,1.0,1.0,1.0,1.0,1.0
231,2,310,shuffled_wrong_answer_control,17,1.0,1.0,1.0,1.0,1.0
231,2,,oracle_corrective,21,1.0,1.0,1.0,1.0,1.0
231,3,,question_only,16,1.0,1.0,1.0,1.0,1.0
231,3,,wrong_answer_conditioned,18,1.0,1.0,1.0,1.0,1.0
231,3,147,shuffled_wrong_answer_control,18,1.0,1.0,1.0,1.0,1.0
231,3,,oracle_corrective,20,1.0,1.0,1.0,1.0,1.0
232,1,,question_only,12,1.0,1.0,1.0,1.0,1.0
232,1,,wrong_answer_conditioned,13,1.0,1.0,1.0,1.0,1.0
232,1,14,shuffled_wrong_answer_control,13,1.0,1.0,1.0,1.0,1.0
232,1,,oracle_corrective,14,1.0,1.0,1.0,1.0,1.0
232,2,,question_only,12,1.0,1.0,1.0,1.0,1.0
232,2,,wrong_answer_conditioned,13,1.0,1.0,1.0,1.0,1.0
232,2,369,shuffled_wrong_answer_control,13,1.0,1.0,1.0,1.0,1.0
232,2,,oracle_corrective,14,1.0,1.0,1.0,1.0,1.0
232,3,,question_only,12,1.0,1.0,1.0,1.0,1.0
232,3,,wrong_answer_conditioned,13,1.0,1.0,1.0,1.0,1.0
232,3,725,shuffled_wrong_answer_control,14,1.0,1.0,1.0,1.0,1.0
232,3,,oracle_corrective,14,1.0,1.0,1.0,1.0,1.0
233,1,,question_only,13,1.0,1.0,1.0,1.0,1.0
233,1,,wrong_answer_conditioned,14,1.0,1.0,1.0,1.0,1.0
233,1,698,shuffled_wrong_answer_control,14,1.0,1.0,1.0,1.0,1.0
233,1,,oracle_corrective,15,1.0,1.0,1.0,1.0,1.0
233,2,,question_only,13,1.0,1.0,1.0,1.0,1.0
233,2,,wrong_answer_conditioned,14,1.0,1.0,1.0,1.0,1.0
233,2,28,shuffled_wrong_answer_control,14,1.0,1.0,1.0,1.0,1.0
233,2,,oracle_corrective,15,1.0,1.0,1.0,1.0,1.0
233,3,,question_only,13,1.0,1.0,1.0,1.0,1.0
233,3,,wrong_answer_conditioned,14,1.0,1.0,1.0,1.0,1.0
233,3,152,shuffled_wrong_answer_control,14,1.0,1.0,1.0,1.0,1.0
233,3,,oracle_corrective,15,1.0,1.0,1.0,1.0,1.0
234,1,,question_only,9,1.0,1.0,1.0,1.0,1.0
234,1,,wrong_answer_conditioned,10,1.0,1.0,1.0,1.0,1.0
234,1,264,shuffled_wrong_answer_control,12,1.0,1.0,1.0,1.0,1.0
234,1,,oracle_corrective,11,1.0,1.0,1.0,1.0,1.0
234,2,,question_only,9,1.0,1.0,1.0,1.0,1.0
234,2,,wrong_answer_conditioned,10,1.0,1.0,1.0,1.0,1.0
234,2,352,shuffled_wrong_answer_control,10,1.0,1.0,1.0,1.0,1.0
234,2,,oracle_corrective,11,1.0,1.0,1.0,1.0,1.0
234,3,,question_only,9,1.0,1.0,1.0,1.0,1.0
234,3,,wrong_answer_conditioned,10,1.0,1.0,1.0,1.0,1.0
234,3,613,shuffled_wrong_answer_control,10,1.0,1.0,1.0,1.0,1.0
234,3,,oracle_corrective,11,1.0,1.0,1.0,1.0,1.0
235,1,,question_only,21,1.0,1.0,1.0,1.0,1.0
235,1,,wrong_answer_conditioned,22,1.0,1.0,1.0,1.0,1.0
235,1,89,shuffled_wrong_answer_control,22,1.0,1.0,1.0,1.0,1.0
235,1,,oracle_corrective,23,1.0,1.0,1.0,1.0,1.0
235,2,,question_only,21,1.0,1.0,1.0,1.0,1.0
235,2,,wrong_answer_conditioned,22,1.0,1.0,1.0,1.0,1.0
235,2,722,shuffled_wrong_answer_control,23,1.0,1.0,1.0,1.0,1.0
235,2,,oracle_corrective,23,1.0,1.0,1.0,1.0,1.0
235,3,,question_only,21,1.0,1.0,1.0,1.0,1.0
235,3,,wrong_answer_conditioned,22,1.0,1.0,1.0,1.0,1.0
235,3,29,shuffled_wrong_answer_control,22,1.0,1.0,1.0,1.0,1.0
235,3,,oracle_corrective,23,1.0,1.0,1.0,1.0,1.0
236,1,,question_only,11,1.0,1.0,1.0,1.0,1.0
236,1,,wrong_answer_conditioned,12,1.0,1.0,1.0,1.0,1.0
236,1,801,shuffled_wrong_answer_control,12,1.0,1.0,1.0,1.0,1.0
236,1,,oracle_corrective,13,1.0,1.0,1.0,1.0,1.0
236,2,,question_only,11,1.0,1.0,1.0,1.0,1.0
236,2,,wrong_answer_conditioned,12,1.0,1.0,1.0,1.0,1.0
236,2,591,shuffled_wrong_answer_control,13,1.0,1.0,1.0,1.0,1.0
236,2,,oracle_corrective,13,1.0,1.0,1.0,1.0,1.0
236,3,,question_only,11,1.0,1.0,1.0,1.0,1.0
236,3,,wrong_answer_conditioned,12,1.0,1.0,1.0,1.0,1.0
236,3,482,shuffled_wrong_answer_control,12,1.0,1.0,1.0,1.0,1.0
236,3,,oracle_corrective,13,1.0,1.0,1.0,1.0,1.0
237,1,,question_only,6,0.0,0.0,0.0,0.0,0.0
237,1,,wrong_answer_conditioned,7,0.0,0.0,0.0,0.0,0.0
237,1,633,shuffled_wrong_answer_control,7,0.0,0.0,0.0,0.0,0.0
237,1,,oracle_corrective,8,0.0,0.0,0.0,0.0,0.0
237,2,,question_only,6,0.0,0.0,0.0,0.0,0.0
237,2,,wrong_answer_conditioned,7,0.0,0.0,0.0,0.0,0.0
237,2,467,shuffled_wrong_answer_control,7,0.0,0.0,0.0,0.0,0.0
237,2,,oracle_corrective,8,0.0,0.0,0.0,0.0,0.0
237,3,,question_only,6,0.0,0.0,0.0,0.0,0.0
237,3,,wrong_answer_conditioned,7,0.0,0.0,0.0,0.0,0.0
237,3,455,shuffled_wrong_answer_control,7,0.0,0.0,0.0,0.0,0.0
237,3,,oracle_corrective,8,0.0,0.0,0.0,0.0,0.0
238,1,,question_only,9,1.0,1.0,1.0,1.0,1.0
238,1,,wrong_answer_conditioned,11,1.0,1.0,1.0,1.0,1.0
238,1,629,shuffled_wrong_answer_control,10,1.0,1.0,1.0,1.0,1.0
238,1,,oracle_corrective,13,1.0,1.0,1.0,1.0,1.0
238,2,,question_only,9,1.0,1.0,1.0,1.0,1.0
238,2,,wrong_answer_conditioned,11,1.0,1.0,1.0,1.0,1.0
238,2,711,shuffled_wrong_answer_control,10,1.0,1.0,1.0,1.0,1.0
238,2,,oracle_corrective,13,1.0,1.0,1.0,1.0,1.0
238,3,,question_only,9,1.0,1.0,1.0,1.0,1.0
238,3,,wrong_answer_conditioned,11,1.0,1.0,1.0,1.0,1.0
238,3,112,shuffled_wrong_answer_control,11,1.0,1.0,1.0,1.0,1.0
238,3,,oracle_corrective,13,1.0,1.0,1.0,1.0,1.0
239,1,,question_only,20,1.0,1.0,1.0,1.0,1.0
239,1,,wrong_answer_conditioned,23,1.0,1.0,1.0,1.0,1.0
239,1,608,shuffled_wrong_answer_control,23,1.0,1.0,1.0,1.0,1.0
239,1,,oracle_corrective,25,1.0,1.0,1.0,1.0,1.0
239,2,,question_only,20,1.0,1.0,1.0,1.0,1.0
239,2,,wrong_answer_conditioned,22,1.0,1.0,1.0,1.0,1.0
239,2,10,shuffled_wrong_answer_control,23,1.0,1.0,1.0,1.0,1.0
239,2,,oracle_corrective,24,1.0,1.0,1.0,1.0,1.0
239,3,,question_only,20,1.0,1.0,1.0,1.0,1.0
239,3,,wrong_answer_conditioned,21,1.0,1.0,1.0,1.0,1.0
239,3,775,shuffled_wrong_answer_control,21,1.0,1.0,1.0,1.0,1.0
239,3,,oracle_corrective,23,1.0,1.0,1.0,1.0,1.0
240,1,,question_only,24,1.0,1.0,1.0,1.0,1.0
240,1,,wrong_answer_conditioned,26,1.0,1.0,1.0,1.0,1.0
240,1,345,shuffled_wrong_answer_control,26,1.0,1.0,1.0,1.0,1.0
240,1,,oracle_corrective,28,1.0,1.0,1.0,1.0,1.0
240,2,,question_only,24,1.0,1.0,1.0,1.0,1.0
240,2,,wrong_answer_conditioned,26,1.0,1.0,1.0,1.0,1.0
240,2,541,shuffled_wrong_answer_control,25,1.0,1.0,1.0,1.0,1.0
240,2,,oracle_corrective,28,1.0,1.0,1.0,1.0,1.0
240,3,,question_only,24,1.0,1.0,1.0,1.0,1.0
240,3,,wrong_answer_conditioned,26,1.0,1.0,1.0,1.0,1.0
240,3,757,shuffled_wrong_answer_control,26,1.0,1.0,1.0,1.0,1.0
240,3,,oracle_corrective,28,1.0,1.0,1.0,1.0,1.0
241,1,,question_only,11,1.0,1.0,1.0,1.0,1.0
241,1,,wrong_answer_conditioned,12,1.0,1.0,1.0,1.0,1.0
241,1,821,shuffled_wrong_answer_control,12,1.0,1.0,1.0,1.0,1.0
241,1,,oracle_corrective,13,1.0,1.0,1.0,1.0,1.0
241,2,,question_only,11,1.0,1.0,1.0,1.0,1.0
241,2,,wrong_answer_conditioned,12,1.0,1.0,1.0,1.0,1.0
241,2,239,shuffled_wrong_answer_control,13,1.0,1.0,1.0,1.0,1.0
241,2,,oracle_corrective,13,1.0,1.0,1.0,1.0,1.0
241,3,,question_only,11,1.0,1.0,1.0,1.0,1.0
241,3,,wrong_answer_conditioned,12,1.0,1.0,1.0,1.0,1.0
241,3,183,shuffled_wrong_answer_control,14,1.0,1.0,1.0,1.0,1.0
241,3,,oracle_corrective,13,1.0,1.0,1.0,1.0,1.0
242,1,,question_only,13,1.0,1.0,1.0,1.0,1.0
242,1,,wrong_answer_conditioned,14,1.0,1.0,1.0,1.0,1.0
242,1,849,shuffled_wrong_answer_control,17,1.0,1.0,1.0,1.0,1.0
242,1,,oracle_corrective,15,1.0,1.0,1.0,1.0,1.0
242,2,,question_only,13,1.0,1.0,1.0,1.0,1.0
242,2,,wrong_answer_conditioned,14,1.0,1.0,1.0,1.0,1.0
242,2,205,shuffled_wrong_answer_control,14,1.0,1.0,1.0,1.0,1.0
242,2,,oracle_corrective,15,1.0,1.0,1.0,1.0,1.0
242,3,,question_only,13,1.0,1.0,1.0,1.0,1.0
242,3,,wrong_answer_conditioned,14,1.0,1.0,1.0,1.0,1.0
242,3,823,shuffled_wrong_answer_control,14,1.0,1.0,1.0,1.0,1.0
242,3,,oracle_corrective,15,1.0,1.0,1.0,1.0,1.0
243,1,,question_only,9,0.5,0.0,1.0,1.0,0.6309297535714575
243,1,,wrong_answer_conditioned,10,0.5,0.0,1.0,1.0,0.6309297535714575
243,1,475,shuffled_wrong_answer_control,11,0.5,0.0,1.0,1.0,0.6309297535714575
243,1,,oracle_corrective,11,0.5,0.0,1.0,1.0,0.6309297535714575
243,2,,question_only,9,0.5,0.0,1.0,1.0,0.6309297535714575
243,2,,wrong_answer_conditioned,10,0.5,0.0,1.0,1.0,0.6309297535714575
243,2,346,shuffled_wrong_answer_control,10,1.0,1.0,1.0,1.0,1.0
243,2,,oracle_corrective,11,0.5,0.0,1.0,1.0,0.6309297535714575
243,3,,question_only,9,0.5,0.0,1.0,1.0,0.6309297535714575
243,3,,wrong_answer_conditioned,10,0.5,0.0,1.0,1.0,0.6309297535714575
243,3,795,shuffled_wrong_answer_control,11,0.5,0.0,1.0,1.0,0.6309297535714575
243,3,,oracle_corrective,11,0.5,0.0,1.0,1.0,0.6309297535714575
244,1,,question_only,14,1.0,1.0,1.0,1.0,1.0
244,1,,wrong_answer_conditioned,15,1.0,1.0,1.0,1.0,1.0
244,1,725,shuffled_wrong_answer_control,16,1.0,1.0,1.0,1.0,1.0
244,1,,oracle_corrective,16,1.0,1.0,1.0,1.0,1.0
244,2,,question_only,14,1.0,1.0,1.0,1.0,1.0
244,2,,wrong_answer_conditioned,15,1.0,1.0,1.0,1.0,1.0
244,2,11,shuffled_wrong_answer_control,15,1.0,1.0,1.0,1.0,1.0
244,2,,oracle_corrective,16,1.0,1.0,1.0,1.0,1.0
244,3,,question_only,14,1.0,1.0,1.0,1.0,1.0
244,3,,wrong_answer_conditioned,15,1.0,1.0,1.0,1.0,1.0
244,3,543,shuffled_wrong_answer_control,15,1.0,1.0,1.0,1.0,1.0
244,3,,oracle_corrective,16,1.0,1.0,1.0,1.0,1.0
245,1,,question_only,9,1.0,1.0,1.0,1.0,1.0
245,1,,wrong_answer_conditioned,11,1.0,1.0,1.0,1.0,1.0
245,1,622,shuffled_wrong_answer_control,11,1.0,1.0,1.0,1.0,1.0
245,1,,oracle_corrective,13,1.0,1.0,1.0,1.0,1.0
245,2,,question_only,9,1.0,1.0,1.0,1.0,1.0
245,2,,wrong_answer_conditioned,11,1.0,1.0,1.0,1.0,1.0
245,2,101,shuffled_wrong_answer_control,10,1.0,1.0,1.0,1.0,1.0
245,2,,oracle_corrective,13,1.0,1.0,1.0,1.0,1.0
245,3,,question_only,9,1.0,1.0,1.0,1.0,1.0
245,3,,wrong_answer_conditioned,11,1.0,1.0,1.0,1.0,1.0
245,3,452,shuffled_wrong_answer_control,10,1.0,1.0,1.0,1.0,1.0
245,3,,oracle_corrective,13,1.0,1.0,1.0,1.0,1.0
246,1,,question_only,14,1.0,1.0,1.0,1.0,1.0
246,1,,wrong_answer_conditioned,15,1.0,1.0,1.0,1.0,1.0
246,1,226,shuffled_wrong_answer_control,15,1.0,1.0,1.0,1.0,1.0
246,1,,oracle_corrective,16,1.0,1.0,1.0,1.0,1.0
246,2,,question_only,14,1.0,1.0,1.0,1.0,1.0
246,2,,wrong_answer_conditioned,15,1.0,1.0,1.0,1.0,1.0
246,2,127,shuffled_wrong_answer_control,16,1.0,1.0,1.0,1.0,1.0
246,2,,oracle_corrective,16,1.0,1.0,1.0,1.0,1.0
246,3,,question_only,14,1.0,1.0,1.0,1.0,1.0
246,3,,wrong_answer_conditioned,15,1.0,1.0,1.0,1.0,1.0
246,3,806,shuffled_wrong_answer_control,15,1.0,1.0,1.0,1.0,1.0
246,3,,oracle_corrective,16,1.0,1.0,1.0,1.0,1.0
247,1,,question_only,10,1.0,1.0,1.0,1.0,1.0
247,1,,wrong_answer_conditioned,11,1.0,1.0,1.0,1.0,1.0
247,1,31,shuffled_wrong_answer_control,12,1.0,1.0,1.0,1.0,1.0
247,1,,oracle_corrective,12,1.0,1.0,1.0,1.0,1.0
247,2,,question_only,10,1.0,1.0,1.0,1.0,1.0
247,2,,wrong_answer_conditioned,11,1.0,1.0,1.0,1.0,1.0
247,2,583,shuffled_wrong_answer_control,11,1.0,1.0,1.0,1.0,1.0
247,2,,oracle_corrective,12,1.0,1.0,1.0,1.0,1.0
247,3,,question_only,10,1.0,1.0,1.0,1.0,1.0
247,3,,wrong_answer_conditioned,11,1.0,1.0,1.0,1.0,1.0
247,3,833,shuffled_wrong_answer_control,11,1.0,1.0,1.0,1.0,1.0
247,3,,oracle_corrective,12,1.0,1.0,1.0,1.0,1.0
248,1,,question_only,10,1.0,1.0,1.0,1.0,1.0
248,1,,wrong_answer_conditioned,12,1.0,1.0,1.0,1.0,1.0
248,1,92,shuffled_wrong_answer_control,12,1.0,1.0,1.0,1.0,1.0
248,1,,oracle_corrective,14,1.0,1.0,1.0,1.0,1.0
248,2,,question_only,10,1.0,1.0,1.0,1.0,1.0
248,2,,wrong_answer_conditioned,11,1.0,1.0,1.0,1.0,1.0
248,2,380,shuffled_wrong_answer_control,11,1.0,1.0,1.0,1.0,1.0
248,2,,oracle_corrective,13,1.0,1.0,1.0,1.0,1.0
248,3,,question_only,10,1.0,1.0,1.0,1.0,1.0
248,3,,wrong_answer_conditioned,12,1.0,1.0,1.0,1.0,1.0
248,3,8,shuffled_wrong_answer_control,12,1.0,1.0,1.0,1.0,1.0
248,3,,oracle_corrective,14,1.0,1.0,1.0,1.0,1.0
249,1,,question_only,8,1.0,1.0,1.0,1.0,1.0
249,1,,wrong_answer_conditioned,9,1.0,1.0,1.0,1.0,1.0
249,1,662,shuffled_wrong_answer_control,9,1.0,1.0,1.0,1.0,1.0
249,1,,oracle_corrective,10,1.0,1.0,1.0,1.0,1.0
249,2,,question_only,8,1.0,1.0,1.0,1.0,1.0
249,2,,wrong_answer_conditioned,9,1.0,1.0,1.0,1.0,1.0
249,2,183,shuffled_wrong_answer_control,11,1.0,1.0,1.0,1.0,1.0
249,2,,oracle_corrective,10,1.0,1.0,1.0,1.0,1.0
249,3,,question_only,8,1.0,1.0,1.0,1.0,1.0
249,3,,wrong_answer_conditioned,9,1.0,1.0,1.0,1.0,1.0
249,3,153,shuffled_wrong_answer_control,9,1.0,1.0,1.0,1.0,1.0
249,3,,oracle_corrective,10,1.0,1.0,1.0,1.0,1.0
250,1,,question_only,10,0.5,0.0,1.0,1.0,0.6309297535714575
250,1,,wrong_answer_conditioned,11,0.25,0.0,0.0,1.0,0.43067655807339306
250,1,372,shuffled_wrong_answer_control,11,0.5,0.0,1.0,1.0,0.6309297535714575
250,1,,oracle_corrective,12,0.5,0.0,1.0,1.0,0.6309297535714575
250,2,,question_only,10,0.5,0.0,1.0,1.0,0.6309297535714575
250,2,,wrong_answer_conditioned,11,0.5,0.0,1.0,1.0,0.6309297535714575
250,2,575,shuffled_wrong_answer_control,11,0.5,0.0,1.0,1.0,0.6309297535714575
250,2,,oracle_corrective,12,0.5,0.0,1.0,1.0,0.6309297535714575
250,3,,question_only,10,0.5,0.0,1.0,1.0,0.6309297535714575
250,3,,wrong_answer_conditioned,11,0.5,0.0,1.0,1.0,0.6309297535714575
250,3,846,shuffled_wrong_answer_control,11,0.5,0.0,1.0,1.0,0.6309297535714575
250,3,,oracle_corrective,12,0.5,0.0,1.0,1.0,0.6309297535714575
251,1,,question_only,9,0.0,0.0,0.0,0.0,0.0
251,1,,wrong_answer_conditioned,11,0.0,0.0,0.0,0.0,0.0
251,1,119,shuffled_wrong_answer_control,11,0.0,0.0,0.0,0.0,0.0
251,1,,oracle_corrective,12,0.0,0.0,0.0,0.0,0.0
251,2,,question_only,9,0.0,0.0,0.0,0.0,0.0
251,2,,wrong_answer_conditioned,10,0.0,0.0,0.0,0.0,0.0
251,2,470,shuffled_wrong_answer_control,10,0.0,0.0,0.0,0.0,0.0
251,2,,oracle_corrective,11,0.0,0.0,0.0,0.0,0.0
251,3,,question_only,9,0.0,0.0,0.0,0.0,0.0
251,3,,wrong_answer_conditioned,11,0.0,0.0,0.0,0.0,0.0
251,3,328,shuffled_wrong_answer_control,10,0.0,0.0,0.0,0.0,0.0
251,3,,oracle_corrective,12,0.3333333333333333,0.0,1.0,1.0,0.5
252,1,,question_only,11,1.0,1.0,1.0,1.0,1.0
252,1,,wrong_answer_conditioned,12,1.0,1.0,1.0,1.0,1.0
252,1,423,shuffled_wrong_answer_control,12,1.0,1.0,1.0,1.0,1.0
252,1,,oracle_corrective,13,1.0,1.0,1.0,1.0,1.0
252,2,,question_only,11,1.0,1.0,1.0,1.0,1.0
252,2,,wrong_answer_conditioned,12,1.0,1.0,1.0,1.0,1.0
252,2,733,shuffled_wrong_answer_control,16,1.0,1.0,1.0,1.0,1.0
252,2,,oracle_corrective,13,1.0,1.0,1.0,1.0,1.0
252,3,,question_only,11,1.0,1.0,1.0,1.0,1.0
252,3,,wrong_answer_conditioned,12,1.0,1.0,1.0,1.0,1.0
252,3,778,shuffled_wrong_answer_control,12,1.0,1.0,1.0,1.0,1.0
252,3,,oracle_corrective,13,1.0,1.0,1.0,1.0,1.0
253,1,,question_only,9,1.0,1.0,1.0,1.0,1.0
253,1,,wrong_answer_conditioned,11,1.0,1.0,1.0,1.0,1.0
253,1,718,shuffled_wrong_answer_control,10,1.0,1.0,1.0,1.0,1.0
253,1,,oracle_corrective,13,1.0,1.0,1.0,1.0,1.0
253,2,,question_only,9,1.0,1.0,1.0,1.0,1.0
253,2,,wrong_answer_conditioned,11,1.0,1.0,1.0,1.0,1.0
253,2,408,shuffled_wrong_answer_control,10,1.0,1.0,1.0,1.0,1.0
253,2,,oracle_corrective,13,1.0,1.0,1.0,1.0,1.0
253,3,,question_only,9,1.0,1.0,1.0,1.0,1.0
253,3,,wrong_answer_conditioned,11,1.0,1.0,1.0,1.0,1.0
253,3,340,shuffled_wrong_answer_control,11,1.0,1.0,1.0,1.0,1.0
253,3,,oracle_corrective,13,1.0,1.0,1.0,1.0,1.0
254,1,,question_only,24,0.5,0.0,1.0,1.0,0.6309297535714575
254,1,,wrong_answer_conditioned,25,0.5,0.0,1.0,1.0,0.6309297535714575
254,1,129,shuffled_wrong_answer_control,25,0.5,0.0,1.0,1.0,0.6309297535714575
254,1,,oracle_corrective,26,0.5,0.0,1.0,1.0,0.6309297535714575
254,2,,question_only,24,0.5,0.0,1.0,1.0,0.6309297535714575
254,2,,wrong_answer_conditioned,25,0.5,0.0,1.0,1.0,0.6309297535714575
254,2,698,shuffled_wrong_answer_control,25,0.5,0.0,1.0,1.0,0.6309297535714575
254,2,,oracle_corrective,26,0.5,0.0,1.0,1.0,0.6309297535714575
254,3,,question_only,24,0.5,0.0,1.0,1.0,0.6309297535714575
254,3,,wrong_answer_conditioned,25,0.5,0.0,1.0,1.0,0.6309297535714575
254,3,534,shuffled_wrong_answer_control,25,0.5,0.0,1.0,1.0,0.6309297535714575
254,3,,oracle_corrective,26,0.5,0.0,1.0,1.0,0.6309297535714575
255,1,,question_only,10,0.5,0.0,1.0,1.0,0.6309297535714575
255,1,,wrong_answer_conditioned,12,0.3333333333333333,0.0,1.0,1.0,0.5
255,1,397,shuffled_wrong_answer_control,12,0.5,0.0,1.0,1.0,0.6309297535714575
255,1,,oracle_corrective,14,0.5,0.0,1.0,1.0,0.6309297535714575
255,2,,question_only,10,0.5,0.0,1.0,1.0,0.6309297535714575
255,2,,wrong_answer_conditioned,12,0.3333333333333333,0.0,1.0,1.0,0.5
255,2,260,shuffled_wrong_answer_control,12,0.5,0.0,1.0,1.0,0.6309297535714575
255,2,,oracle_corrective,14,0.5,0.0,1.0,1.0,0.6309297535714575
255,3,,question_only,10,0.5,0.0,1.0,1.0,0.6309297535714575
255,3,,wrong_answer_conditioned,12,0.3333333333333333,0.0,1.0,1.0,0.5
255,3,751,shuffled_wrong_answer_control,11,0.5,0.0,1.0,1.0,0.6309297535714575
255,3,,oracle_corrective,14,0.5,0.0,1.0,1.0,0.6309297535714575
256,1,,question_only,15,1.0,1.0,1.0,1.0,1.0
256,1,,wrong_answer_conditioned,16,1.0,1.0,1.0,1.0,1.0
256,1,249,shuffled_wrong_answer_control,16,1.0,1.0,1.0,1.0,1.0
256,1,,oracle_corrective,17,1.0,1.0,1.0,1.0,1.0
256,2,,question_only,15,1.0,1.0,1.0,1.0,1.0
256,2,,wrong_answer_conditioned,16,1.0,1.0,1.0,1.0,1.0
256,2,840,shuffled_wrong_answer_control,19,1.0,1.0,1.0,1.0,1.0
256,2,,oracle_corrective,17,1.0,1.0,1.0,1.0,1.0
256,3,,question_only,15,1.0,1.0,1.0,1.0,1.0
256,3,,wrong_answer_conditioned,16,1.0,1.0,1.0,1.0,1.0
256,3,313,shuffled_wrong_answer_control,16,1.0,1.0,1.0,1.0,1.0
256,3,,oracle_corrective,17,1.0,1.0,1.0,1.0,1.0
257,1,,question_only,5,1.0,1.0,1.0,1.0,1.0
257,1,,wrong_answer_conditioned,6,1.0,1.0,1.0,1.0,1.0
257,1,766,shuffled_wrong_answer_control,7,1.0,1.0,1.0,1.0,1.0
257,1,,oracle_corrective,8,1.0,1.0,1.0,1.0,1.0
257,2,,question_only,5,1.0,1.0,1.0,1.0,1.0
257,2,,wrong_answer_conditioned,7,1.0,1.0,1.0,1.0,1.0
257,2,859,shuffled_wrong_answer_control,7,1.0,1.0,1.0,1.0,1.0
257,2,,oracle_corrective,9,1.0,1.0,1.0,1.0,1.0
257,3,,question_only,5,1.0,1.0,1.0,1.0,1.0
257,3,,wrong_answer_conditioned,7,1.0,1.0,1.0,1.0,1.0
257,3,856,shuffled_wrong_answer_control,6,1.0,1.0,1.0,1.0,1.0
257,3,,oracle_corrective,9,1.0,1.0,1.0,1.0,1.0
258,1,,question_only,23,1.0,1.0,1.0,1.0,1.0
258,1,,wrong_answer_conditioned,25,1.0,1.0,1.0,1.0,1.0
258,1,208,shuffled_wrong_answer_control,24,1.0,1.0,1.0,1.0,1.0
258,1,,oracle_corrective,27,1.0,1.0,1.0,1.0,1.0
258,2,,question_only,23,1.0,1.0,1.0,1.0,1.0
258,2,,wrong_answer_conditioned,25,1.0,1.0,1.0,1.0,1.0
258,2,77,shuffled_wrong_answer_control,24,1.0,1.0,1.0,1.0,1.0
258,2,,oracle_corrective,27,1.0,1.0,1.0,1.0,1.0
258,3,,question_only,23,1.0,1.0,1.0,1.0,1.0
258,3,,wrong_answer_conditioned,25,1.0,1.0,1.0,1.0,1.0
258,3,563,shuffled_wrong_answer_control,24,1.0,1.0,1.0,1.0,1.0
258,3,,oracle_corrective,27,1.0,1.0,1.0,1.0,1.0
259,1,,question_only,24,1.0,1.0,1.0,1.0,1.0
259,1,,wrong_answer_conditioned,26,1.0,1.0,1.0,1.0,1.0
259,1,602,shuffled_wrong_answer_control,26,1.0,1.0,1.0,1.0,1.0
259,1,,oracle_corrective,27,1.0,1.0,1.0,1.0,1.0
259,2,,question_only,24,1.0,1.0,1.0,1.0,1.0
259,2,,wrong_answer_conditioned,25,1.0,1.0,1.0,1.0,1.0
259,2,278,shuffled_wrong_answer_control,26,1.0,1.0,1.0,1.0,1.0
259,2,,oracle_corrective,26,1.0,1.0,1.0,1.0,1.0
259,3,,question_only,24,1.0,1.0,1.0,1.0,1.0
259,3,,wrong_answer_conditioned,25,1.0,1.0,1.0,1.0,1.0
259,3,493,shuffled_wrong_answer_control,25,1.0,1.0,1.0,1.0,1.0
259,3,,oracle_corrective,26,1.0,1.0,1.0,1.0,1.0
260,1,,question_only,10,1.0,1.0,1.0,1.0,1.0
260,1,,wrong_answer_conditioned,12,1.0,1.0,1.0,1.0,1.0
260,1,587,shuffled_wrong_answer_control,11,1.0,1.0,1.0,1.0,1.0
260,1,,oracle_corrective,14,1.0,1.0,1.0,1.0,1.0
260,2,,question_only,10,1.0,1.0,1.0,1.0,1.0
260,2,,wrong_answer_conditioned,12,1.0,1.0,1.0,1.0,1.0
260,2,236,shuffled_wrong_answer_control,11,1.0,1.0,1.0,1.0,1.0
260,2,,oracle_corrective,14,1.0,1.0,1.0,1.0,1.0
260,3,,question_only,10,1.0,1.0,1.0,1.0,1.0
260,3,,wrong_answer_conditioned,11,1.0,1.0,1.0,1.0,1.0
260,3,880,shuffled_wrong_answer_control,11,1.0,1.0,1.0,1.0,1.0
260,3,,oracle_corrective,13,1.0,1.0,1.0,1.0,1.0
261,1,,question_only,10,1.0,1.0,1.0,1.0,1.0
261,1,,wrong_answer_conditioned,11,1.0,1.0,1.0,1.0,1.0
261,1,410,shuffled_wrong_answer_control,13,1.0,1.0,1.0,1.0,1.0
261,1,,oracle_corrective,13,1.0,1.0,1.0,1.0,1.0
261,2,,question_only,10,1.0,1.0,1.0,1.0,1.0
261,2,,wrong_answer_conditioned,11,1.0,1.0,1.0,1.0,1.0
261,2,348,shuffled_wrong_answer_control,11,1.0,1.0,1.0,1.0,1.0
261,2,,oracle_corrective,13,1.0,1.0,1.0,1.0,1.0
261,3,,question_only,10,1.0,1.0,1.0,1.0,1.0
261,3,,wrong_answer_conditioned,11,1.0,1.0,1.0,1.0,1.0
261,3,736,shuffled_wrong_answer_control,12,1.0,1.0,1.0,1.0,1.0
261,3,,oracle_corrective,13,1.0,1.0,1.0,1.0,1.0
262,1,,question_only,18,1.0,1.0,1.0,1.0,1.0
262,1,,wrong_answer_conditioned,20,1.0,1.0,1.0,1.0,1.0
262,1,340,shuffled_wrong_answer_control,20,1.0,1.0,1.0,1.0,1.0
262,1,,oracle_corrective,22,1.0,1.0,1.0,1.0,1.0
262,2,,question_only,18,1.0,1.0,1.0,1.0,1.0
262,2,,wrong_answer_conditioned,20,1.0,1.0,1.0,1.0,1.0
262,2,287,shuffled_wrong_answer_control,19,1.0,1.0,1.0,1.0,1.0
262,2,,oracle_corrective,22,1.0,1.0,1.0,1.0,1.0
262,3,,question_only,18,1.0,1.0,1.0,1.0,1.0
262,3,,wrong_answer_conditioned,20,1.0,1.0,1.0,1.0,1.0
262,3,306,shuffled_wrong_answer_control,19,1.0,1.0,1.0,1.0,1.0
262,3,,oracle_corrective,22,1.0,1.0,1.0,1.0,1.0
263,1,,question_only,16,1.0,1.0,1.0,1.0,1.0
263,1,,wrong_answer_conditioned,17,1.0,1.0,1.0,1.0,1.0
263,1,489,shuffled_wrong_answer_control,17,1.0,1.0,1.0,1.0,1.0
263,1,,oracle_corrective,18,1.0,1.0,1.0,1.0,1.0
263,2,,question_only,16,1.0,1.0,1.0,1.0,1.0
263,2,,wrong_answer_conditioned,17,1.0,1.0,1.0,1.0,1.0
263,2,38,shuffled_wrong_answer_control,17,1.0,1.0,1.0,1.0,1.0
263,2,,oracle_corrective,18,1.0,1.0,1.0,1.0,1.0
263,3,,question_only,16,1.0,1.0,1.0,1.0,1.0
263,3,,wrong_answer_conditioned,17,1.0,1.0,1.0,1.0,1.0
263,3,478,shuffled_wrong_answer_control,17,1.0,1.0,1.0,1.0,1.0
263,3,,oracle_corrective,18,1.0,1.0,1.0,1.0,1.0
264,1,,question_only,6,1.0,1.0,1.0,1.0,1.0
264,1,,wrong_answer_conditioned,9,1.0,1.0,1.0,1.0,1.0
264,1,879,shuffled_wrong_answer_control,10,1.0,1.0,1.0,1.0,1.0
264,1,,oracle_corrective,12,1.0,1.0,1.0,1.0,1.0
264,2,,question_only,6,1.0,1.0,1.0,1.0,1.0
264,2,,wrong_answer_conditioned,8,1.0,1.0,1.0,1.0,1.0
264,2,95,shuffled_wrong_answer_control,7,1.0,1.0,1.0,1.0,1.0
264,2,,oracle_corrective,11,1.0,1.0,1.0,1.0,1.0
264,3,,question_only,6,1.0,1.0,1.0,1.0,1.0
264,3,,wrong_answer_conditioned,8,1.0,1.0,1.0,1.0,1.0
264,3,304,shuffled_wrong_answer_control,7,1.0,1.0,1.0,1.0,1.0
264,3,,oracle_corrective,11,1.0,1.0,1.0,1.0,1.0
265,1,,question_only,11,1.0,1.0,1.0,1.0,1.0
265,1,,wrong_answer_conditioned,14,1.0,1.0,1.0,1.0,1.0
265,1,877,shuffled_wrong_answer_control,13,1.0,1.0,1.0,1.0,1.0
265,1,,oracle_corrective,17,1.0,1.0,1.0,1.0,1.0
265,2,,question_only,11,1.0,1.0,1.0,1.0,1.0
265,2,,wrong_answer_conditioned,15,1.0,1.0,1.0,1.0,1.0
265,2,746,shuffled_wrong_answer_control,12,1.0,1.0,1.0,1.0,1.0
265,2,,oracle_corrective,18,1.0,1.0,1.0,1.0,1.0
265,3,,question_only,11,1.0,1.0,1.0,1.0,1.0
265,3,,wrong_answer_conditioned,15,1.0,1.0,1.0,1.0,1.0
265,3,494,shuffled_wrong_answer_control,13,1.0,1.0,1.0,1.0,1.0
265,3,,oracle_corrective,18,1.0,1.0,1.0,1.0,1.0
266,1,,question_only,33,1.0,1.0,1.0,1.0,1.0
266,1,,wrong_answer_conditioned,34,1.0,1.0,1.0,1.0,1.0
266,1,747,shuffled_wrong_answer_control,35,1.0,1.0,1.0,1.0,1.0
266,1,,oracle_corrective,35,1.0,1.0,1.0,1.0,1.0
266,2,,question_only,33,1.0,1.0,1.0,1.0,1.0
266,2,,wrong_answer_conditioned,34,1.0,1.0,1.0,1.0,1.0
266,2,15,shuffled_wrong_answer_control,34,1.0,1.0,1.0,1.0,1.0
266,2,,oracle_corrective,35,1.0,1.0,1.0,1.0,1.0
266,3,,question_only,33,1.0,1.0,1.0,1.0,1.0
266,3,,wrong_answer_conditioned,34,1.0,1.0,1.0,1.0,1.0
266,3,136,shuffled_wrong_answer_control,34,1.0,1.0,1.0,1.0,1.0
266,3,,oracle_corrective,35,1.0,1.0,1.0,1.0,1.0
267,1,,question_only,14,0.5,0.0,1.0,1.0,0.6309297535714575
267,1,,wrong_answer_conditioned,15,0.5,0.0,1.0,1.0,0.6309297535714575
267,1,280,shuffled_wrong_answer_control,17,0.5,0.0,1.0,1.0,0.6309297535714575
267,1,,oracle_corrective,16,0.5,0.0,1.0,1.0,0.6309297535714575
267,2,,question_only,14,0.5,0.0,1.0,1.0,0.6309297535714575
267,2,,wrong_answer_conditioned,15,0.5,0.0,1.0,1.0,0.6309297535714575
267,2,712,shuffled_wrong_answer_control,16,0.5,0.0,1.0,1.0,0.6309297535714575
267,2,,oracle_corrective,16,0.5,0.0,1.0,1.0,0.6309297535714575
267,3,,question_only,14,0.5,0.0,1.0,1.0,0.6309297535714575
267,3,,wrong_answer_conditioned,15,0.5,0.0,1.0,1.0,0.6309297535714575
267,3,743,shuffled_wrong_answer_control,15,0.5,0.0,1.0,1.0,0.6309297535714575
267,3,,oracle_corrective,16,0.5,0.0,1.0,1.0,0.6309297535714575
268,1,,question_only,11,1.0,1.0,1.0,1.0,1.0
268,1,,wrong_answer_conditioned,13,1.0,1.0,1.0,1.0,1.0
268,1,710,shuffled_wrong_answer_control,13,1.0,1.0,1.0,1.0,1.0
268,1,,oracle_corrective,16,1.0,1.0,1.0,1.0,1.0
268,2,,question_only,11,1.0,1.0,1.0,1.0,1.0
268,2,,wrong_answer_conditioned,14,1.0,1.0,1.0,1.0,1.0
268,2,793,shuffled_wrong_answer_control,12,1.0,1.0,1.0,1.0,1.0
268,2,,oracle_corrective,17,1.0,1.0,1.0,1.0,1.0
268,3,,question_only,11,1.0,1.0,1.0,1.0,1.0
268,3,,wrong_answer_conditioned,13,1.0,1.0,1.0,1.0,1.0
268,3,608,shuffled_wrong_answer_control,15,1.0,1.0,1.0,1.0,1.0
268,3,,oracle_corrective,16,1.0,1.0,1.0,1.0,1.0
269,1,,question_only,12,1.0,1.0,1.0,1.0,1.0
269,1,,wrong_answer_conditioned,13,1.0,1.0,1.0,1.0,1.0
269,1,584,shuffled_wrong_answer_control,13,1.0,1.0,1.0,1.0,1.0
269,1,,oracle_corrective,14,1.0,1.0,1.0,1.0,1.0
269,2,,question_only,12,1.0,1.0,1.0,1.0,1.0
269,2,,wrong_answer_conditioned,13,1.0,1.0,1.0,1.0,1.0
269,2,112,shuffled_wrong_answer_control,14,1.0,1.0,1.0,1.0,1.0
269,2,,oracle_corrective,14,1.0,1.0,1.0,1.0,1.0
269,3,,question_only,12,1.0,1.0,1.0,1.0,1.0
269,3,,wrong_answer_conditioned,13,1.0,1.0,1.0,1.0,1.0
269,3,663,shuffled_wrong_answer_control,13,1.0,1.0,1.0,1.0,1.0
269,3,,oracle_corrective,14,1.0,1.0,1.0,1.0,1.0
270,1,,question_only,10,1.0,1.0,1.0,1.0,1.0
270,1,,wrong_answer_conditioned,11,1.0,1.0,1.0,1.0,1.0
270,1,457,shuffled_wrong_answer_control,11,1.0,1.0,1.0,1.0,1.0
270,1,,oracle_corrective,12,1.0,1.0,1.0,1.0,1.0
270,2,,question_only,10,1.0,1.0,1.0,1.0,1.0
270,2,,wrong_answer_conditioned,11,1.0,1.0,1.0,1.0,1.0
270,2,188,shuffled_wrong_answer_control,12,1.0,1.0,1.0,1.0,1.0
270,2,,oracle_corrective,12,1.0,1.0,1.0,1.0,1.0
270,3,,question_only,10,1.0,1.0,1.0,1.0,1.0
270,3,,wrong_answer_conditioned,11,1.0,1.0,1.0,1.0,1.0
270,3,522,shuffled_wrong_answer_control,13,1.0,1.0,1.0,1.0,1.0
270,3,,oracle_corrective,12,1.0,1.0,1.0,1.0,1.0
271,1,,question_only,5,0.5,0.0,1.0,1.0,0.6309297535714575
271,1,,wrong_answer_conditioned,6,0.3333333333333333,0.0,1.0,1.0,0.5
271,1,685,shuffled_wrong_answer_control,6,0.5,0.0,1.0,1.0,0.6309297535714575
271,1,,oracle_corrective,7,0.25,0.0,0.0,1.0,0.43067655807339306
271,2,,question_only,5,0.5,0.0,1.0,1.0,0.6309297535714575
271,2,,wrong_answer_conditioned,6,0.3333333333333333,0.0,1.0,1.0,0.5
271,2,175,shuffled_wrong_answer_control,7,0.5,0.0,1.0,1.0,0.6309297535714575
271,2,,oracle_corrective,7,0.3333333333333333,0.0,1.0,1.0,0.5
271,3,,question_only,5,0.5,0.0,1.0,1.0,0.6309297535714575
271,3,,wrong_answer_conditioned,6,1.0,1.0,1.0,1.0,1.0
271,3,604,shuffled_wrong_answer_control,7,1.0,1.0,1.0,1.0,1.0
271,3,,oracle_corrective,7,0.25,0.0,0.0,1.0,0.43067655807339306
272,1,,question_only,38,1.0,1.0,1.0,1.0,1.0
272,1,,wrong_answer_conditioned,39,1.0,1.0,1.0,1.0,1.0
272,1,645,shuffled_wrong_answer_control,39,1.0,1.0,1.0,1.0,1.0
272,1,,oracle_corrective,41,1.0,1.0,1.0,1.0,1.0
272,2,,question_only,38,1.0,1.0,1.0,1.0,1.0
272,2,,wrong_answer_conditioned,40,1.0,1.0,1.0,1.0,1.0
272,2,842,shuffled_wrong_answer_control,39,1.0,1.0,1.0,1.0,1.0
272,2,,oracle_corrective,42,1.0,1.0,1.0,1.0,1.0
272,3,,question_only,38,1.0,1.0,1.0,1.0,1.0
272,3,,wrong_answer_conditioned,40,1.0,1.0,1.0,1.0,1.0
272,3,749,shuffled_wrong_answer_control,39,1.0,1.0,1.0,1.0,1.0
272,3,,oracle_corrective,42,1.0,1.0,1.0,1.0,1.0
273,1,,question_only,12,1.0,1.0,1.0,1.0,1.0
273,1,,wrong_answer_conditioned,13,1.0,1.0,1.0,1.0,1.0
273,1,335,shuffled_wrong_answer_control,14,1.0,1.0,1.0,1.0,1.0
273,1,,oracle_corrective,14,1.0,1.0,1.0,1.0,1.0
273,2,,question_only,12,1.0,1.0,1.0,1.0,1.0
273,2,,wrong_answer_conditioned,13,1.0,1.0,1.0,1.0,1.0
273,2,620,shuffled_wrong_answer_control,13,1.0,1.0,1.0,1.0,1.0
273,2,,oracle_corrective,14,1.0,1.0,1.0,1.0,1.0
273,3,,question_only,12,1.0,1.0,1.0,1.0,1.0
273,3,,wrong_answer_conditioned,13,1.0,1.0,1.0,1.0,1.0
273,3,555,shuffled_wrong_answer_control,14,1.0,1.0,1.0,1.0,1.0
273,3,,oracle_corrective,14,1.0,1.0,1.0,1.0,1.0
274,1,,question_only,11,1.0,1.0,1.0,1.0,1.0
274,1,,wrong_answer_conditioned,12,1.0,1.0,1.0,1.0,1.0
274,1,837,shuffled_wrong_answer_control,13,1.0,1.0,1.0,1.0,1.0
274,1,,oracle_corrective,13,1.0,1.0,1.0,1.0,1.0
274,2,,question_only,11,1.0,1.0,1.0,1.0,1.0
274,2,,wrong_answer_conditioned,12,1.0,1.0,1.0,1.0,1.0
274,2,861,shuffled_wrong_answer_control,12,1.0,1.0,1.0,1.0,1.0
274,2,,oracle_corrective,13,1.0,1.0,1.0,1.0,1.0
274,3,,question_only,11,1.0,1.0,1.0,1.0,1.0
274,3,,wrong_answer_conditioned,12,1.0,1.0,1.0,1.0,1.0
274,3,861,shuffled_wrong_answer_control,12,1.0,1.0,1.0,1.0,1.0
274,3,,oracle_corrective,13,1.0,1.0,1.0,1.0,1.0
275,1,,question_only,9,1.0,1.0,1.0,1.0,1.0
275,1,,wrong_answer_conditioned,10,0.5,0.0,1.0,1.0,0.6309297535714575
275,1,478,shuffled_wrong_answer_control,10,1.0,1.0,1.0,1.0,1.0
275,1,,oracle_corrective,11,1.0,1.0,1.0,1.0,1.0
275,2,,question_only,9,1.0,1.0,1.0,1.0,1.0
275,2,,wrong_answer_conditioned,10,1.0,1.0,1.0,1.0,1.0
275,2,613,shuffled_wrong_answer_control,11,1.0,1.0,1.0,1.0,1.0
275,2,,oracle_corrective,11,1.0,1.0,1.0,1.0,1.0
275,3,,question_only,9,1.0,1.0,1.0,1.0,1.0
275,3,,wrong_answer_conditioned,10,1.0,1.0,1.0,1.0,1.0
275,3,864,shuffled_wrong_answer_control,11,1.0,1.0,1.0,1.0,1.0
275,3,,oracle_corrective,11,1.0,1.0,1.0,1.0,1.0
276,1,,question_only,11,1.0,1.0,1.0,1.0,1.0
276,1,,wrong_answer_conditioned,12,1.0,1.0,1.0,1.0,1.0
276,1,18,shuffled_wrong_answer_control,14,1.0,1.0,1.0,1.0,1.0
276,1,,oracle_corrective,13,1.0,1.0,1.0,1.0,1.0
276,2,,question_only,11,1.0,1.0,1.0,1.0,1.0
276,2,,wrong_answer_conditioned,12,1.0,1.0,1.0,1.0,1.0
276,2,464,shuffled_wrong_answer_control,12,1.0,1.0,1.0,1.0,1.0
276,2,,oracle_corrective,13,1.0,1.0,1.0,1.0,1.0
276,3,,question_only,11,1.0,1.0,1.0,1.0,1.0
276,3,,wrong_answer_conditioned,12,1.0,1.0,1.0,1.0,1.0
276,3,82,shuffled_wrong_answer_control,14,1.0,1.0,1.0,1.0,1.0
276,3,,oracle_corrective,13,1.0,1.0,1.0,1.0,1.0
277,1,,question_only,7,1.0,1.0,1.0,1.0,1.0
277,1,,wrong_answer_conditioned,10,1.0,1.0,1.0,1.0,1.0
277,1,486,shuffled_wrong_answer_control,8,1.0,1.0,1.0,1.0,1.0
277,1,,oracle_corrective,11,1.0,1.0,1.0,1.0,1.0
277,2,,question_only,7,1.0,1.0,1.0,1.0,1.0
277,2,,wrong_answer_conditioned,9,1.0,1.0,1.0,1.0,1.0
277,2,18,shuffled_wrong_answer_control,10,1.0,1.0,1.0,1.0,1.0
277,2,,oracle_corrective,10,1.0,1.0,1.0,1.0,1.0
277,3,,question_only,7,1.0,1.0,1.0,1.0,1.0
277,3,,wrong_answer_conditioned,8,1.0,1.0,1.0,1.0,1.0
277,3,443,shuffled_wrong_answer_control,10,1.0,1.0,1.0,1.0,1.0
277,3,,oracle_corrective,9,1.0,1.0,1.0,1.0,1.0
278,1,,question_only,12,1.0,1.0,1.0,1.0,1.0
278,1,,wrong_answer_conditioned,14,1.0,1.0,1.0,1.0,1.0
278,1,546,shuffled_wrong_answer_control,14,1.0,1.0,1.0,1.0,1.0
278,1,,oracle_corrective,16,1.0,1.0,1.0,1.0,1.0
278,2,,question_only,12,1.0,1.0,1.0,1.0,1.0
278,2,,wrong_answer_conditioned,14,1.0,1.0,1.0,1.0,1.0
278,2,195,shuffled_wrong_answer_control,14,1.0,1.0,1.0,1.0,1.0
278,2,,oracle_corrective,16,1.0,1.0,1.0,1.0,1.0
278,3,,question_only,12,1.0,1.0,1.0,1.0,1.0
278,3,,wrong_answer_conditioned,14,1.0,1.0,1.0,1.0,1.0
278,3,300,shuffled_wrong_answer_control,14,1.0,1.0,1.0,1.0,1.0
278,3,,oracle_corrective,16,1.0,1.0,1.0,1.0,1.0
279,1,,question_only,9,0.3333333333333333,0.0,1.0,1.0,0.5
279,1,,wrong_answer_conditioned,10,0.0,0.0,0.0,0.0,0.0
279,1,446,shuffled_wrong_answer_control,10,0.3333333333333333,0.0,1.0,1.0,0.5
279,1,,oracle_corrective,11,1.0,1.0,1.0,1.0,1.0
279,2,,question_only,9,0.3333333333333333,0.0,1.0,1.0,0.5
279,2,,wrong_answer_conditioned,10,0.3333333333333333,0.0,1.0,1.0,0.5
279,2,303,shuffled_wrong_answer_control,10,0.3333333333333333,0.0,1.0,1.0,0.5
279,2,,oracle_corrective,11,1.0,1.0,1.0,1.0,1.0
279,3,,question_only,9,0.3333333333333333,0.0,1.0,1.0,0.5
279,3,,wrong_answer_conditioned,10,0.3333333333333333,0.0,1.0,1.0,0.5
279,3,718,shuffled_wrong_answer_control,10,0.3333333333333333,0.0,1.0,1.0,0.5
279,3,,oracle_corrective,11,1.0,1.0,1.0,1.0,1.0
280,1,,question_only,18,1.0,1.0,1.0,1.0,1.0
280,1,,wrong_answer_conditioned,21,1.0,1.0,1.0,1.0,1.0
280,1,454,shuffled_wrong_answer_control,19,1.0,1.0,1.0,1.0,1.0
280,1,,oracle_corrective,24,1.0,1.0,1.0,1.0,1.0
280,2,,question_only,18,1.0,1.0,1.0,1.0,1.0
280,2,,wrong_answer_conditioned,19,1.0,1.0,1.0,1.0,1.0
280,2,279,shuffled_wrong_answer_control,19,1.0,1.0,1.0,1.0,1.0
280,2,,oracle_corrective,22,1.0,1.0,1.0,1.0,1.0
280,3,,question_only,18,1.0,1.0,1.0,1.0,1.0
280,3,,wrong_answer_conditioned,20,1.0,1.0,1.0,1.0,1.0
280,3,247,shuffled_wrong_answer_control,19,1.0,1.0,1.0,1.0,1.0
280,3,,oracle_corrective,23,1.0,1.0,1.0,1.0,1.0
281,1,,question_only,27,1.0,1.0,1.0,1.0,1.0
281,1,,wrong_answer_conditioned,28,1.0,1.0,1.0,1.0,1.0
281,1,784,shuffled_wrong_answer_control,29,1.0,1.0,1.0,1.0,1.0
281,1,,oracle_corrective,29,1.0,1.0,1.0,1.0,1.0
281,2,,question_only,27,1.0,1.0,1.0,1.0,1.0
281,2,,wrong_answer_conditioned,28,1.0,1.0,1.0,1.0,1.0
281,2,267,shuffled_wrong_answer_control,28,1.0,1.0,1.0,1.0,1.0
281,2,,oracle_corrective,29,1.0,1.0,1.0,1.0,1.0
281,3,,question_only,27,1.0,1.0,1.0,1.0,1.0
281,3,,wrong_answer_conditioned,28,1.0,1.0,1.0,1.0,1.0
281,3,49,shuffled_wrong_answer_control,29,1.0,1.0,1.0,1.0,1.0
281,3,,oracle_corrective,29,1.0,1.0,1.0,1.0,1.0
282,1,,question_only,22,1.0,1.0,1.0,1.0,1.0
282,1,,wrong_answer_conditioned,23,1.0,1.0,1.0,1.0,1.0
282,1,451,shuffled_wrong_answer_control,24,1.0,1.0,1.0,1.0,1.0
282,1,,oracle_corrective,24,1.0,1.0,1.0,1.0,1.0
282,2,,question_only,22,1.0,1.0,1.0,1.0,1.0
282,2,,wrong_answer_conditioned,23,1.0,1.0,1.0,1.0,1.0
282,2,522,shuffled_wrong_answer_control,25,1.0,1.0,1.0,1.0,1.0
282,2,,oracle_corrective,24,1.0,1.0,1.0,1.0,1.0
282,3,,question_only,22,1.0,1.0,1.0,1.0,1.0
282,3,,wrong_answer_conditioned,23,1.0,1.0,1.0,1.0,1.0
282,3,402,shuffled_wrong_answer_control,24,1.0,1.0,1.0,1.0,1.0
282,3,,oracle_corrective,24,1.0,1.0,1.0,1.0,1.0
283,1,,question_only,8,1.0,1.0,1.0,1.0,1.0
283,1,,wrong_answer_conditioned,9,1.0,1.0,1.0,1.0,1.0
283,1,252,shuffled_wrong_answer_control,9,1.0,1.0,1.0,1.0,1.0
283,1,,oracle_corrective,10,1.0,1.0,1.0,1.0,1.0
283,2,,question_only,8,1.0,1.0,1.0,1.0,1.0
283,2,,wrong_answer_conditioned,9,1.0,1.0,1.0,1.0,1.0
283,2,488,shuffled_wrong_answer_control,9,1.0,1.0,1.0,1.0,1.0
283,2,,oracle_corrective,10,1.0,1.0,1.0,1.0,1.0
283,3,,question_only,8,1.0,1.0,1.0,1.0,1.0
283,3,,wrong_answer_conditioned,9,1.0,1.0,1.0,1.0,1.0
283,3,258,shuffled_wrong_answer_control,10,1.0,1.0,1.0,1.0,1.0
283,3,,oracle_corrective,10,1.0,1.0,1.0,1.0,1.0
284,1,,question_only,18,1.0,1.0,1.0,1.0,1.0
284,1,,wrong_answer_conditioned,19,1.0,1.0,1.0,1.0,1.0
284,1,331,shuffled_wrong_answer_control,19,1.0,1.0,1.0,1.0,1.0
284,1,,oracle_corrective,20,1.0,1.0,1.0,1.0,1.0
284,2,,question_only,18,1.0,1.0,1.0,1.0,1.0
284,2,,wrong_answer_conditioned,19,1.0,1.0,1.0,1.0,1.0
284,2,103,shuffled_wrong_answer_control,19,1.0,1.0,1.0,1.0,1.0
284,2,,oracle_corrective,20,1.0,1.0,1.0,1.0,1.0
284,3,,question_only,18,1.0,1.0,1.0,1.0,1.0
284,3,,wrong_answer_conditioned,19,1.0,1.0,1.0,1.0,1.0
284,3,636,shuffled_wrong_answer_control,19,1.0,1.0,1.0,1.0,1.0
284,3,,oracle_corrective,20,1.0,1.0,1.0,1.0,1.0
285,1,,question_only,19,1.0,1.0,1.0,1.0,1.0
285,1,,wrong_answer_conditioned,20,1.0,1.0,1.0,1.0,1.0
285,1,166,shuffled_wrong_answer_control,20,1.0,1.0,1.0,1.0,1.0
285,1,,oracle_corrective,21,1.0,1.0,1.0,1.0,1.0
285,2,,question_only,19,1.0,1.0,1.0,1.0,1.0
285,2,,wrong_answer_conditioned,20,1.0,1.0,1.0,1.0,1.0
285,2,836,shuffled_wrong_answer_control,20,1.0,1.0,1.0,1.0,1.0
285,2,,oracle_corrective,21,1.0,1.0,1.0,1.0,1.0
285,3,,question_only,19,1.0,1.0,1.0,1.0,1.0
285,3,,wrong_answer_conditioned,20,1.0,1.0,1.0,1.0,1.0
285,3,376,shuffled_wrong_answer_control,20,1.0,1.0,1.0,1.0,1.0
285,3,,oracle_corrective,21,1.0,1.0,1.0,1.0,1.0
286,1,,question_only,13,1.0,1.0,1.0,1.0,1.0
286,1,,wrong_answer_conditioned,14,1.0,1.0,1.0,1.0,1.0
286,1,195,shuffled_wrong_answer_control,15,1.0,1.0,1.0,1.0,1.0
286,1,,oracle_corrective,15,1.0,1.0,1.0,1.0,1.0
286,2,,question_only,13,1.0,1.0,1.0,1.0,1.0
286,2,,wrong_answer_conditioned,14,1.0,1.0,1.0,1.0,1.0
286,2,5,shuffled_wrong_answer_control,15,1.0,1.0,1.0,1.0,1.0
286,2,,oracle_corrective,15,1.0,1.0,1.0,1.0,1.0
286,3,,question_only,13,1.0,1.0,1.0,1.0,1.0
286,3,,wrong_answer_conditioned,14,1.0,1.0,1.0,1.0,1.0
286,3,665,shuffled_wrong_answer_control,15,1.0,1.0,1.0,1.0,1.0
286,3,,oracle_corrective,15,1.0,1.0,1.0,1.0,1.0
287,1,,question_only,21,1.0,1.0,1.0,1.0,1.0
287,1,,wrong_answer_conditioned,22,1.0,1.0,1.0,1.0,1.0
287,1,783,shuffled_wrong_answer_control,24,1.0,1.0,1.0,1.0,1.0
287,1,,oracle_corrective,23,1.0,1.0,1.0,1.0,1.0
287,2,,question_only,21,1.0,1.0,1.0,1.0,1.0
287,2,,wrong_answer_conditioned,22,1.0,1.0,1.0,1.0,1.0
287,2,208,shuffled_wrong_answer_control,22,1.0,1.0,1.0,1.0,1.0
287,2,,oracle_corrective,23,1.0,1.0,1.0,1.0,1.0
287,3,,question_only,21,1.0,1.0,1.0,1.0,1.0
287,3,,wrong_answer_conditioned,22,1.0,1.0,1.0,1.0,1.0
287,3,233,shuffled_wrong_answer_control,22,1.0,1.0,1.0,1.0,1.0
287,3,,oracle_corrective,23,1.0,1.0,1.0,1.0,1.0
288,1,,question_only,11,1.0,1.0,1.0,1.0,1.0
288,1,,wrong_answer_conditioned,13,1.0,1.0,1.0,1.0,1.0
288,1,819,shuffled_wrong_answer_control,13,1.0,1.0,1.0,1.0,1.0
288,1,,oracle_corrective,15,1.0,1.0,1.0,1.0,1.0
288,2,,question_only,11,1.0,1.0,1.0,1.0,1.0
288,2,,wrong_answer_conditioned,13,1.0,1.0,1.0,1.0,1.0
288,2,873,shuffled_wrong_answer_control,13,1.0,1.0,1.0,1.0,1.0
288,2,,oracle_corrective,15,1.0,1.0,1.0,1.0,1.0
288,3,,question_only,11,1.0,1.0,1.0,1.0,1.0
288,3,,wrong_answer_conditioned,13,1.0,1.0,1.0,1.0,1.0
288,3,401,shuffled_wrong_answer_control,14,1.0,1.0,1.0,1.0,1.0
288,3,,oracle_corrective,15,1.0,1.0,1.0,1.0,1.0
289,1,,question_only,15,1.0,1.0,1.0,1.0,1.0
289,1,,wrong_answer_conditioned,16,1.0,1.0,1.0,1.0,1.0
289,1,55,shuffled_wrong_answer_control,16,1.0,1.0,1.0,1.0,1.0
289,1,,oracle_corrective,17,1.0,1.0,1.0,1.0,1.0
289,2,,question_only,15,1.0,1.0,1.0,1.0,1.0
289,2,,wrong_answer_conditioned,16,1.0,1.0,1.0,1.0,1.0
289,2,404,shuffled_wrong_answer_control,17,1.0,1.0,1.0,1.0,1.0
289,2,,oracle_corrective,17,1.0,1.0,1.0,1.0,1.0
289,3,,question_only,15,1.0,1.0,1.0,1.0,1.0
289,3,,wrong_answer_conditioned,16,1.0,1.0,1.0,1.0,1.0
289,3,55,shuffled_wrong_answer_control,16,1.0,1.0,1.0,1.0,1.0
289,3,,oracle_corrective,17,1.0,1.0,1.0,1.0,1.0
290,1,,question_only,13,1.0,1.0,1.0,1.0,1.0
290,1,,wrong_answer_conditioned,14,1.0,1.0,1.0,1.0,1.0
290,1,663,shuffled_wrong_answer_control,14,1.0,1.0,1.0,1.0,1.0
290,1,,oracle_corrective,16,1.0,1.0,1.0,1.0,1.0
290,2,,question_only,13,1.0,1.0,1.0,1.0,1.0
290,2,,wrong_answer_conditioned,15,1.0,1.0,1.0,1.0,1.0
290,2,862,shuffled_wrong_answer_control,14,1.0,1.0,1.0,1.0,1.0
290,2,,oracle_corrective,17,1.0,1.0,1.0,1.0,1.0
290,3,,question_only,13,1.0,1.0,1.0,1.0,1.0
290,3,,wrong_answer_conditioned,15,1.0,1.0,1.0,1.0,1.0
290,3,385,shuffled_wrong_answer_control,16,1.0,1.0,1.0,1.0,1.0
290,3,,oracle_corrective,17,1.0,1.0,1.0,1.0,1.0
291,1,,question_only,32,1.0,1.0,1.0,1.0,1.0
291,1,,wrong_answer_conditioned,34,1.0,1.0,1.0,1.0,1.0
291,1,395,shuffled_wrong_answer_control,33,1.0,1.0,1.0,1.0,1.0
291,1,,oracle_corrective,36,1.0,1.0,1.0,1.0,1.0
291,2,,question_only,32,1.0,1.0,1.0,1.0,1.0
291,2,,wrong_answer_conditioned,34,1.0,1.0,1.0,1.0,1.0
291,2,775,shuffled_wrong_answer_control,33,1.0,1.0,1.0,1.0,1.0
291,2,,oracle_corrective,36,1.0,1.0,1.0,1.0,1.0
291,3,,question_only,32,1.0,1.0,1.0,1.0,1.0
291,3,,wrong_answer_conditioned,34,1.0,1.0,1.0,1.0,1.0
291,3,674,shuffled_wrong_answer_control,33,1.0,1.0,1.0,1.0,1.0
291,3,,oracle_corrective,36,1.0,1.0,1.0,1.0,1.0
292,1,,question_only,14,1.0,1.0,1.0,1.0,1.0
292,1,,wrong_answer_conditioned,15,1.0,1.0,1.0,1.0,1.0
292,1,26,shuffled_wrong_answer_control,15,1.0,1.0,1.0,1.0,1.0
292,1,,oracle_corrective,16,1.0,1.0,1.0,1.0,1.0
292,2,,question_only,14,1.0,1.0,1.0,1.0,1.0
292,2,,wrong_answer_conditioned,15,1.0,1.0,1.0,1.0,1.0
292,2,826,shuffled_wrong_answer_control,15,1.0,1.0,1.0,1.0,1.0
292,2,,oracle_corrective,16,1.0,1.0,1.0,1.0,1.0
292,3,,question_only,14,1.0,1.0,1.0,1.0,1.0
292,3,,wrong_answer_conditioned,15,1.0,1.0,1.0,1.0,1.0
292,3,130,shuffled_wrong_answer_control,15,1.0,1.0,1.0,1.0,1.0
292,3,,oracle_corrective,16,1.0,1.0,1.0,1.0,1.0
293,1,,question_only,10,1.0,1.0,1.0,1.0,1.0
293,1,,wrong_answer_conditioned,11,1.0,1.0,1.0,1.0,1.0
293,1,38,shuffled_wrong_answer_control,13,1.0,1.0,1.0,1.0,1.0
293,1,,oracle_corrective,12,1.0,1.0,1.0,1.0,1.0
293,2,,question_only,10,1.0,1.0,1.0,1.0,1.0
293,2,,wrong_answer_conditioned,11,1.0,1.0,1.0,1.0,1.0
293,2,292,shuffled_wrong_answer_control,11,1.0,1.0,1.0,1.0,1.0
293,2,,oracle_corrective,12,1.0,1.0,1.0,1.0,1.0
293,3,,question_only,10,1.0,1.0,1.0,1.0,1.0
293,3,,wrong_answer_conditioned,11,1.0,1.0,1.0,1.0,1.0
293,3,345,shuffled_wrong_answer_control,11,1.0,1.0,1.0,1.0,1.0
293,3,,oracle_corrective,12,1.0,1.0,1.0,1.0,1.0
294,1,,question_only,17,0.5,0.0,1.0,1.0,0.6309297535714575
294,1,,wrong_answer_conditioned,18,0.5,0.0,1.0,1.0,0.6309297535714575
294,1,411,shuffled_wrong_answer_control,18,0.5,0.0,1.0,1.0,0.6309297535714575
294,1,,oracle_corrective,19,1.0,1.0,1.0,1.0,1.0
294,2,,question_only,17,0.5,0.0,1.0,1.0,0.6309297535714575
294,2,,wrong_answer_conditioned,18,0.5,0.0,1.0,1.0,0.6309297535714575
294,2,255,shuffled_wrong_answer_control,19,0.5,0.0,1.0,1.0,0.6309297535714575
294,2,,oracle_corrective,19,1.0,1.0,1.0,1.0,1.0
294,3,,question_only,17,0.5,0.0,1.0,1.0,0.6309297535714575
294,3,,wrong_answer_conditioned,18,0.5,0.0,1.0,1.0,0.6309297535714575
294,3,814,shuffled_wrong_answer_control,19,0.5,0.0,1.0,1.0,0.6309297535714575
294,3,,oracle_corrective,19,1.0,1.0,1.0,1.0,1.0
295,1,,question_only,17,1.0,1.0,1.0,1.0,1.0
295,1,,wrong_answer_conditioned,18,1.0,1.0,1.0,1.0,1.0
295,1,464,shuffled_wrong_answer_control,18,1.0,1.0,1.0,1.0,1.0
295,1,,oracle_corrective,19,1.0,1.0,1.0,1.0,1.0
295,2,,question_only,17,1.0,1.0,1.0,1.0,1.0
295,2,,wrong_answer_conditioned,18,1.0,1.0,1.0,1.0,1.0
295,2,304,shuffled_wrong_answer_control,18,1.0,1.0,1.0,1.0,1.0
295,2,,oracle_corrective,19,1.0,1.0,1.0,1.0,1.0
295,3,,question_only,17,1.0,1.0,1.0,1.0,1.0
295,3,,wrong_answer_conditioned,18,1.0,1.0,1.0,1.0,1.0
295,3,302,shuffled_wrong_answer_control,21,1.0,1.0,1.0,1.0,1.0
295,3,,oracle_corrective,19,1.0,1.0,1.0,1.0,1.0
296,1,,question_only,8,1.0,1.0,1.0,1.0,1.0
296,1,,wrong_answer_conditioned,9,1.0,1.0,1.0,1.0,1.0
296,1,422,shuffled_wrong_answer_control,9,1.0,1.0,1.0,1.0,1.0
296,1,,oracle_corrective,10,1.0,1.0,1.0,1.0,1.0
296,2,,question_only,8,1.0,1.0,1.0,1.0,1.0
296,2,,wrong_answer_conditioned,9,1.0,1.0,1.0,1.0,1.0
296,2,204,shuffled_wrong_answer_control,9,1.0,1.0,1.0,1.0,1.0
296,2,,oracle_corrective,10,1.0,1.0,1.0,1.0,1.0
296,3,,question_only,8,1.0,1.0,1.0,1.0,1.0
296,3,,wrong_answer_conditioned,9,1.0,1.0,1.0,1.0,1.0
296,3,69,shuffled_wrong_answer_control,9,1.0,1.0,1.0,1.0,1.0
296,3,,oracle_corrective,10,1.0,1.0,1.0,1.0,1.0
297,1,,question_only,19,1.0,1.0,1.0,1.0,1.0
297,1,,wrong_answer_conditioned,20,1.0,1.0,1.0,1.0,1.0
297,1,657,shuffled_wrong_answer_control,21,1.0,1.0,1.0,1.0,1.0
297,1,,oracle_corrective,21,1.0,1.0,1.0,1.0,1.0
297,2,,question_only,19,1.0,1.0,1.0,1.0,1.0
297,2,,wrong_answer_conditioned,20,1.0,1.0,1.0,1.0,1.0
297,2,529,shuffled_wrong_answer_control,21,1.0,1.0,1.0,1.0,1.0
297,2,,oracle_corrective,21,1.0,1.0,1.0,1.0,1.0
297,3,,question_only,19,1.0,1.0,1.0,1.0,1.0
297,3,,wrong_answer_conditioned,20,1.0,1.0,1.0,1.0,1.0
297,3,216,shuffled_wrong_answer_control,21,1.0,1.0,1.0,1.0,1.0
297,3,,oracle_corrective,21,1.0,1.0,1.0,1.0,1.0
298,1,,question_only,14,1.0,1.0,1.0,1.0,1.0
298,1,,wrong_answer_conditioned,16,1.0,1.0,1.0,1.0,1.0
298,1,469,shuffled_wrong_answer_control,15,1.0,1.0,1.0,1.0,1.0
298,1,,oracle_corrective,17,1.0,1.0,1.0,1.0,1.0
298,2,,question_only,14,1.0,1.0,1.0,1.0,1.0
298,2,,wrong_answer_conditioned,15,1.0,1.0,1.0,1.0,1.0
298,2,440,shuffled_wrong_answer_control,15,1.0,1.0,1.0,1.0,1.0
298,2,,oracle_corrective,16,1.0,1.0,1.0,1.0,1.0
298,3,,question_only,14,1.0,1.0,1.0,1.0,1.0
298,3,,wrong_answer_conditioned,15,1.0,1.0,1.0,1.0,1.0
298,3,821,shuffled_wrong_answer_control,15,1.0,1.0,1.0,1.0,1.0
298,3,,oracle_corrective,16,1.0,1.0,1.0,1.0,1.0
299,1,,question_only,11,1.0,1.0,1.0,1.0,1.0
299,1,,wrong_answer_conditioned,13,1.0,1.0,1.0,1.0,1.0
299,1,145,shuffled_wrong_answer_control,13,1.0,1.0,1.0,1.0,1.0
299,1,,oracle_corrective,15,1.0,1.0,1.0,1.0,1.0
299,2,,question_only,11,1.0,1.0,1.0,1.0,1.0
299,2,,wrong_answer_conditioned,13,1.0,1.0,1.0,1.0,1.0
299,2,728,shuffled_wrong_answer_control,12,1.0,1.0,1.0,1.0,1.0
299,2,,oracle_corrective,15,1.0,1.0,1.0,1.0,1.0
299,3,,question_only,11,1.0,1.0,1.0,1.0,1.0
299,3,,wrong_answer_conditioned,13,1.0,1.0,1.0,1.0,1.0
299,3,503,shuffled_wrong_answer_control,12,1.0,1.0,1.0,1.0,1.0
299,3,,oracle_corrective,15,1.0,1.0,1.0,1.0,1.0
300,1,,question_only,8,1.0,1.0,1.0,1.0,1.0
300,1,,wrong_answer_conditioned,9,1.0,1.0,1.0,1.0,1.0
300,1,813,shuffled_wrong_answer_control,9,1.0,1.0,1.0,1.0,1.0
300,1,,oracle_corrective,11,1.0,1.0,1.0,1.0,1.0
300,2,,question_only,8,1.0,1.0,1.0,1.0,1.0
300,2,,wrong_answer_conditioned,10,1.0,1.0,1.0,1.0,1.0
300,2,230,shuffled_wrong_answer_control,9,1.0,1.0,1.0,1.0,1.0
300,2,,oracle_corrective,12,1.0,1.0,1.0,1.0,1.0
300,3,,question_only,8,1.0,1.0,1.0,1.0,1.0
300,3,,wrong_answer_conditioned,10,1.0,1.0,1.0,1.0,1.0
300,3,75,shuffled_wrong_answer_control,9,1.0,1.0,1.0,1.0,1.0
300,3,,oracle_corrective,12,1.0,1.0,1.0,1.0,1.0
301,1,,question_only,8,0.5,0.0,1.0,1.0,0.6309297535714575
301,1,,wrong_answer_conditioned,10,0.5,0.0,1.0,1.0,0.6309297535714575
301,1,549,shuffled_wrong_answer_control,9,1.0,1.0,1.0,1.0,1.0
301,1,,oracle_corrective,12,0.0,0.0,0.0,0.0,0.0
301,2,,question_only,8,0.5,0.0,1.0,1.0,0.6309297535714575
301,2,,wrong_answer_conditioned,10,0.3333333333333333,0.0,1.0,1.0,0.5
301,2,610,shuffled_wrong_answer_control,10,0.5,0.0,1.0,1.0,0.6309297535714575
301,2,,oracle_corrective,12,0.0,0.0,0.0,0.0,0.0
301,3,,question_only,8,0.5,0.0,1.0,1.0,0.6309297535714575
301,3,,wrong_answer_conditioned,10,0.5,0.0,1.0,1.0,0.6309297535714575
301,3,690,shuffled_wrong_answer_control,9,0.5,0.0,1.0,1.0,0.6309297535714575
301,3,,oracle_corrective,12,0.0,0.0,0.0,0.0,0.0
302,1,,question_only,12,1.0,1.0,1.0,1.0,1.0
302,1,,wrong_answer_conditioned,14,1.0,1.0,1.0,1.0,1.0
302,1,188,shuffled_wrong_answer_control,14,1.0,1.0,1.0,1.0,1.0
302,1,,oracle_corrective,16,1.0,1.0,1.0,1.0,1.0
302,2,,question_only,12,1.0,1.0,1.0,1.0,1.0
302,2,,wrong_answer_conditioned,14,1.0,1.0,1.0,1.0,1.0
302,2,636,shuffled_wrong_answer_control,13,1.0,1.0,1.0,1.0,1.0
302,2,,oracle_corrective,16,1.0,1.0,1.0,1.0,1.0
302,3,,question_only,12,1.0,1.0,1.0,1.0,1.0
302,3,,wrong_answer_conditioned,16,1.0,1.0,1.0,1.0,1.0
302,3,384,shuffled_wrong_answer_control,14,1.0,1.0,1.0,1.0,1.0
302,3,,oracle_corrective,18,1.0,1.0,1.0,1.0,1.0
303,1,,question_only,16,1.0,1.0,1.0,1.0,1.0
303,1,,wrong_answer_conditioned,17,1.0,1.0,1.0,1.0,1.0
303,1,848,shuffled_wrong_answer_control,17,1.0,1.0,1.0,1.0,1.0
303,1,,oracle_corrective,19,1.0,1.0,1.0,1.0,1.0
303,2,,question_only,16,1.0,1.0,1.0,1.0,1.0
303,2,,wrong_answer_conditioned,17,1.0,1.0,1.0,1.0,1.0
303,2,166,shuffled_wrong_answer_control,17,1.0,1.0,1.0,1.0,1.0
303,2,,oracle_corrective,19,1.0,1.0,1.0,1.0,1.0
303,3,,question_only,16,1.0,1.0,1.0,1.0,1.0
303,3,,wrong_answer_conditioned,17,1.0,1.0,1.0,1.0,1.0
303,3,419,shuffled_wrong_answer_control,17,1.0,1.0,1.0,1.0,1.0
303,3,,oracle_corrective,19,1.0,1.0,1.0,1.0,1.0
304,1,,question_only,11,1.0,1.0,1.0,1.0,1.0
304,1,,wrong_answer_conditioned,12,1.0,1.0,1.0,1.0,1.0
304,1,673,shuffled_wrong_answer_control,12,1.0,1.0,1.0,1.0,1.0
304,1,,oracle_corrective,13,1.0,1.0,1.0,1.0,1.0
304,2,,question_only,11,1.0,1.0,1.0,1.0,1.0
304,2,,wrong_answer_conditioned,12,1.0,1.0,1.0,1.0,1.0
304,2,326,shuffled_wrong_answer_control,12,1.0,1.0,1.0,1.0,1.0
304,2,,oracle_corrective,13,1.0,1.0,1.0,1.0,1.0
304,3,,question_only,11,1.0,1.0,1.0,1.0,1.0
304,3,,wrong_answer_conditioned,12,1.0,1.0,1.0,1.0,1.0
304,3,732,shuffled_wrong_answer_control,12,1.0,1.0,1.0,1.0,1.0
304,3,,oracle_corrective,13,1.0,1.0,1.0,1.0,1.0
305,1,,question_only,9,0.5,0.0,1.0,1.0,0.6309297535714575
305,1,,wrong_answer_conditioned,10,0.5,0.0,1.0,1.0,0.6309297535714575
305,1,4,shuffled_wrong_answer_control,11,0.5,0.0,1.0,1.0,0.6309297535714575
305,1,,oracle_corrective,11,0.5,0.0,1.0,1.0,0.6309297535714575
305,2,,question_only,9,0.5,0.0,1.0,1.0,0.6309297535714575
305,2,,wrong_answer_conditioned,10,1.0,1.0,1.0,1.0,1.0
305,2,569,shuffled_wrong_answer_control,10,0.5,0.0,1.0,1.0,0.6309297535714575
305,2,,oracle_corrective,11,1.0,1.0,1.0,1.0,1.0
305,3,,question_only,9,0.5,0.0,1.0,1.0,0.6309297535714575
305,3,,wrong_answer_conditioned,10,0.5,0.0,1.0,1.0,0.6309297535714575
305,3,703,shuffled_wrong_answer_control,10,1.0,1.0,1.0,1.0,1.0
305,3,,oracle_corrective,11,1.0,1.0,1.0,1.0,1.0
306,1,,question_only,13,0.0,0.0,0.0,0.0,0.0
306,1,,wrong_answer_conditioned,14,0.0,0.0,0.0,0.0,0.0
306,1,286,shuffled_wrong_answer_control,14,0.0,0.0,0.0,0.0,0.0
306,1,,oracle_corrective,15,0.0,0.0,0.0,0.0,0.0
306,2,,question_only,13,0.0,0.0,0.0,0.0,0.0
306,2,,wrong_answer_conditioned,14,0.0,0.0,0.0,0.0,0.0
306,2,585,shuffled_wrong_answer_control,14,0.0,0.0,0.0,0.0,0.0
306,2,,oracle_corrective,15,0.0,0.0,0.0,0.0,0.0
306,3,,question_only,13,0.0,0.0,0.0,0.0,0.0
306,3,,wrong_answer_conditioned,14,0.0,0.0,0.0,0.0,0.0
306,3,196,shuffled_wrong_answer_control,15,0.0,0.0,0.0,0.0,0.0
306,3,,oracle_corrective,15,0.0,0.0,0.0,0.0,0.0
307,1,,question_only,12,1.0,1.0,1.0,1.0,1.0
307,1,,wrong_answer_conditioned,14,1.0,1.0,1.0,1.0,1.0
307,1,716,shuffled_wrong_answer_control,13,1.0,1.0,1.0,1.0,1.0
307,1,,oracle_corrective,16,1.0,1.0,1.0,1.0,1.0
307,2,,question_only,12,1.0,1.0,1.0,1.0,1.0
307,2,,wrong_answer_conditioned,13,1.0,1.0,1.0,1.0,1.0
307,2,604,shuffled_wrong_answer_control,15,1.0,1.0,1.0,1.0,1.0
307,2,,oracle_corrective,15,1.0,1.0,1.0,1.0,1.0
307,3,,question_only,12,1.0,1.0,1.0,1.0,1.0
307,3,,wrong_answer_conditioned,13,1.0,1.0,1.0,1.0,1.0
307,3,285,shuffled_wrong_answer_control,13,1.0,1.0,1.0,1.0,1.0
307,3,,oracle_corrective,15,1.0,1.0,1.0,1.0,1.0
308,1,,question_only,6,1.0,1.0,1.0,1.0,1.0
308,1,,wrong_answer_conditioned,7,1.0,1.0,1.0,1.0,1.0
308,1,380,shuffled_wrong_answer_control,7,1.0,1.0,1.0,1.0,1.0
308,1,,oracle_corrective,8,1.0,1.0,1.0,1.0,1.0
308,2,,question_only,6,1.0,1.0,1.0,1.0,1.0
308,2,,wrong_answer_conditioned,7,1.0,1.0,1.0,1.0,1.0
308,2,180,shuffled_wrong_answer_control,7,1.0,1.0,1.0,1.0,1.0
308,2,,oracle_corrective,8,1.0,1.0,1.0,1.0,1.0
308,3,,question_only,6,1.0,1.0,1.0,1.0,1.0
308,3,,wrong_answer_conditioned,7,1.0,1.0,1.0,1.0,1.0
308,3,298,shuffled_wrong_answer_control,7,1.0,1.0,1.0,1.0,1.0
308,3,,oracle_corrective,8,1.0,1.0,1.0,1.0,1.0
309,1,,question_only,12,1.0,1.0,1.0,1.0,1.0
309,1,,wrong_answer_conditioned,13,1.0,1.0,1.0,1.0,1.0
309,1,787,shuffled_wrong_answer_control,13,1.0,1.0,1.0,1.0,1.0
309,1,,oracle_corrective,14,1.0,1.0,1.0,1.0,1.0
309,2,,question_only,12,1.0,1.0,1.0,1.0,1.0
309,2,,wrong_answer_conditioned,13,1.0,1.0,1.0,1.0,1.0
309,2,351,shuffled_wrong_answer_control,14,1.0,1.0,1.0,1.0,1.0
309,2,,oracle_corrective,14,1.0,1.0,1.0,1.0,1.0
309,3,,question_only,12,1.0,1.0,1.0,1.0,1.0
309,3,,wrong_answer_conditioned,13,1.0,1.0,1.0,1.0,1.0
309,3,77,shuffled_wrong_answer_control,13,1.0,1.0,1.0,1.0,1.0
309,3,,oracle_corrective,14,1.0,1.0,1.0,1.0,1.0
310,1,,question_only,16,1.0,1.0,1.0,1.0,1.0
310,1,,wrong_answer_conditioned,17,1.0,1.0,1.0,1.0,1.0
310,1,268,shuffled_wrong_answer_control,18,1.0,1.0,1.0,1.0,1.0
310,1,,oracle_corrective,18,1.0,1.0,1.0,1.0,1.0
310,2,,question_only,16,1.0,1.0,1.0,1.0,1.0
310,2,,wrong_answer_conditioned,17,1.0,1.0,1.0,1.0,1.0
310,2,625,shuffled_wrong_answer_control,18,1.0,1.0,1.0,1.0,1.0
310,2,,oracle_corrective,18,1.0,1.0,1.0,1.0,1.0
310,3,,question_only,16,1.0,1.0,1.0,1.0,1.0
310,3,,wrong_answer_conditioned,17,1.0,1.0,1.0,1.0,1.0
310,3,506,shuffled_wrong_answer_control,18,1.0,1.0,1.0,1.0,1.0
310,3,,oracle_corrective,18,1.0,1.0,1.0,1.0,1.0
311,1,,question_only,11,1.0,1.0,1.0,1.0,1.0
311,1,,wrong_answer_conditioned,14,1.0,1.0,1.0,1.0,1.0
311,1,81,shuffled_wrong_answer_control,12,1.0,1.0,1.0,1.0,1.0
311,1,,oracle_corrective,17,1.0,1.0,1.0,1.0,1.0
311,2,,question_only,11,1.0,1.0,1.0,1.0,1.0
311,2,,wrong_answer_conditioned,14,1.0,1.0,1.0,1.0,1.0
311,2,363,shuffled_wrong_answer_control,14,1.0,1.0,1.0,1.0,1.0
311,2,,oracle_corrective,17,1.0,1.0,1.0,1.0,1.0
311,3,,question_only,11,1.0,1.0,1.0,1.0,1.0
311,3,,wrong_answer_conditioned,14,1.0,1.0,1.0,1.0,1.0
311,3,612,shuffled_wrong_answer_control,14,1.0,1.0,1.0,1.0,1.0
311,3,,oracle_corrective,17,1.0,1.0,1.0,1.0,1.0
312,1,,question_only,14,1.0,1.0,1.0,1.0,1.0
312,1,,wrong_answer_conditioned,16,1.0,1.0,1.0,1.0,1.0
312,1,694,shuffled_wrong_answer_control,16,1.0,1.0,1.0,1.0,1.0
312,1,,oracle_corrective,17,1.0,1.0,1.0,1.0,1.0
312,2,,question_only,14,1.0,1.0,1.0,1.0,1.0
312,2,,wrong_answer_conditioned,15,1.0,1.0,1.0,1.0,1.0
312,2,479,shuffled_wrong_answer_control,17,1.0,1.0,1.0,1.0,1.0
312,2,,oracle_corrective,16,1.0,1.0,1.0,1.0,1.0
312,3,,question_only,14,1.0,1.0,1.0,1.0,1.0
312,3,,wrong_answer_conditioned,15,1.0,1.0,1.0,1.0,1.0
312,3,45,shuffled_wrong_answer_control,18,1.0,1.0,1.0,1.0,1.0
312,3,,oracle_corrective,16,1.0,1.0,1.0,1.0,1.0
313,1,,question_only,13,1.0,1.0,1.0,1.0,1.0
313,1,,wrong_answer_conditioned,14,1.0,1.0,1.0,1.0,1.0
313,1,522,shuffled_wrong_answer_control,16,1.0,1.0,1.0,1.0,1.0
313,1,,oracle_corrective,15,1.0,1.0,1.0,1.0,1.0
313,2,,question_only,13,1.0,1.0,1.0,1.0,1.0
313,2,,wrong_answer_conditioned,14,1.0,1.0,1.0,1.0,1.0
313,2,148,shuffled_wrong_answer_control,14,1.0,1.0,1.0,1.0,1.0
313,2,,oracle_corrective,15,1.0,1.0,1.0,1.0,1.0
313,3,,question_only,13,1.0,1.0,1.0,1.0,1.0
313,3,,wrong_answer_conditioned,14,1.0,1.0,1.0,1.0,1.0
313,3,755,shuffled_wrong_answer_control,16,1.0,1.0,1.0,1.0,1.0
313,3,,oracle_corrective,15,1.0,1.0,1.0,1.0,1.0
314,1,,question_only,13,0.5,0.0,1.0,1.0,0.6309297535714575
314,1,,wrong_answer_conditioned,14,0.3333333333333333,0.0,1.0,1.0,0.5
314,1,128,shuffled_wrong_answer_control,14,0.5,0.0,1.0,1.0,0.6309297535714575
314,1,,oracle_corrective,15,0.3333333333333333,0.0,1.0,1.0,0.5
314,2,,question_only,13,0.5,0.0,1.0,1.0,0.6309297535714575
314,2,,wrong_answer_conditioned,14,0.5,0.0,1.0,1.0,0.6309297535714575
314,2,397,shuffled_wrong_answer_control,15,0.5,0.0,1.0,1.0,0.6309297535714575
314,2,,oracle_corrective,15,0.5,0.0,1.0,1.0,0.6309297535714575
314,3,,question_only,13,0.5,0.0,1.0,1.0,0.6309297535714575
314,3,,wrong_answer_conditioned,14,0.5,0.0,1.0,1.0,0.6309297535714575
314,3,215,shuffled_wrong_answer_control,14,0.5,0.0,1.0,1.0,0.6309297535714575
314,3,,oracle_corrective,15,0.5,0.0,1.0,1.0,0.6309297535714575
315,1,,question_only,11,1.0,1.0,1.0,1.0,1.0
315,1,,wrong_answer_conditioned,12,1.0,1.0,1.0,1.0,1.0
315,1,502,shuffled_wrong_answer_control,13,1.0,1.0,1.0,1.0,1.0
315,1,,oracle_corrective,14,1.0,1.0,1.0,1.0,1.0
315,2,,question_only,11,1.0,1.0,1.0,1.0,1.0
315,2,,wrong_answer_conditioned,13,1.0,1.0,1.0,1.0,1.0
315,2,306,shuffled_wrong_answer_control,12,1.0,1.0,1.0,1.0,1.0
315,2,,oracle_corrective,15,1.0,1.0,1.0,1.0,1.0
315,3,,question_only,11,1.0,1.0,1.0,1.0,1.0
315,3,,wrong_answer_conditioned,13,1.0,1.0,1.0,1.0,1.0
315,3,374,shuffled_wrong_answer_control,12,1.0,1.0,1.0,1.0,1.0
315,3,,oracle_corrective,15,1.0,1.0,1.0,1.0,1.0
316,1,,question_only,18,1.0,1.0,1.0,1.0,1.0
316,1,,wrong_answer_conditioned,19,1.0,1.0,1.0,1.0,1.0
316,1,306,shuffled_wrong_answer_control,19,1.0,1.0,1.0,1.0,1.0
316,1,,oracle_corrective,20,1.0,1.0,1.0,1.0,1.0
316,2,,question_only,18,1.0,1.0,1.0,1.0,1.0
316,2,,wrong_answer_conditioned,19,1.0,1.0,1.0,1.0,1.0
316,2,739,shuffled_wrong_answer_control,20,1.0,1.0,1.0,1.0,1.0
316,2,,oracle_corrective,20,1.0,1.0,1.0,1.0,1.0
316,3,,question_only,18,1.0,1.0,1.0,1.0,1.0
316,3,,wrong_answer_conditioned,19,1.0,1.0,1.0,1.0,1.0
316,3,101,shuffled_wrong_answer_control,19,1.0,1.0,1.0,1.0,1.0
316,3,,oracle_corrective,20,1.0,1.0,1.0,1.0,1.0
317,1,,question_only,13,1.0,1.0,1.0,1.0,1.0
317,1,,wrong_answer_conditioned,14,1.0,1.0,1.0,1.0,1.0
317,1,43,shuffled_wrong_answer_control,14,1.0,1.0,1.0,1.0,1.0
317,1,,oracle_corrective,15,1.0,1.0,1.0,1.0,1.0
317,2,,question_only,13,1.0,1.0,1.0,1.0,1.0
317,2,,wrong_answer_conditioned,14,1.0,1.0,1.0,1.0,1.0
317,2,500,shuffled_wrong_answer_control,14,1.0,1.0,1.0,1.0,1.0
317,2,,oracle_corrective,15,1.0,1.0,1.0,1.0,1.0
317,3,,question_only,13,1.0,1.0,1.0,1.0,1.0
317,3,,wrong_answer_conditioned,14,1.0,1.0,1.0,1.0,1.0
317,3,739,shuffled_wrong_answer_control,15,1.0,1.0,1.0,1.0,1.0
317,3,,oracle_corrective,15,1.0,1.0,1.0,1.0,1.0
318,1,,question_only,16,1.0,1.0,1.0,1.0,1.0
318,1,,wrong_answer_conditioned,17,1.0,1.0,1.0,1.0,1.0
318,1,58,shuffled_wrong_answer_control,17,1.0,1.0,1.0,1.0,1.0
318,1,,oracle_corrective,18,1.0,1.0,1.0,1.0,1.0
318,2,,question_only,16,1.0,1.0,1.0,1.0,1.0
318,2,,wrong_answer_conditioned,17,1.0,1.0,1.0,1.0,1.0
318,2,74,shuffled_wrong_answer_control,18,1.0,1.0,1.0,1.0,1.0
318,2,,oracle_corrective,18,1.0,1.0,1.0,1.0,1.0
318,3,,question_only,16,1.0,1.0,1.0,1.0,1.0
318,3,,wrong_answer_conditioned,17,1.0,1.0,1.0,1.0,1.0
318,3,497,shuffled_wrong_answer_control,17,1.0,1.0,1.0,1.0,1.0
318,3,,oracle_corrective,18,1.0,1.0,1.0,1.0,1.0
319,1,,question_only,8,1.0,1.0,1.0,1.0,1.0
319,1,,wrong_answer_conditioned,11,1.0,1.0,1.0,1.0,1.0
319,1,735,shuffled_wrong_answer_control,10,1.0,1.0,1.0,1.0,1.0
319,1,,oracle_corrective,14,1.0,1.0,1.0,1.0,1.0
319,2,,question_only,8,1.0,1.0,1.0,1.0,1.0
319,2,,wrong_answer_conditioned,11,1.0,1.0,1.0,1.0,1.0
319,2,119,shuffled_wrong_answer_control,10,1.0,1.0,1.0,1.0,1.0
319,2,,oracle_corrective,14,1.0,1.0,1.0,1.0,1.0
319,3,,question_only,8,1.0,1.0,1.0,1.0,1.0
319,3,,wrong_answer_conditioned,11,1.0,1.0,1.0,1.0,1.0
319,3,651,shuffled_wrong_answer_control,10,1.0,1.0,1.0,1.0,1.0
319,3,,oracle_corrective,14,1.0,1.0,1.0,1.0,1.0
320,1,,question_only,16,1.0,1.0,1.0,1.0,1.0
320,1,,wrong_answer_conditioned,17,1.0,1.0,1.0,1.0,1.0
320,1,386,shuffled_wrong_answer_control,17,1.0,1.0,1.0,1.0,1.0
320,1,,oracle_corrective,19,1.0,1.0,1.0,1.0,1.0
320,2,,question_only,16,1.0,1.0,1.0,1.0,1.0
320,2,,wrong_answer_conditioned,17,1.0,1.0,1.0,1.0,1.0
320,2,779,shuffled_wrong_answer_control,18,1.0,1.0,1.0,1.0,1.0
320,2,,oracle_corrective,19,1.0,1.0,1.0,1.0,1.0
320,3,,question_only,16,1.0,1.0,1.0,1.0,1.0
320,3,,wrong_answer_conditioned,18,1.0,1.0,1.0,1.0,1.0
320,3,602,shuffled_wrong_answer_control,18,1.0,1.0,1.0,1.0,1.0
320,3,,oracle_corrective,20,1.0,1.0,1.0,1.0,1.0
321,1,,question_only,12,1.0,1.0,1.0,1.0,1.0
321,1,,wrong_answer_conditioned,13,1.0,1.0,1.0,1.0,1.0
321,1,409,shuffled_wrong_answer_control,13,1.0,1.0,1.0,1.0,1.0
321,1,,oracle_corrective,14,1.0,1.0,1.0,1.0,1.0
321,2,,question_only,12,1.0,1.0,1.0,1.0,1.0
321,2,,wrong_answer_conditioned,13,1.0,1.0,1.0,1.0,1.0
321,2,756,shuffled_wrong_answer_control,13,1.0,1.0,1.0,1.0,1.0
321,2,,oracle_corrective,14,1.0,1.0,1.0,1.0,1.0
321,3,,question_only,12,1.0,1.0,1.0,1.0,1.0
321,3,,wrong_answer_conditioned,13,1.0,1.0,1.0,1.0,1.0
321,3,201,shuffled_wrong_answer_control,14,1.0,1.0,1.0,1.0,1.0
321,3,,oracle_corrective,14,1.0,1.0,1.0,1.0,1.0
322,1,,question_only,11,1.0,1.0,1.0,1.0,1.0
322,1,,wrong_answer_conditioned,12,1.0,1.0,1.0,1.0,1.0
322,1,330,shuffled_wrong_answer_control,12,1.0,1.0,1.0,1.0,1.0
322,1,,oracle_corrective,13,1.0,1.0,1.0,1.0,1.0
322,2,,question_only,11,1.0,1.0,1.0,1.0,1.0
322,2,,wrong_answer_conditioned,12,1.0,1.0,1.0,1.0,1.0
322,2,819,shuffled_wrong_answer_control,13,1.0,1.0,1.0,1.0,1.0
322,2,,oracle_corrective,13,1.0,1.0,1.0,1.0,1.0
322,3,,question_only,11,1.0,1.0,1.0,1.0,1.0
322,3,,wrong_answer_conditioned,12,1.0,1.0,1.0,1.0,1.0
322,3,332,shuffled_wrong_answer_control,12,1.0,1.0,1.0,1.0,1.0
322,3,,oracle_corrective,13,1.0,1.0,1.0,1.0,1.0
323,1,,question_only,14,1.0,1.0,1.0,1.0,1.0
323,1,,wrong_answer_conditioned,16,1.0,1.0,1.0,1.0,1.0
323,1,385,shuffled_wrong_answer_control,17,1.0,1.0,1.0,1.0,1.0
323,1,,oracle_corrective,18,1.0,1.0,1.0,1.0,1.0
323,2,,question_only,14,1.0,1.0,1.0,1.0,1.0
323,2,,wrong_answer_conditioned,15,1.0,1.0,1.0,1.0,1.0
323,2,803,shuffled_wrong_answer_control,15,1.0,1.0,1.0,1.0,1.0
323,2,,oracle_corrective,17,1.0,1.0,1.0,1.0,1.0
323,3,,question_only,14,1.0,1.0,1.0,1.0,1.0
323,3,,wrong_answer_conditioned,15,1.0,1.0,1.0,1.0,1.0
323,3,154,shuffled_wrong_answer_control,16,1.0,1.0,1.0,1.0,1.0
323,3,,oracle_corrective,17,1.0,1.0,1.0,1.0,1.0
324,1,,question_only,14,1.0,1.0,1.0,1.0,1.0
324,1,,wrong_answer_conditioned,16,1.0,1.0,1.0,1.0,1.0
324,1,94,shuffled_wrong_answer_control,15,1.0,1.0,1.0,1.0,1.0
324,1,,oracle_corrective,18,1.0,1.0,1.0,1.0,1.0
324,2,,question_only,14,1.0,1.0,1.0,1.0,1.0
324,2,,wrong_answer_conditioned,16,1.0,1.0,1.0,1.0,1.0
324,2,609,shuffled_wrong_answer_control,15,1.0,1.0,1.0,1.0,1.0
324,2,,oracle_corrective,18,1.0,1.0,1.0,1.0,1.0
324,3,,question_only,14,1.0,1.0,1.0,1.0,1.0
324,3,,wrong_answer_conditioned,16,1.0,1.0,1.0,1.0,1.0
324,3,338,shuffled_wrong_answer_control,15,1.0,1.0,1.0,1.0,1.0
324,3,,oracle_corrective,18,1.0,1.0,1.0,1.0,1.0
325,1,,question_only,13,1.0,1.0,1.0,1.0,1.0
325,1,,wrong_answer_conditioned,14,1.0,1.0,1.0,1.0,1.0
325,1,647,shuffled_wrong_answer_control,19,1.0,1.0,1.0,1.0,1.0
325,1,,oracle_corrective,15,1.0,1.0,1.0,1.0,1.0
325,2,,question_only,13,1.0,1.0,1.0,1.0,1.0
325,2,,wrong_answer_conditioned,14,1.0,1.0,1.0,1.0,1.0
325,2,790,shuffled_wrong_answer_control,14,1.0,1.0,1.0,1.0,1.0
325,2,,oracle_corrective,15,1.0,1.0,1.0,1.0,1.0
325,3,,question_only,13,1.0,1.0,1.0,1.0,1.0
325,3,,wrong_answer_conditioned,14,1.0,1.0,1.0,1.0,1.0
325,3,301,shuffled_wrong_answer_control,15,1.0,1.0,1.0,1.0,1.0
325,3,,oracle_corrective,15,1.0,1.0,1.0,1.0,1.0
326,1,,question_only,19,1.0,1.0,1.0,1.0,1.0
326,1,,wrong_answer_conditioned,21,1.0,1.0,1.0,1.0,1.0
326,1,528,shuffled_wrong_answer_control,20,1.0,1.0,1.0,1.0,1.0
326,1,,oracle_corrective,24,1.0,1.0,1.0,1.0,1.0
326,2,,question_only,19,1.0,1.0,1.0,1.0,1.0
326,2,,wrong_answer_conditioned,20,1.0,1.0,1.0,1.0,1.0
326,2,97,shuffled_wrong_answer_control,20,1.0,1.0,1.0,1.0,1.0
326,2,,oracle_corrective,23,1.0,1.0,1.0,1.0,1.0
326,3,,question_only,19,1.0,1.0,1.0,1.0,1.0
326,3,,wrong_answer_conditioned,22,1.0,1.0,1.0,1.0,1.0
326,3,816,shuffled_wrong_answer_control,20,1.0,1.0,1.0,1.0,1.0
326,3,,oracle_corrective,25,1.0,1.0,1.0,1.0,1.0
327,1,,question_only,7,1.0,1.0,1.0,1.0,1.0
327,1,,wrong_answer_conditioned,9,1.0,1.0,1.0,1.0,1.0
327,1,567,shuffled_wrong_answer_control,9,1.0,1.0,1.0,1.0,1.0
327,1,,oracle_corrective,11,1.0,1.0,1.0,1.0,1.0
327,2,,question_only,7,1.0,1.0,1.0,1.0,1.0
327,2,,wrong_answer_conditioned,9,1.0,1.0,1.0,1.0,1.0
327,2,402,shuffled_wrong_answer_control,9,1.0,1.0,1.0,1.0,1.0
327,2,,oracle_corrective,11,1.0,1.0,1.0,1.0,1.0
327,3,,question_only,7,1.0,1.0,1.0,1.0,1.0
327,3,,wrong_answer_conditioned,9,1.0,1.0,1.0,1.0,1.0
327,3,322,shuffled_wrong_answer_control,8,1.0,1.0,1.0,1.0,1.0
327,3,,oracle_corrective,11,1.0,1.0,1.0,1.0,1.0
328,1,,question_only,8,1.0,1.0,1.0,1.0,1.0
328,1,,wrong_answer_conditioned,9,1.0,1.0,1.0,1.0,1.0
328,1,85,shuffled_wrong_answer_control,10,1.0,1.0,1.0,1.0,1.0
328,1,,oracle_corrective,10,1.0,1.0,1.0,1.0,1.0
328,2,,question_only,8,1.0,1.0,1.0,1.0,1.0
328,2,,wrong_answer_conditioned,9,1.0,1.0,1.0,1.0,1.0
328,2,839,shuffled_wrong_answer_control,10,1.0,1.0,1.0,1.0,1.0
328,2,,oracle_corrective,10,1.0,1.0,1.0,1.0,1.0
328,3,,question_only,8,1.0,1.0,1.0,1.0,1.0
328,3,,wrong_answer_conditioned,9,1.0,1.0,1.0,1.0,1.0
328,3,675,shuffled_wrong_answer_control,10,1.0,1.0,1.0,1.0,1.0
328,3,,oracle_corrective,10,1.0,1.0,1.0,1.0,1.0
329,1,,question_only,18,1.0,1.0,1.0,1.0,1.0
329,1,,wrong_answer_conditioned,19,1.0,1.0,1.0,1.0,1.0
329,1,515,shuffled_wrong_answer_control,19,1.0,1.0,1.0,1.0,1.0
329,1,,oracle_corrective,20,1.0,1.0,1.0,1.0,1.0
329,2,,question_only,18,1.0,1.0,1.0,1.0,1.0
329,2,,wrong_answer_conditioned,19,1.0,1.0,1.0,1.0,1.0
329,2,512,shuffled_wrong_answer_control,19,1.0,1.0,1.0,1.0,1.0
329,2,,oracle_corrective,20,1.0,1.0,1.0,1.0,1.0
329,3,,question_only,18,1.0,1.0,1.0,1.0,1.0
329,3,,wrong_answer_conditioned,19,1.0,1.0,1.0,1.0,1.0
329,3,838,shuffled_wrong_answer_control,19,1.0,1.0,1.0,1.0,1.0
329,3,,oracle_corrective,20,1.0,1.0,1.0,1.0,1.0
330,1,,question_only,7,1.0,1.0,1.0,1.0,1.0
330,1,,wrong_answer_conditioned,8,1.0,1.0,1.0,1.0,1.0
330,1,109,shuffled_wrong_answer_control,8,1.0,1.0,1.0,1.0,1.0
330,1,,oracle_corrective,9,1.0,1.0,1.0,1.0,1.0
330,2,,question_only,7,1.0,1.0,1.0,1.0,1.0
330,2,,wrong_answer_conditioned,9,1.0,1.0,1.0,1.0,1.0
330,2,59,shuffled_wrong_answer_control,8,1.0,1.0,1.0,1.0,1.0
330,2,,oracle_corrective,10,1.0,1.0,1.0,1.0,1.0
330,3,,question_only,7,1.0,1.0,1.0,1.0,1.0
330,3,,wrong_answer_conditioned,8,1.0,1.0,1.0,1.0,1.0
330,3,197,shuffled_wrong_answer_control,8,1.0,1.0,1.0,1.0,1.0
330,3,,oracle_corrective,9,1.0,1.0,1.0,1.0,1.0
331,1,,question_only,17,1.0,1.0,1.0,1.0,1.0
331,1,,wrong_answer_conditioned,18,1.0,1.0,1.0,1.0,1.0
331,1,246,shuffled_wrong_answer_control,18,1.0,1.0,1.0,1.0,1.0
331,1,,oracle_corrective,19,1.0,1.0,1.0,1.0,1.0
331,2,,question_only,17,1.0,1.0,1.0,1.0,1.0
331,2,,wrong_answer_conditioned,18,1.0,1.0,1.0,1.0,1.0
331,2,735,shuffled_wrong_answer_control,19,1.0,1.0,1.0,1.0,1.0
331,2,,oracle_corrective,19,1.0,1.0,1.0,1.0,1.0
331,3,,question_only,17,1.0,1.0,1.0,1.0,1.0
331,3,,wrong_answer_conditioned,18,1.0,1.0,1.0,1.0,1.0
331,3,245,shuffled_wrong_answer_control,19,1.0,1.0,1.0,1.0,1.0
331,3,,oracle_corrective,19,1.0,1.0,1.0,1.0,1.0
332,1,,question_only,15,1.0,1.0,1.0,1.0,1.0
332,1,,wrong_answer_conditioned,16,1.0,1.0,1.0,1.0,1.0
332,1,72,shuffled_wrong_answer_control,16,1.0,1.0,1.0,1.0,1.0
332,1,,oracle_corrective,17,1.0,1.0,1.0,1.0,1.0
332,2,,question_only,15,1.0,1.0,1.0,1.0,1.0
332,2,,wrong_answer_conditioned,16,1.0,1.0,1.0,1.0,1.0
332,2,808,shuffled_wrong_answer_control,16,1.0,1.0,1.0,1.0,1.0
332,2,,oracle_corrective,17,1.0,1.0,1.0,1.0,1.0
332,3,,question_only,15,1.0,1.0,1.0,1.0,1.0
332,3,,wrong_answer_conditioned,16,1.0,1.0,1.0,1.0,1.0
332,3,706,shuffled_wrong_answer_control,16,1.0,1.0,1.0,1.0,1.0
332,3,,oracle_corrective,17,1.0,1.0,1.0,1.0,1.0
333,1,,question_only,11,1.0,1.0,1.0,1.0,1.0
333,1,,wrong_answer_conditioned,12,1.0,1.0,1.0,1.0,1.0
333,1,802,shuffled_wrong_answer_control,12,1.0,1.0,1.0,1.0,1.0
333,1,,oracle_corrective,13,1.0,1.0,1.0,1.0,1.0
333,2,,question_only,11,1.0,1.0,1.0,1.0,1.0
333,2,,wrong_answer_conditioned,12,1.0,1.0,1.0,1.0,1.0
333,2,197,shuffled_wrong_answer_control,12,1.0,1.0,1.0,1.0,1.0
333,2,,oracle_corrective,13,1.0,1.0,1.0,1.0,1.0
333,3,,question_only,11,1.0,1.0,1.0,1.0,1.0
333,3,,wrong_answer_conditioned,12,1.0,1.0,1.0,1.0,1.0
333,3,450,shuffled_wrong_answer_control,13,1.0,1.0,1.0,1.0,1.0
333,3,,oracle_corrective,13,1.0,1.0,1.0,1.0,1.0
334,1,,question_only,22,1.0,1.0,1.0,1.0,1.0
334,1,,wrong_answer_conditioned,24,1.0,1.0,1.0,1.0,1.0
334,1,134,shuffled_wrong_answer_control,23,1.0,1.0,1.0,1.0,1.0
334,1,,oracle_corrective,25,1.0,1.0,1.0,1.0,1.0
334,2,,question_only,22,1.0,1.0,1.0,1.0,1.0
334,2,,wrong_answer_conditioned,24,1.0,1.0,1.0,1.0,1.0
334,2,777,shuffled_wrong_answer_control,23,1.0,1.0,1.0,1.0,1.0
334,2,,oracle_corrective,25,1.0,1.0,1.0,1.0,1.0
334,3,,question_only,22,1.0,1.0,1.0,1.0,1.0
334,3,,wrong_answer_conditioned,24,1.0,1.0,1.0,1.0,1.0
334,3,521,shuffled_wrong_answer_control,23,1.0,1.0,1.0,1.0,1.0
334,3,,oracle_corrective,25,1.0,1.0,1.0,1.0,1.0
335,1,,question_only,13,1.0,1.0,1.0,1.0,1.0
335,1,,wrong_answer_conditioned,15,1.0,1.0,1.0,1.0,1.0
335,1,69,shuffled_wrong_answer_control,14,1.0,1.0,1.0,1.0,1.0
335,1,,oracle_corrective,17,1.0,1.0,1.0,1.0,1.0
335,2,,question_only,13,1.0,1.0,1.0,1.0,1.0
335,2,,wrong_answer_conditioned,14,1.0,1.0,1.0,1.0,1.0
335,2,338,shuffled_wrong_answer_control,14,1.0,1.0,1.0,1.0,1.0
335,2,,oracle_corrective,16,1.0,1.0,1.0,1.0,1.0
335,3,,question_only,13,1.0,1.0,1.0,1.0,1.0
335,3,,wrong_answer_conditioned,15,1.0,1.0,1.0,1.0,1.0
335,3,446,shuffled_wrong_answer_control,14,1.0,1.0,1.0,1.0,1.0
335,3,,oracle_corrective,17,1.0,1.0,1.0,1.0,1.0
336,1,,question_only,9,1.0,1.0,1.0,1.0,1.0
336,1,,wrong_answer_conditioned,10,1.0,1.0,1.0,1.0,1.0
336,1,308,shuffled_wrong_answer_control,10,1.0,1.0,1.0,1.0,1.0
336,1,,oracle_corrective,11,1.0,1.0,1.0,1.0,1.0
336,2,,question_only,9,1.0,1.0,1.0,1.0,1.0
336,2,,wrong_answer_conditioned,10,1.0,1.0,1.0,1.0,1.0
336,2,608,shuffled_wrong_answer_control,13,1.0,1.0,1.0,1.0,1.0
336,2,,oracle_corrective,11,1.0,1.0,1.0,1.0,1.0
336,3,,question_only,9,1.0,1.0,1.0,1.0,1.0
336,3,,wrong_answer_conditioned,10,1.0,1.0,1.0,1.0,1.0
336,3,211,shuffled_wrong_answer_control,11,1.0,1.0,1.0,1.0,1.0
336,3,,oracle_corrective,11,1.0,1.0,1.0,1.0,1.0
337,1,,question_only,9,1.0,1.0,1.0,1.0,1.0
337,1,,wrong_answer_conditioned,10,1.0,1.0,1.0,1.0,1.0
337,1,86,shuffled_wrong_answer_control,12,1.0,1.0,1.0,1.0,1.0
337,1,,oracle_corrective,11,1.0,1.0,1.0,1.0,1.0
337,2,,question_only,9,1.0,1.0,1.0,1.0,1.0
337,2,,wrong_answer_conditioned,10,1.0,1.0,1.0,1.0,1.0
337,2,336,shuffled_wrong_answer_control,10,1.0,1.0,1.0,1.0,1.0
337,2,,oracle_corrective,11,1.0,1.0,1.0,1.0,1.0
337,3,,question_only,9,1.0,1.0,1.0,1.0,1.0
337,3,,wrong_answer_conditioned,11,1.0,1.0,1.0,1.0,1.0
337,3,691,shuffled_wrong_answer_control,11,1.0,1.0,1.0,1.0,1.0
337,3,,oracle_corrective,12,1.0,1.0,1.0,1.0,1.0
338,1,,question_only,15,1.0,1.0,1.0,1.0,1.0
338,1,,wrong_answer_conditioned,16,1.0,1.0,1.0,1.0,1.0
338,1,37,shuffled_wrong_answer_control,17,1.0,1.0,1.0,1.0,1.0
338,1,,oracle_corrective,17,1.0,1.0,1.0,1.0,1.0
338,2,,question_only,15,1.0,1.0,1.0,1.0,1.0
338,2,,wrong_answer_conditioned,16,1.0,1.0,1.0,1.0,1.0
338,2,294,shuffled_wrong_answer_control,16,1.0,1.0,1.0,1.0,1.0
338,2,,oracle_corrective,17,1.0,1.0,1.0,1.0,1.0
338,3,,question_only,15,1.0,1.0,1.0,1.0,1.0
338,3,,wrong_answer_conditioned,16,1.0,1.0,1.0,1.0,1.0
338,3,731,shuffled_wrong_answer_control,16,1.0,1.0,1.0,1.0,1.0
338,3,,oracle_corrective,17,1.0,1.0,1.0,1.0,1.0
339,1,,question_only,9,1.0,1.0,1.0,1.0,1.0
339,1,,wrong_answer_conditioned,11,1.0,1.0,1.0,1.0,1.0
339,1,761,shuffled_wrong_answer_control,10,1.0,1.0,1.0,1.0,1.0
339,1,,oracle_corrective,12,1.0,1.0,1.0,1.0,1.0
339,2,,question_only,9,1.0,1.0,1.0,1.0,1.0
339,2,,wrong_answer_conditioned,10,1.0,1.0,1.0,1.0,1.0
339,2,709,shuffled_wrong_answer_control,11,1.0,1.0,1.0,1.0,1.0
339,2,,oracle_corrective,11,1.0,1.0,1.0,1.0,1.0
339,3,,question_only,9,1.0,1.0,1.0,1.0,1.0
339,3,,wrong_answer_conditioned,11,1.0,1.0,1.0,1.0,1.0
339,3,331,shuffled_wrong_answer_control,10,1.0,1.0,1.0,1.0,1.0
339,3,,oracle_corrective,12,1.0,1.0,1.0,1.0,1.0
340,1,,question_only,10,1.0,1.0,1.0,1.0,1.0
340,1,,wrong_answer_conditioned,12,1.0,1.0,1.0,1.0,1.0
340,1,503,shuffled_wrong_answer_control,12,1.0,1.0,1.0,1.0,1.0
340,1,,oracle_corrective,14,1.0,1.0,1.0,1.0,1.0
340,2,,question_only,10,1.0,1.0,1.0,1.0,1.0
340,2,,wrong_answer_conditioned,12,1.0,1.0,1.0,1.0,1.0
340,2,145,shuffled_wrong_answer_control,12,1.0,1.0,1.0,1.0,1.0
340,2,,oracle_corrective,14,1.0,1.0,1.0,1.0,1.0
340,3,,question_only,10,1.0,1.0,1.0,1.0,1.0
340,3,,wrong_answer_conditioned,12,1.0,1.0,1.0,1.0,1.0
340,3,235,shuffled_wrong_answer_control,11,1.0,1.0,1.0,1.0,1.0
340,3,,oracle_corrective,14,1.0,1.0,1.0,1.0,1.0
341,1,,question_only,16,1.0,1.0,1.0,1.0,1.0
341,1,,wrong_answer_conditioned,17,1.0,1.0,1.0,1.0,1.0
341,1,75,shuffled_wrong_answer_control,17,1.0,1.0,1.0,1.0,1.0
341,1,,oracle_corrective,19,1.0,1.0,1.0,1.0,1.0
341,2,,question_only,16,1.0,1.0,1.0,1.0,1.0
341,2,,wrong_answer_conditioned,18,1.0,1.0,1.0,1.0,1.0
341,2,417,shuffled_wrong_answer_control,17,1.0,1.0,1.0,1.0,1.0
341,2,,oracle_corrective,20,0.5,0.0,1.0,1.0,0.6309297535714575
341,3,,question_only,16,1.0,1.0,1.0,1.0,1.0
341,3,,wrong_answer_conditioned,17,1.0,1.0,1.0,1.0,1.0
341,3,66,shuffled_wrong_answer_control,17,1.0,1.0,1.0,1.0,1.0
341,3,,oracle_corrective,19,1.0,1.0,1.0,1.0,1.0
342,1,,question_only,16,1.0,1.0,1.0,1.0,1.0
342,1,,wrong_answer_conditioned,18,1.0,1.0,1.0,1.0,1.0
342,1,100,shuffled_wrong_answer_control,17,1.0,1.0,1.0,1.0,1.0
342,1,,oracle_corrective,20,1.0,1.0,1.0,1.0,1.0
342,2,,question_only,16,1.0,1.0,1.0,1.0,1.0
342,2,,wrong_answer_conditioned,18,1.0,1.0,1.0,1.0,1.0
342,2,144,shuffled_wrong_answer_control,19,1.0,1.0,1.0,1.0,1.0
342,2,,oracle_corrective,20,1.0,1.0,1.0,1.0,1.0
342,3,,question_only,16,1.0,1.0,1.0,1.0,1.0
342,3,,wrong_answer_conditioned,18,1.0,1.0,1.0,1.0,1.0
342,3,815,shuffled_wrong_answer_control,17,1.0,1.0,1.0,1.0,1.0
342,3,,oracle_corrective,20,1.0,1.0,1.0,1.0,1.0
343,1,,question_only,11,1.0,1.0,1.0,1.0,1.0
343,1,,wrong_answer_conditioned,14,1.0,1.0,1.0,1.0,1.0
343,1,583,shuffled_wrong_answer_control,12,1.0,1.0,1.0,1.0,1.0
343,1,,oracle_corrective,17,1.0,1.0,1.0,1.0,1.0
343,2,,question_only,11,1.0,1.0,1.0,1.0,1.0
343,2,,wrong_answer_conditioned,14,1.0,1.0,1.0,1.0,1.0
343,2,254,shuffled_wrong_answer_control,12,1.0,1.0,1.0,1.0,1.0
343,2,,oracle_corrective,17,1.0,1.0,1.0,1.0,1.0
343,3,,question_only,11,1.0,1.0,1.0,1.0,1.0
343,3,,wrong_answer_conditioned,14,1.0,1.0,1.0,1.0,1.0
343,3,863,shuffled_wrong_answer_control,13,1.0,1.0,1.0,1.0,1.0
343,3,,oracle_corrective,17,1.0,1.0,1.0,1.0,1.0
344,1,,question_only,11,1.0,1.0,1.0,1.0,1.0
344,1,,wrong_answer_conditioned,12,1.0,1.0,1.0,1.0,1.0
344,1,625,shuffled_wrong_answer_control,13,1.0,1.0,1.0,1.0,1.0
344,1,,oracle_corrective,13,1.0,1.0,1.0,1.0,1.0
344,2,,question_only,11,1.0,1.0,1.0,1.0,1.0
344,2,,wrong_answer_conditioned,12,1.0,1.0,1.0,1.0,1.0
344,2,710,shuffled_wrong_answer_control,13,1.0,1.0,1.0,1.0,1.0
344,2,,oracle_corrective,13,1.0,1.0,1.0,1.0,1.0
344,3,,question_only,11,1.0,1.0,1.0,1.0,1.0
344,3,,wrong_answer_conditioned,12,1.0,1.0,1.0,1.0,1.0
344,3,432,shuffled_wrong_answer_control,13,1.0,1.0,1.0,1.0,1.0
344,3,,oracle_corrective,13,1.0,1.0,1.0,1.0,1.0
345,1,,question_only,15,1.0,1.0,1.0,1.0,1.0
345,1,,wrong_answer_conditioned,17,1.0,1.0,1.0,1.0,1.0
345,1,437,shuffled_wrong_answer_control,18,1.0,1.0,1.0,1.0,1.0
345,1,,oracle_corrective,18,1.0,1.0,1.0,1.0,1.0
345,2,,question_only,15,1.0,1.0,1.0,1.0,1.0
345,2,,wrong_answer_conditioned,16,1.0,1.0,1.0,1.0,1.0
345,2,659,shuffled_wrong_answer_control,17,1.0,1.0,1.0,1.0,1.0
345,2,,oracle_corrective,17,1.0,1.0,1.0,1.0,1.0
345,3,,question_only,15,1.0,1.0,1.0,1.0,1.0
345,3,,wrong_answer_conditioned,16,1.0,1.0,1.0,1.0,1.0
345,3,291,shuffled_wrong_answer_control,17,1.0,1.0,1.0,1.0,1.0
345,3,,oracle_corrective,17,1.0,1.0,1.0,1.0,1.0
346,1,,question_only,11,1.0,1.0,1.0,1.0,1.0
346,1,,wrong_answer_conditioned,12,1.0,1.0,1.0,1.0,1.0
346,1,257,shuffled_wrong_answer_control,12,1.0,1.0,1.0,1.0,1.0
346,1,,oracle_corrective,13,1.0,1.0,1.0,1.0,1.0
346,2,,question_only,11,1.0,1.0,1.0,1.0,1.0
346,2,,wrong_answer_conditioned,12,1.0,1.0,1.0,1.0,1.0
346,2,393,shuffled_wrong_answer_control,14,1.0,1.0,1.0,1.0,1.0
346,2,,oracle_corrective,13,1.0,1.0,1.0,1.0,1.0
346,3,,question_only,11,1.0,1.0,1.0,1.0,1.0
346,3,,wrong_answer_conditioned,12,1.0,1.0,1.0,1.0,1.0
346,3,477,shuffled_wrong_answer_control,14,1.0,1.0,1.0,1.0,1.0
346,3,,oracle_corrective,13,1.0,1.0,1.0,1.0,1.0
347,1,,question_only,8,1.0,1.0,1.0,1.0,1.0
347,1,,wrong_answer_conditioned,9,1.0,1.0,1.0,1.0,1.0
347,1,47,shuffled_wrong_answer_control,9,1.0,1.0,1.0,1.0,1.0
347,1,,oracle_corrective,10,1.0,1.0,1.0,1.0,1.0
347,2,,question_only,8,1.0,1.0,1.0,1.0,1.0
347,2,,wrong_answer_conditioned,9,1.0,1.0,1.0,1.0,1.0
347,2,809,shuffled_wrong_answer_control,9,1.0,1.0,1.0,1.0,1.0
347,2,,oracle_corrective,10,1.0,1.0,1.0,1.0,1.0
347,3,,question_only,8,1.0,1.0,1.0,1.0,1.0
347,3,,wrong_answer_conditioned,9,1.0,1.0,1.0,1.0,1.0
347,3,239,shuffled_wrong_answer_control,9,1.0,1.0,1.0,1.0,1.0
347,3,,oracle_corrective,10,1.0,1.0,1.0,1.0,1.0
348,1,,question_only,9,1.0,1.0,1.0,1.0,1.0
348,1,,wrong_answer_conditioned,10,1.0,1.0,1.0,1.0,1.0
348,1,74,shuffled_wrong_answer_control,10,1.0,1.0,1.0,1.0,1.0
348,1,,oracle_corrective,11,1.0,1.0,1.0,1.0,1.0
348,2,,question_only,9,1.0,1.0,1.0,1.0,1.0
348,2,,wrong_answer_conditioned,10,1.0,1.0,1.0,1.0,1.0
348,2,560,shuffled_wrong_answer_control,10,1.0,1.0,1.0,1.0,1.0
348,2,,oracle_corrective,11,1.0,1.0,1.0,1.0,1.0
348,3,,question_only,9,1.0,1.0,1.0,1.0,1.0
348,3,,wrong_answer_conditioned,10,1.0,1.0,1.0,1.0,1.0
348,3,249,shuffled_wrong_answer_control,10,1.0,1.0,1.0,1.0,1.0
348,3,,oracle_corrective,11,1.0,1.0,1.0,1.0,1.0
349,1,,question_only,13,0.0,0.0,0.0,0.0,0.0
349,1,,wrong_answer_conditioned,14,0.0,0.0,0.0,0.0,0.0
349,1,508,shuffled_wrong_answer_control,15,0.0,0.0,0.0,0.0,0.0
349,1,,oracle_corrective,15,0.2,0.0,0.0,1.0,0.38685280723454163
349,2,,question_only,13,0.0,0.0,0.0,0.0,0.0
349,2,,wrong_answer_conditioned,14,0.0,0.0,0.0,0.0,0.0
349,2,641,shuffled_wrong_answer_control,15,0.0,0.0,0.0,0.0,0.0
349,2,,oracle_corrective,15,0.25,0.0,0.0,1.0,0.43067655807339306
349,3,,question_only,13,0.0,0.0,0.0,0.0,0.0
349,3,,wrong_answer_conditioned,14,0.0,0.0,0.0,0.0,0.0
349,3,363,shuffled_wrong_answer_control,16,0.0,0.0,0.0,0.0,0.0
349,3,,oracle_corrective,15,0.25,0.0,0.0,1.0,0.43067655807339306
350,1,,question_only,7,0.5,0.0,1.0,1.0,0.6309297535714575
350,1,,wrong_answer_conditioned,8,0.5,0.0,1.0,1.0,0.6309297535714575
350,1,707,shuffled_wrong_answer_control,9,0.5,0.0,1.0,1.0,0.6309297535714575
350,1,,oracle_corrective,9,1.0,1.0,1.0,1.0,1.0
350,2,,question_only,7,0.5,0.0,1.0,1.0,0.6309297535714575
350,2,,wrong_answer_conditioned,8,0.5,0.0,1.0,1.0,0.6309297535714575
350,2,845,shuffled_wrong_answer_control,9,0.5,0.0,1.0,1.0,0.6309297535714575
350,2,,oracle_corrective,9,1.0,1.0,1.0,1.0,1.0
350,3,,question_only,7,0.5,0.0,1.0,1.0,0.6309297535714575
350,3,,wrong_answer_conditioned,8,0.5,0.0,1.0,1.0,0.6309297535714575
350,3,811,shuffled_wrong_answer_control,8,0.5,0.0,1.0,1.0,0.6309297535714575
350,3,,oracle_corrective,9,1.0,1.0,1.0,1.0,1.0
351,1,,question_only,9,1.0,1.0,1.0,1.0,1.0
351,1,,wrong_answer_conditioned,10,1.0,1.0,1.0,1.0,1.0
351,1,194,shuffled_wrong_answer_control,11,1.0,1.0,1.0,1.0,1.0
351,1,,oracle_corrective,13,1.0,1.0,1.0,1.0,1.0
351,2,,question_only,9,1.0,1.0,1.0,1.0,1.0
351,2,,wrong_answer_conditioned,11,1.0,1.0,1.0,1.0,1.0
351,2,724,shuffled_wrong_answer_control,10,1.0,1.0,1.0,1.0,1.0
351,2,,oracle_corrective,14,1.0,1.0,1.0,1.0,1.0
351,3,,question_only,9,1.0,1.0,1.0,1.0,1.0
351,3,,wrong_answer_conditioned,11,1.0,1.0,1.0,1.0,1.0
351,3,722,shuffled_wrong_answer_control,11,1.0,1.0,1.0,1.0,1.0
351,3,,oracle_corrective,14,1.0,1.0,1.0,1.0,1.0
352,1,,question_only,11,1.0,1.0,1.0,1.0,1.0
352,1,,wrong_answer_conditioned,12,1.0,1.0,1.0,1.0,1.0
352,1,432,shuffled_wrong_answer_control,13,1.0,1.0,1.0,1.0,1.0
352,1,,oracle_corrective,13,1.0,1.0,1.0,1.0,1.0
352,2,,question_only,11,1.0,1.0,1.0,1.0,1.0
352,2,,wrong_answer_conditioned,12,1.0,1.0,1.0,1.0,1.0
352,2,617,shuffled_wrong_answer_control,12,1.0,1.0,1.0,1.0,1.0
352,2,,oracle_corrective,13,1.0,1.0,1.0,1.0,1.0
352,3,,question_only,11,1.0,1.0,1.0,1.0,1.0
352,3,,wrong_answer_conditioned,12,1.0,1.0,1.0,1.0,1.0
352,3,788,shuffled_wrong_answer_control,12,1.0,1.0,1.0,1.0,1.0
352,3,,oracle_corrective,13,1.0,1.0,1.0,1.0,1.0
353,1,,question_only,14,1.0,1.0,1.0,1.0,1.0
353,1,,wrong_answer_conditioned,16,1.0,1.0,1.0,1.0,1.0
353,1,514,shuffled_wrong_answer_control,15,1.0,1.0,1.0,1.0,1.0
353,1,,oracle_corrective,18,1.0,1.0,1.0,1.0,1.0
353,2,,question_only,14,1.0,1.0,1.0,1.0,1.0
353,2,,wrong_answer_conditioned,15,1.0,1.0,1.0,1.0,1.0
353,2,787,shuffled_wrong_answer_control,16,1.0,1.0,1.0,1.0,1.0
353,2,,oracle_corrective,17,1.0,1.0,1.0,1.0,1.0
353,3,,question_only,14,1.0,1.0,1.0,1.0,1.0
353,3,,wrong_answer_conditioned,15,1.0,1.0,1.0,1.0,1.0
353,3,799,shuffled_wrong_answer_control,15,1.0,1.0,1.0,1.0,1.0
353,3,,oracle_corrective,17,1.0,1.0,1.0,1.0,1.0
354,1,,question_only,15,1.0,1.0,1.0,1.0,1.0
354,1,,wrong_answer_conditioned,17,1.0,1.0,1.0,1.0,1.0
354,1,36,shuffled_wrong_answer_control,16,1.0,1.0,1.0,1.0,1.0
354,1,,oracle_corrective,19,1.0,1.0,1.0,1.0,1.0
354,2,,question_only,15,1.0,1.0,1.0,1.0,1.0
354,2,,wrong_answer_conditioned,17,1.0,1.0,1.0,1.0,1.0
354,2,729,shuffled_wrong_answer_control,16,1.0,1.0,1.0,1.0,1.0
354,2,,oracle_corrective,19,1.0,1.0,1.0,1.0,1.0
354,3,,question_only,15,1.0,1.0,1.0,1.0,1.0
354,3,,wrong_answer_conditioned,17,1.0,1.0,1.0,1.0,1.0
354,3,770,shuffled_wrong_answer_control,16,1.0,1.0,1.0,1.0,1.0
354,3,,oracle_corrective,19,1.0,1.0,1.0,1.0,1.0
355,1,,question_only,10,1.0,1.0,1.0,1.0,1.0
355,1,,wrong_answer_conditioned,11,1.0,1.0,1.0,1.0,1.0
355,1,844,shuffled_wrong_answer_control,11,1.0,1.0,1.0,1.0,1.0
355,1,,oracle_corrective,12,1.0,1.0,1.0,1.0,1.0
355,2,,question_only,10,1.0,1.0,1.0,1.0,1.0
355,2,,wrong_answer_conditioned,11,1.0,1.0,1.0,1.0,1.0
355,2,509,shuffled_wrong_answer_control,11,1.0,1.0,1.0,1.0,1.0
355,2,,oracle_corrective,12,1.0,1.0,1.0,1.0,1.0
355,3,,question_only,10,1.0,1.0,1.0,1.0,1.0
355,3,,wrong_answer_conditioned,11,1.0,1.0,1.0,1.0,1.0
355,3,174,shuffled_wrong_answer_control,12,1.0,1.0,1.0,1.0,1.0
355,3,,oracle_corrective,12,1.0,1.0,1.0,1.0,1.0
356,1,,question_only,32,1.0,1.0,1.0,1.0,1.0
356,1,,wrong_answer_conditioned,33,1.0,1.0,1.0,1.0,1.0
356,1,50,shuffled_wrong_answer_control,34,1.0,1.0,1.0,1.0,1.0
356,1,,oracle_corrective,34,1.0,1.0,1.0,1.0,1.0
356,2,,question_only,32,1.0,1.0,1.0,1.0,1.0
356,2,,wrong_answer_conditioned,33,1.0,1.0,1.0,1.0,1.0
356,2,425,shuffled_wrong_answer_control,33,1.0,1.0,1.0,1.0,1.0
356,2,,oracle_corrective,34,1.0,1.0,1.0,1.0,1.0
356,3,,question_only,32,1.0,1.0,1.0,1.0,1.0
356,3,,wrong_answer_conditioned,33,1.0,1.0,1.0,1.0,1.0
356,3,296,shuffled_wrong_answer_control,33,1.0,1.0,1.0,1.0,1.0
356,3,,oracle_corrective,34,1.0,1.0,1.0,1.0,1.0
357,1,,question_only,23,1.0,1.0,1.0,1.0,1.0
357,1,,wrong_answer_conditioned,25,1.0,1.0,1.0,1.0,1.0
357,1,12,shuffled_wrong_answer_control,24,1.0,1.0,1.0,1.0,1.0
357,1,,oracle_corrective,27,1.0,1.0,1.0,1.0,1.0
357,2,,question_only,23,1.0,1.0,1.0,1.0,1.0
357,2,,wrong_answer_conditioned,25,1.0,1.0,1.0,1.0,1.0
357,2,329,shuffled_wrong_answer_control,24,1.0,1.0,1.0,1.0,1.0
357,2,,oracle_corrective,27,1.0,1.0,1.0,1.0,1.0
357,3,,question_only,23,1.0,1.0,1.0,1.0,1.0
357,3,,wrong_answer_conditioned,25,1.0,1.0,1.0,1.0,1.0
357,3,329,shuffled_wrong_answer_control,24,1.0,1.0,1.0,1.0,1.0
357,3,,oracle_corrective,27,1.0,1.0,1.0,1.0,1.0
358,1,,question_only,11,0.5,0.0,1.0,1.0,0.6309297535714575
358,1,,wrong_answer_conditioned,13,0.5,0.0,1.0,1.0,0.6309297535714575
358,1,68,shuffled_wrong_answer_control,13,0.5,0.0,1.0,1.0,0.6309297535714575
358,1,,oracle_corrective,15,0.5,0.0,1.0,1.0,0.6309297535714575
358,2,,question_only,11,0.5,0.0,1.0,1.0,0.6309297535714575
358,2,,wrong_answer_conditioned,12,0.5,0.0,1.0,1.0,0.6309297535714575
358,2,695,shuffled_wrong_answer_control,12,0.5,0.0,1.0,1.0,0.6309297535714575
358,2,,oracle_corrective,14,0.5,0.0,1.0,1.0,0.6309297535714575
358,3,,question_only,11,0.5,0.0,1.0,1.0,0.6309297535714575
358,3,,wrong_answer_conditioned,13,0.5,0.0,1.0,1.0,0.6309297535714575
358,3,744,shuffled_wrong_answer_control,13,0.5,0.0,1.0,1.0,0.6309297535714575
358,3,,oracle_corrective,15,0.5,0.0,1.0,1.0,0.6309297535714575
359,1,,question_only,22,1.0,1.0,1.0,1.0,1.0
359,1,,wrong_answer_conditioned,24,1.0,1.0,1.0,1.0,1.0
359,1,30,shuffled_wrong_answer_control,23,1.0,1.0,1.0,1.0,1.0
359,1,,oracle_corrective,26,1.0,1.0,1.0,1.0,1.0
359,2,,question_only,22,1.0,1.0,1.0,1.0,1.0
359,2,,wrong_answer_conditioned,24,1.0,1.0,1.0,1.0,1.0
359,2,164,shuffled_wrong_answer_control,23,1.0,1.0,1.0,1.0,1.0
359,2,,oracle_corrective,26,1.0,1.0,1.0,1.0,1.0
359,3,,question_only,22,1.0,1.0,1.0,1.0,1.0
359,3,,wrong_answer_conditioned,24,1.0,1.0,1.0,1.0,1.0
359,3,294,shuffled_wrong_answer_control,23,1.0,1.0,1.0,1.0,1.0
359,3,,oracle_corrective,26,1.0,1.0,1.0,1.0,1.0
360,1,,question_only,15,1.0,1.0,1.0,1.0,1.0
360,1,,wrong_answer_conditioned,16,1.0,1.0,1.0,1.0,1.0
360,1,222,shuffled_wrong_answer_control,19,1.0,1.0,1.0,1.0,1.0
360,1,,oracle_corrective,17,1.0,1.0,1.0,1.0,1.0
360,2,,question_only,15,1.0,1.0,1.0,1.0,1.0
360,2,,wrong_answer_conditioned,16,1.0,1.0,1.0,1.0,1.0
360,2,354,shuffled_wrong_answer_control,17,1.0,1.0,1.0,1.0,1.0
360,2,,oracle_corrective,17,1.0,1.0,1.0,1.0,1.0
360,3,,question_only,15,1.0,1.0,1.0,1.0,1.0
360,3,,wrong_answer_conditioned,16,1.0,1.0,1.0,1.0,1.0
360,3,584,shuffled_wrong_answer_control,16,1.0,1.0,1.0,1.0,1.0
360,3,,oracle_corrective,17,1.0,1.0,1.0,1.0,1.0
361,1,,question_only,9,1.0,1.0,1.0,1.0,1.0
361,1,,wrong_answer_conditioned,10,1.0,1.0,1.0,1.0,1.0
361,1,351,shuffled_wrong_answer_control,10,1.0,1.0,1.0,1.0,1.0
361,1,,oracle_corrective,11,1.0,1.0,1.0,1.0,1.0
361,2,,question_only,9,1.0,1.0,1.0,1.0,1.0
361,2,,wrong_answer_conditioned,10,1.0,1.0,1.0,1.0,1.0
361,2,334,shuffled_wrong_answer_control,11,1.0,1.0,1.0,1.0,1.0
361,2,,oracle_corrective,11,1.0,1.0,1.0,1.0,1.0
361,3,,question_only,9,1.0,1.0,1.0,1.0,1.0
361,3,,wrong_answer_conditioned,10,1.0,1.0,1.0,1.0,1.0
361,3,33,shuffled_wrong_answer_control,12,1.0,1.0,1.0,1.0,1.0
361,3,,oracle_corrective,11,1.0,1.0,1.0,1.0,1.0
362,1,,question_only,10,1.0,1.0,1.0,1.0,1.0
362,1,,wrong_answer_conditioned,11,1.0,1.0,1.0,1.0,1.0
362,1,298,shuffled_wrong_answer_control,12,1.0,1.0,1.0,1.0,1.0
362,1,,oracle_corrective,12,1.0,1.0,1.0,1.0,1.0
362,2,,question_only,10,1.0,1.0,1.0,1.0,1.0
362,2,,wrong_answer_conditioned,11,1.0,1.0,1.0,1.0,1.0
362,2,299,shuffled_wrong_answer_control,12,1.0,1.0,1.0,1.0,1.0
362,2,,oracle_corrective,12,1.0,1.0,1.0,1.0,1.0
362,3,,question_only,10,1.0,1.0,1.0,1.0,1.0
362,3,,wrong_answer_conditioned,11,1.0,1.0,1.0,1.0,1.0
362,3,858,shuffled_wrong_answer_control,12,1.0,1.0,1.0,1.0,1.0
362,3,,oracle_corrective,12,1.0,1.0,1.0,1.0,1.0
363,1,,question_only,6,1.0,1.0,1.0,1.0,1.0
363,1,,wrong_answer_conditioned,9,1.0,1.0,1.0,1.0,1.0
363,1,715,shuffled_wrong_answer_control,7,1.0,1.0,1.0,1.0,1.0
363,1,,oracle_corrective,12,1.0,1.0,1.0,1.0,1.0
363,2,,question_only,6,1.0,1.0,1.0,1.0,1.0
363,2,,wrong_answer_conditioned,9,1.0,1.0,1.0,1.0,1.0
363,2,871,shuffled_wrong_answer_control,8,1.0,1.0,1.0,1.0,1.0
363,2,,oracle_corrective,12,1.0,1.0,1.0,1.0,1.0
363,3,,question_only,6,1.0,1.0,1.0,1.0,1.0
363,3,,wrong_answer_conditioned,9,1.0,1.0,1.0,1.0,1.0
363,3,807,shuffled_wrong_answer_control,7,1.0,1.0,1.0,1.0,1.0
363,3,,oracle_corrective,12,1.0,1.0,1.0,1.0,1.0
364,1,,question_only,13,1.0,1.0,1.0,1.0,1.0
364,1,,wrong_answer_conditioned,14,1.0,1.0,1.0,1.0,1.0
364,1,415,shuffled_wrong_answer_control,15,1.0,1.0,1.0,1.0,1.0
364,1,,oracle_corrective,15,1.0,1.0,1.0,1.0,1.0
364,2,,question_only,13,1.0,1.0,1.0,1.0,1.0
364,2,,wrong_answer_conditioned,14,1.0,1.0,1.0,1.0,1.0
364,2,668,shuffled_wrong_answer_control,16,1.0,1.0,1.0,1.0,1.0
364,2,,oracle_corrective,15,1.0,1.0,1.0,1.0,1.0
364,3,,question_only,13,1.0,1.0,1.0,1.0,1.0
364,3,,wrong_answer_conditioned,14,1.0,1.0,1.0,1.0,1.0
364,3,840,shuffled_wrong_answer_control,15,1.0,1.0,1.0,1.0,1.0
364,3,,oracle_corrective,15,1.0,1.0,1.0,1.0,1.0
365,1,,question_only,8,1.0,1.0,1.0,1.0,1.0
365,1,,wrong_answer_conditioned,9,1.0,1.0,1.0,1.0,1.0
365,1,204,shuffled_wrong_answer_control,9,1.0,1.0,1.0,1.0,1.0
365,1,,oracle_corrective,10,1.0,1.0,1.0,1.0,1.0
365,2,,question_only,8,1.0,1.0,1.0,1.0,1.0
365,2,,wrong_answer_conditioned,9,1.0,1.0,1.0,1.0,1.0
365,2,531,shuffled_wrong_answer_control,9,1.0,1.0,1.0,1.0,1.0
365,2,,oracle_corrective,10,1.0,1.0,1.0,1.0,1.0
365,3,,question_only,8,1.0,1.0,1.0,1.0,1.0
365,3,,wrong_answer_conditioned,10,1.0,1.0,1.0,1.0,1.0
365,3,62,shuffled_wrong_answer_control,10,1.0,1.0,1.0,1.0,1.0
365,3,,oracle_corrective,11,1.0,1.0,1.0,1.0,1.0
366,1,,question_only,8,1.0,1.0,1.0,1.0,1.0
366,1,,wrong_answer_conditioned,10,1.0,1.0,1.0,1.0,1.0
366,1,235,shuffled_wrong_answer_control,9,1.0,1.0,1.0,1.0,1.0
366,1,,oracle_corrective,12,1.0,1.0,1.0,1.0,1.0
366,2,,question_only,8,1.0,1.0,1.0,1.0,1.0
366,2,,wrong_answer_conditioned,10,1.0,1.0,1.0,1.0,1.0
366,2,377,shuffled_wrong_answer_control,9,1.0,1.0,1.0,1.0,1.0
366,2,,oracle_corrective,12,1.0,1.0,1.0,1.0,1.0
366,3,,question_only,8,1.0,1.0,1.0,1.0,1.0
366,3,,wrong_answer_conditioned,10,1.0,1.0,1.0,1.0,1.0
366,3,248,shuffled_wrong_answer_control,10,1.0,1.0,1.0,1.0,1.0
366,3,,oracle_corrective,12,1.0,1.0,1.0,1.0,1.0
367,1,,question_only,12,1.0,1.0,1.0,1.0,1.0
367,1,,wrong_answer_conditioned,14,1.0,1.0,1.0,1.0,1.0
367,1,601,shuffled_wrong_answer_control,13,1.0,1.0,1.0,1.0,1.0
367,1,,oracle_corrective,16,1.0,1.0,1.0,1.0,1.0
367,2,,question_only,12,1.0,1.0,1.0,1.0,1.0
367,2,,wrong_answer_conditioned,14,1.0,1.0,1.0,1.0,1.0
367,2,607,shuffled_wrong_answer_control,13,1.0,1.0,1.0,1.0,1.0
367,2,,oracle_corrective,16,1.0,1.0,1.0,1.0,1.0
367,3,,question_only,12,1.0,1.0,1.0,1.0,1.0
367,3,,wrong_answer_conditioned,14,1.0,1.0,1.0,1.0,1.0
367,3,414,shuffled_wrong_answer_control,14,1.0,1.0,1.0,1.0,1.0
367,3,,oracle_corrective,16,1.0,1.0,1.0,1.0,1.0
368,1,,question_only,10,1.0,1.0,1.0,1.0,1.0
368,1,,wrong_answer_conditioned,13,1.0,1.0,1.0,1.0,1.0
368,1,207,shuffled_wrong_answer_control,11,1.0,1.0,1.0,1.0,1.0
368,1,,oracle_corrective,14,1.0,1.0,1.0,1.0,1.0
368,2,,question_only,10,1.0,1.0,1.0,1.0,1.0
368,2,,wrong_answer_conditioned,12,1.0,1.0,1.0,1.0,1.0
368,2,719,shuffled_wrong_answer_control,12,1.0,1.0,1.0,1.0,1.0
368,2,,oracle_corrective,13,1.0,1.0,1.0,1.0,1.0
368,3,,question_only,10,1.0,1.0,1.0,1.0,1.0
368,3,,wrong_answer_conditioned,11,1.0,1.0,1.0,1.0,1.0
368,3,362,shuffled_wrong_answer_control,11,1.0,1.0,1.0,1.0,1.0
368,3,,oracle_corrective,12,1.0,1.0,1.0,1.0,1.0
369,1,,question_only,9,1.0,1.0,1.0,1.0,1.0
369,1,,wrong_answer_conditioned,10,1.0,1.0,1.0,1.0,1.0
369,1,744,shuffled_wrong_answer_control,11,1.0,1.0,1.0,1.0,1.0
369,1,,oracle_corrective,11,1.0,1.0,1.0,1.0,1.0
369,2,,question_only,9,1.0,1.0,1.0,1.0,1.0
369,2,,wrong_answer_conditioned,10,1.0,1.0,1.0,1.0,1.0
369,2,674,shuffled_wrong_answer_control,10,1.0,1.0,1.0,1.0,1.0
369,2,,oracle_corrective,11,1.0,1.0,1.0,1.0,1.0
369,3,,question_only,9,1.0,1.0,1.0,1.0,1.0
369,3,,wrong_answer_conditioned,10,1.0,1.0,1.0,1.0,1.0
369,3,90,shuffled_wrong_answer_control,11,1.0,1.0,1.0,1.0,1.0
369,3,,oracle_corrective,11,1.0,1.0,1.0,1.0,1.0
370,1,,question_only,9,1.0,1.0,1.0,1.0,1.0
370,1,,wrong_answer_conditioned,10,1.0,1.0,1.0,1.0,1.0
370,1,597,shuffled_wrong_answer_control,11,1.0,1.0,1.0,1.0,1.0
370,1,,oracle_corrective,11,1.0,1.0,1.0,1.0,1.0
370,2,,question_only,9,1.0,1.0,1.0,1.0,1.0
370,2,,wrong_answer_conditioned,10,1.0,1.0,1.0,1.0,1.0
370,2,769,shuffled_wrong_answer_control,10,1.0,1.0,1.0,1.0,1.0
370,2,,oracle_corrective,11,1.0,1.0,1.0,1.0,1.0
370,3,,question_only,9,1.0,1.0,1.0,1.0,1.0
370,3,,wrong_answer_conditioned,10,1.0,1.0,1.0,1.0,1.0
370,3,637,shuffled_wrong_answer_control,12,1.0,1.0,1.0,1.0,1.0
370,3,,oracle_corrective,11,1.0,1.0,1.0,1.0,1.0
371,1,,question_only,9,1.0,1.0,1.0,1.0,1.0
371,1,,wrong_answer_conditioned,10,1.0,1.0,1.0,1.0,1.0
371,1,548,shuffled_wrong_answer_control,10,1.0,1.0,1.0,1.0,1.0
371,1,,oracle_corrective,11,0.5,0.0,1.0,1.0,0.6309297535714575
371,2,,question_only,9,1.0,1.0,1.0,1.0,1.0
371,2,,wrong_answer_conditioned,10,1.0,1.0,1.0,1.0,1.0
371,2,788,shuffled_wrong_answer_control,11,1.0,1.0,1.0,1.0,1.0
371,2,,oracle_corrective,11,0.5,0.0,1.0,1.0,0.6309297535714575
371,3,,question_only,9,1.0,1.0,1.0,1.0,1.0
371,3,,wrong_answer_conditioned,10,1.0,1.0,1.0,1.0,1.0
371,3,670,shuffled_wrong_answer_control,10,1.0,1.0,1.0,1.0,1.0
371,3,,oracle_corrective,11,0.3333333333333333,0.0,1.0,1.0,0.5
372,1,,question_only,11,1.0,1.0,1.0,1.0,1.0
372,1,,wrong_answer_conditioned,12,1.0,1.0,1.0,1.0,1.0
372,1,336,shuffled_wrong_answer_control,12,1.0,1.0,1.0,1.0,1.0
372,1,,oracle_corrective,13,1.0,1.0,1.0,1.0,1.0
372,2,,question_only,11,1.0,1.0,1.0,1.0,1.0
372,2,,wrong_answer_conditioned,12,1.0,1.0,1.0,1.0,1.0
372,2,483,shuffled_wrong_answer_control,12,1.0,1.0,1.0,1.0,1.0
372,2,,oracle_corrective,13,1.0,1.0,1.0,1.0,1.0
372,3,,question_only,11,1.0,1.0,1.0,1.0,1.0
372,3,,wrong_answer_conditioned,12,1.0,1.0,1.0,1.0,1.0
372,3,824,shuffled_wrong_answer_control,12,1.0,1.0,1.0,1.0,1.0
372,3,,oracle_corrective,13,1.0,1.0,1.0,1.0,1.0
373,1,,question_only,11,1.0,1.0,1.0,1.0,1.0
373,1,,wrong_answer_conditioned,12,1.0,1.0,1.0,1.0,1.0
373,1,122,shuffled_wrong_answer_control,12,1.0,1.0,1.0,1.0,1.0
373,1,,oracle_corrective,13,1.0,1.0,1.0,1.0,1.0
373,2,,question_only,11,1.0,1.0,1.0,1.0,1.0
373,2,,wrong_answer_conditioned,12,1.0,1.0,1.0,1.0,1.0
373,2,576,shuffled_wrong_answer_control,12,0.5,0.0,1.0,1.0,0.6309297535714575
373,2,,oracle_corrective,13,1.0,1.0,1.0,1.0,1.0
373,3,,question_only,11,1.0,1.0,1.0,1.0,1.0
373,3,,wrong_answer_conditioned,12,1.0,1.0,1.0,1.0,1.0
373,3,585,shuffled_wrong_answer_control,13,1.0,1.0,1.0,1.0,1.0
373,3,,oracle_corrective,13,1.0,1.0,1.0,1.0,1.0
374,1,,question_only,11,1.0,1.0,1.0,1.0,1.0
374,1,,wrong_answer_conditioned,12,1.0,1.0,1.0,1.0,1.0
374,1,523,shuffled_wrong_answer_control,14,1.0,1.0,1.0,1.0,1.0
374,1,,oracle_corrective,13,1.0,1.0,1.0,1.0,1.0
374,2,,question_only,11,1.0,1.0,1.0,1.0,1.0
374,2,,wrong_answer_conditioned,12,1.0,1.0,1.0,1.0,1.0
374,2,482,shuffled_wrong_answer_control,12,1.0,1.0,1.0,1.0,1.0
374,2,,oracle_corrective,13,1.0,1.0,1.0,1.0,1.0
374,3,,question_only,11,1.0,1.0,1.0,1.0,1.0
374,3,,wrong_answer_conditioned,12,1.0,1.0,1.0,1.0,1.0
374,3,567,shuffled_wrong_answer_control,14,1.0,1.0,1.0,1.0,1.0
374,3,,oracle_corrective,13,1.0,1.0,1.0,1.0,1.0
375,1,,question_only,21,1.0,1.0,1.0,1.0,1.0
375,1,,wrong_answer_conditioned,23,1.0,1.0,1.0,1.0,1.0
375,1,775,shuffled_wrong_answer_control,22,1.0,1.0,1.0,1.0,1.0
375,1,,oracle_corrective,25,1.0,1.0,1.0,1.0,1.0
375,2,,question_only,21,1.0,1.0,1.0,1.0,1.0
375,2,,wrong_answer_conditioned,23,1.0,1.0,1.0,1.0,1.0
375,2,29,shuffled_wrong_answer_control,22,1.0,1.0,1.0,1.0,1.0
375,2,,oracle_corrective,25,1.0,1.0,1.0,1.0,1.0
375,3,,question_only,21,1.0,1.0,1.0,1.0,1.0
375,3,,wrong_answer_conditioned,22,1.0,1.0,1.0,1.0,1.0
375,3,24,shuffled_wrong_answer_control,23,1.0,1.0,1.0,1.0,1.0
375,3,,oracle_corrective,24,1.0,1.0,1.0,1.0,1.0
376,1,,question_only,21,1.0,1.0,1.0,1.0,1.0
376,1,,wrong_answer_conditioned,22,1.0,1.0,1.0,1.0,1.0
376,1,443,shuffled_wrong_answer_control,24,1.0,1.0,1.0,1.0,1.0
376,1,,oracle_corrective,23,1.0,1.0,1.0,1.0,1.0
376,2,,question_only,21,1.0,1.0,1.0,1.0,1.0
376,2,,wrong_answer_conditioned,22,1.0,1.0,1.0,1.0,1.0
376,2,367,shuffled_wrong_answer_control,23,1.0,1.0,1.0,1.0,1.0
376,2,,oracle_corrective,23,1.0,1.0,1.0,1.0,1.0
376,3,,question_only,21,1.0,1.0,1.0,1.0,1.0
376,3,,wrong_answer_conditioned,22,1.0,1.0,1.0,1.0,1.0
376,3,591,shuffled_wrong_answer_control,23,1.0,1.0,1.0,1.0,1.0
376,3,,oracle_corrective,23,1.0,1.0,1.0,1.0,1.0
377,1,,question_only,11,1.0,1.0,1.0,1.0,1.0
377,1,,wrong_answer_conditioned,12,1.0,1.0,1.0,1.0,1.0
377,1,275,shuffled_wrong_answer_control,12,1.0,1.0,1.0,1.0,1.0
377,1,,oracle_corrective,13,1.0,1.0,1.0,1.0,1.0
377,2,,question_only,11,1.0,1.0,1.0,1.0,1.0
377,2,,wrong_answer_conditioned,12,1.0,1.0,1.0,1.0,1.0
377,2,48,shuffled_wrong_answer_control,14,1.0,1.0,1.0,1.0,1.0
377,2,,oracle_corrective,13,1.0,1.0,1.0,1.0,1.0
377,3,,question_only,11,1.0,1.0,1.0,1.0,1.0
377,3,,wrong_answer_conditioned,12,1.0,1.0,1.0,1.0,1.0
377,3,194,shuffled_wrong_answer_control,13,1.0,1.0,1.0,1.0,1.0
377,3,,oracle_corrective,13,1.0,1.0,1.0,1.0,1.0
378,1,,question_only,19,1.0,1.0,1.0,1.0,1.0
378,1,,wrong_answer_conditioned,20,1.0,1.0,1.0,1.0,1.0
378,1,237,shuffled_wrong_answer_control,20,1.0,1.0,1.0,1.0,1.0
378,1,,oracle_corrective,21,1.0,1.0,1.0,1.0,1.0
378,2,,question_only,19,1.0,1.0,1.0,1.0,1.0
378,2,,wrong_answer_conditioned,20,1.0,1.0,1.0,1.0,1.0
378,2,382,shuffled_wrong_answer_control,20,1.0,1.0,1.0,1.0,1.0
378,2,,oracle_corrective,21,1.0,1.0,1.0,1.0,1.0
378,3,,question_only,19,1.0,1.0,1.0,1.0,1.0
378,3,,wrong_answer_conditioned,20,1.0,1.0,1.0,1.0,1.0
378,3,353,shuffled_wrong_answer_control,20,1.0,1.0,1.0,1.0,1.0
378,3,,oracle_corrective,21,1.0,1.0,1.0,1.0,1.0
379,1,,question_only,12,1.0,1.0,1.0,1.0,1.0
379,1,,wrong_answer_conditioned,13,1.0,1.0,1.0,1.0,1.0
379,1,104,shuffled_wrong_answer_control,14,1.0,1.0,1.0,1.0,1.0
379,1,,oracle_corrective,14,1.0,1.0,1.0,1.0,1.0
379,2,,question_only,12,1.0,1.0,1.0,1.0,1.0
379,2,,wrong_answer_conditioned,13,1.0,1.0,1.0,1.0,1.0
379,2,727,shuffled_wrong_answer_control,13,1.0,1.0,1.0,1.0,1.0
379,2,,oracle_corrective,14,1.0,1.0,1.0,1.0,1.0
379,3,,question_only,12,1.0,1.0,1.0,1.0,1.0
379,3,,wrong_answer_conditioned,13,1.0,1.0,1.0,1.0,1.0
379,3,486,shuffled_wrong_answer_control,13,1.0,1.0,1.0,1.0,1.0
379,3,,oracle_corrective,14,1.0,1.0,1.0,1.0,1.0
380,1,,question_only,19,1.0,1.0,1.0,1.0,1.0
380,1,,wrong_answer_conditioned,20,1.0,1.0,1.0,1.0,1.0
380,1,565,shuffled_wrong_answer_control,20,1.0,1.0,1.0,1.0,1.0
380,1,,oracle_corrective,21,1.0,1.0,1.0,1.0,1.0
380,2,,question_only,19,1.0,1.0,1.0,1.0,1.0
380,2,,wrong_answer_conditioned,20,1.0,1.0,1.0,1.0,1.0
380,2,678,shuffled_wrong_answer_control,20,1.0,1.0,1.0,1.0,1.0
380,2,,oracle_corrective,21,1.0,1.0,1.0,1.0,1.0
380,3,,question_only,19,1.0,1.0,1.0,1.0,1.0
380,3,,wrong_answer_conditioned,20,1.0,1.0,1.0,1.0,1.0
380,3,408,shuffled_wrong_answer_control,20,1.0,1.0,1.0,1.0,1.0
380,3,,oracle_corrective,21,1.0,1.0,1.0,1.0,1.0
381,1,,question_only,7,1.0,1.0,1.0,1.0,1.0
381,1,,wrong_answer_conditioned,8,1.0,1.0,1.0,1.0,1.0
381,1,184,shuffled_wrong_answer_control,8,1.0,1.0,1.0,1.0,1.0
381,1,,oracle_corrective,9,1.0,1.0,1.0,1.0,1.0
381,2,,question_only,7,1.0,1.0,1.0,1.0,1.0
381,2,,wrong_answer_conditioned,8,1.0,1.0,1.0,1.0,1.0
381,2,682,shuffled_wrong_answer_control,8,1.0,1.0,1.0,1.0,1.0
381,2,,oracle_corrective,9,1.0,1.0,1.0,1.0,1.0
381,3,,question_only,7,1.0,1.0,1.0,1.0,1.0
381,3,,wrong_answer_conditioned,8,1.0,1.0,1.0,1.0,1.0
381,3,359,shuffled_wrong_answer_control,9,1.0,1.0,1.0,1.0,1.0
381,3,,oracle_corrective,9,1.0,1.0,1.0,1.0,1.0
382,1,,question_only,12,1.0,1.0,1.0,1.0,1.0
382,1,,wrong_answer_conditioned,14,0.5,0.0,1.0,1.0,0.6309297535714575
382,1,111,shuffled_wrong_answer_control,13,1.0,1.0,1.0,1.0,1.0
382,1,,oracle_corrective,16,1.0,1.0,1.0,1.0,1.0
382,2,,question_only,12,1.0,1.0,1.0,1.0,1.0
382,2,,wrong_answer_conditioned,13,1.0,1.0,1.0,1.0,1.0
382,2,80,shuffled_wrong_answer_control,13,1.0,1.0,1.0,1.0,1.0
382,2,,oracle_corrective,15,1.0,1.0,1.0,1.0,1.0
382,3,,question_only,12,1.0,1.0,1.0,1.0,1.0
382,3,,wrong_answer_conditioned,13,1.0,1.0,1.0,1.0,1.0
382,3,131,shuffled_wrong_answer_control,14,1.0,1.0,1.0,1.0,1.0
382,3,,oracle_corrective,15,1.0,1.0,1.0,1.0,1.0
383,1,,question_only,29,1.0,1.0,1.0,1.0,1.0
383,1,,wrong_answer_conditioned,30,1.0,1.0,1.0,1.0,1.0
383,1,693,shuffled_wrong_answer_control,30,1.0,1.0,1.0,1.0,1.0
383,1,,oracle_corrective,31,1.0,1.0,1.0,1.0,1.0
383,2,,question_only,29,1.0,1.0,1.0,1.0,1.0
383,2,,wrong_answer_conditioned,30,1.0,1.0,1.0,1.0,1.0
383,2,506,shuffled_wrong_answer_control,31,1.0,1.0,1.0,1.0,1.0
383,2,,oracle_corrective,31,1.0,1.0,1.0,1.0,1.0
383,3,,question_only,29,1.0,1.0,1.0,1.0,1.0
383,3,,wrong_answer_conditioned,30,1.0,1.0,1.0,1.0,1.0
383,3,619,shuffled_wrong_answer_control,30,1.0,1.0,1.0,1.0,1.0
383,3,,oracle_corrective,31,1.0,1.0,1.0,1.0,1.0
384,1,,question_only,33,1.0,1.0,1.0,1.0,1.0
384,1,,wrong_answer_conditioned,35,1.0,1.0,1.0,1.0,1.0
384,1,435,shuffled_wrong_answer_control,35,1.0,1.0,1.0,1.0,1.0
384,1,,oracle_corrective,37,1.0,1.0,1.0,1.0,1.0
384,2,,question_only,33,1.0,1.0,1.0,1.0,1.0
384,2,,wrong_answer_conditioned,35,1.0,1.0,1.0,1.0,1.0
384,2,599,shuffled_wrong_answer_control,35,1.0,1.0,1.0,1.0,1.0
384,2,,oracle_corrective,37,1.0,1.0,1.0,1.0,1.0
384,3,,question_only,33,1.0,1.0,1.0,1.0,1.0
384,3,,wrong_answer_conditioned,35,1.0,1.0,1.0,1.0,1.0
384,3,84,shuffled_wrong_answer_control,34,1.0,1.0,1.0,1.0,1.0
384,3,,oracle_corrective,37,1.0,1.0,1.0,1.0,1.0
385,1,,question_only,12,1.0,1.0,1.0,1.0,1.0
385,1,,wrong_answer_conditioned,15,1.0,1.0,1.0,1.0,1.0
385,1,431,shuffled_wrong_answer_control,15,1.0,1.0,1.0,1.0,1.0
385,1,,oracle_corrective,18,1.0,1.0,1.0,1.0,1.0
385,2,,question_only,12,1.0,1.0,1.0,1.0,1.0
385,2,,wrong_answer_conditioned,15,1.0,1.0,1.0,1.0,1.0
385,2,268,shuffled_wrong_answer_control,15,1.0,1.0,1.0,1.0,1.0
385,2,,oracle_corrective,18,1.0,1.0,1.0,1.0,1.0
385,3,,question_only,12,1.0,1.0,1.0,1.0,1.0
385,3,,wrong_answer_conditioned,15,1.0,1.0,1.0,1.0,1.0
385,3,798,shuffled_wrong_answer_control,13,1.0,1.0,1.0,1.0,1.0
385,3,,oracle_corrective,18,1.0,1.0,1.0,1.0,1.0
386,1,,question_only,10,1.0,1.0,1.0,1.0,1.0
386,1,,wrong_answer_conditioned,11,1.0,1.0,1.0,1.0,1.0
386,1,343,shuffled_wrong_answer_control,13,1.0,1.0,1.0,1.0,1.0
386,1,,oracle_corrective,12,1.0,1.0,1.0,1.0,1.0
386,2,,question_only,10,1.0,1.0,1.0,1.0,1.0
386,2,,wrong_answer_conditioned,11,1.0,1.0,1.0,1.0,1.0
386,2,151,shuffled_wrong_answer_control,11,1.0,1.0,1.0,1.0,1.0
386,2,,oracle_corrective,12,1.0,1.0,1.0,1.0,1.0
386,3,,question_only,10,1.0,1.0,1.0,1.0,1.0
386,3,,wrong_answer_conditioned,11,1.0,1.0,1.0,1.0,1.0
386,3,689,shuffled_wrong_answer_control,11,1.0,1.0,1.0,1.0,1.0
386,3,,oracle_corrective,12,1.0,1.0,1.0,1.0,1.0
387,1,,question_only,17,1.0,1.0,1.0,1.0,1.0
387,1,,wrong_answer_conditioned,18,1.0,1.0,1.0,1.0,1.0
387,1,518,shuffled_wrong_answer_control,18,1.0,1.0,1.0,1.0,1.0
387,1,,oracle_corrective,19,1.0,1.0,1.0,1.0,1.0
387,2,,question_only,17,1.0,1.0,1.0,1.0,1.0
387,2,,wrong_answer_conditioned,18,1.0,1.0,1.0,1.0,1.0
387,2,771,shuffled_wrong_answer_control,18,1.0,1.0,1.0,1.0,1.0
387,2,,oracle_corrective,19,1.0,1.0,1.0,1.0,1.0
387,3,,question_only,17,1.0,1.0,1.0,1.0,1.0
387,3,,wrong_answer_conditioned,18,1.0,1.0,1.0,1.0,1.0
387,3,326,shuffled_wrong_answer_control,20,1.0,1.0,1.0,1.0,1.0
387,3,,oracle_corrective,19,1.0,1.0,1.0,1.0,1.0
388,1,,question_only,21,1.0,1.0,1.0,1.0,1.0
388,1,,wrong_answer_conditioned,22,1.0,1.0,1.0,1.0,1.0
388,1,244,shuffled_wrong_answer_control,22,1.0,1.0,1.0,1.0,1.0
388,1,,oracle_corrective,23,1.0,1.0,1.0,1.0,1.0
388,2,,question_only,21,1.0,1.0,1.0,1.0,1.0
388,2,,wrong_answer_conditioned,22,1.0,1.0,1.0,1.0,1.0
388,2,295,shuffled_wrong_answer_control,22,1.0,1.0,1.0,1.0,1.0
388,2,,oracle_corrective,23,1.0,1.0,1.0,1.0,1.0
388,3,,question_only,21,1.0,1.0,1.0,1.0,1.0
388,3,,wrong_answer_conditioned,22,1.0,1.0,1.0,1.0,1.0
388,3,212,shuffled_wrong_answer_control,22,1.0,1.0,1.0,1.0,1.0
388,3,,oracle_corrective,23,1.0,1.0,1.0,1.0,1.0
389,1,,question_only,12,1.0,1.0,1.0,1.0,1.0
389,1,,wrong_answer_conditioned,13,1.0,1.0,1.0,1.0,1.0
389,1,764,shuffled_wrong_answer_control,13,1.0,1.0,1.0,1.0,1.0
389,1,,oracle_corrective,14,1.0,1.0,1.0,1.0,1.0
389,2,,question_only,12,1.0,1.0,1.0,1.0,1.0
389,2,,wrong_answer_conditioned,13,1.0,1.0,1.0,1.0,1.0
389,2,244,shuffled_wrong_answer_control,13,1.0,1.0,1.0,1.0,1.0
389,2,,oracle_corrective,14,1.0,1.0,1.0,1.0,1.0
389,3,,question_only,12,1.0,1.0,1.0,1.0,1.0
389,3,,wrong_answer_conditioned,13,1.0,1.0,1.0,1.0,1.0
389,3,87,shuffled_wrong_answer_control,13,1.0,1.0,1.0,1.0,1.0
389,3,,oracle_corrective,14,1.0,1.0,1.0,1.0,1.0
390,1,,question_only,11,1.0,1.0,1.0,1.0,1.0
390,1,,wrong_answer_conditioned,13,1.0,1.0,1.0,1.0,1.0
390,1,697,shuffled_wrong_answer_control,12,1.0,1.0,1.0,1.0,1.0
390,1,,oracle_corrective,15,1.0,1.0,1.0,1.0,1.0
390,2,,question_only,11,1.0,1.0,1.0,1.0,1.0
390,2,,wrong_answer_conditioned,13,1.0,1.0,1.0,1.0,1.0
390,2,323,shuffled_wrong_answer_control,12,1.0,1.0,1.0,1.0,1.0
390,2,,oracle_corrective,15,1.0,1.0,1.0,1.0,1.0
390,3,,question_only,11,1.0,1.0,1.0,1.0,1.0
390,3,,wrong_answer_conditioned,13,1.0,1.0,1.0,1.0,1.0
390,3,115,shuffled_wrong_answer_control,12,1.0,1.0,1.0,1.0,1.0
390,3,,oracle_corrective,15,1.0,1.0,1.0,1.0,1.0
391,1,,question_only,11,1.0,1.0,1.0,1.0,1.0
391,1,,wrong_answer_conditioned,12,1.0,1.0,1.0,1.0,1.0
391,1,448,shuffled_wrong_answer_control,12,1.0,1.0,1.0,1.0,1.0
391,1,,oracle_corrective,13,1.0,1.0,1.0,1.0,1.0
391,2,,question_only,11,1.0,1.0,1.0,1.0,1.0
391,2,,wrong_answer_conditioned,12,1.0,1.0,1.0,1.0,1.0
391,2,438,shuffled_wrong_answer_control,13,1.0,1.0,1.0,1.0,1.0
391,2,,oracle_corrective,13,1.0,1.0,1.0,1.0,1.0
391,3,,question_only,11,1.0,1.0,1.0,1.0,1.0
391,3,,wrong_answer_conditioned,12,1.0,1.0,1.0,1.0,1.0
391,3,672,shuffled_wrong_answer_control,12,1.0,1.0,1.0,1.0,1.0
391,3,,oracle_corrective,13,1.0,1.0,1.0,1.0,1.0
392,1,,question_only,11,1.0,1.0,1.0,1.0,1.0
392,1,,wrong_answer_conditioned,12,1.0,1.0,1.0,1.0,1.0
392,1,516,shuffled_wrong_answer_control,12,1.0,1.0,1.0,1.0,1.0
392,1,,oracle_corrective,13,1.0,1.0,1.0,1.0,1.0
392,2,,question_only,11,1.0,1.0,1.0,1.0,1.0
392,2,,wrong_answer_conditioned,12,1.0,1.0,1.0,1.0,1.0
392,2,305,shuffled_wrong_answer_control,12,1.0,1.0,1.0,1.0,1.0
392,2,,oracle_corrective,13,1.0,1.0,1.0,1.0,1.0
392,3,,question_only,11,1.0,1.0,1.0,1.0,1.0
392,3,,wrong_answer_conditioned,12,1.0,1.0,1.0,1.0,1.0
392,3,102,shuffled_wrong_answer_control,14,1.0,1.0,1.0,1.0,1.0
392,3,,oracle_corrective,13,1.0,1.0,1.0,1.0,1.0
393,1,,question_only,8,0.5,0.0,1.0,1.0,0.6309297535714575
393,1,,wrong_answer_conditioned,11,1.0,1.0,1.0,1.0,1.0
393,1,174,shuffled_wrong_answer_control,10,0.0,0.0,0.0,0.0,0.0
393,1,,oracle_corrective,14,1.0,1.0,1.0,1.0,1.0
393,2,,question_only,8,0.5,0.0,1.0,1.0,0.6309297535714575
393,2,,wrong_answer_conditioned,11,1.0,1.0,1.0,1.0,1.0
393,2,868,shuffled_wrong_answer_control,9,0.25,0.0,0.0,1.0,0.43067655807339306
393,2,,oracle_corrective,14,1.0,1.0,1.0,1.0,1.0
393,3,,question_only,8,0.5,0.0,1.0,1.0,0.6309297535714575
393,3,,wrong_answer_conditioned,11,1.0,1.0,1.0,1.0,1.0
393,3,716,shuffled_wrong_answer_control,9,0.5,0.0,1.0,1.0,0.6309297535714575
393,3,,oracle_corrective,14,1.0,1.0,1.0,1.0,1.0
394,1,,question_only,11,1.0,1.0,1.0,1.0,1.0
394,1,,wrong_answer_conditioned,12,1.0,1.0,1.0,1.0,1.0
394,1,84,shuffled_wrong_answer_control,12,1.0,1.0,1.0,1.0,1.0
394,1,,oracle_corrective,13,1.0,1.0,1.0,1.0,1.0
394,2,,question_only,11,1.0,1.0,1.0,1.0,1.0
394,2,,wrong_answer_conditioned,12,1.0,1.0,1.0,1.0,1.0
394,2,217,shuffled_wrong_answer_control,13,1.0,1.0,1.0,1.0,1.0
394,2,,oracle_corrective,13,1.0,1.0,1.0,1.0,1.0
394,3,,question_only,11,1.0,1.0,1.0,1.0,1.0
394,3,,wrong_answer_conditioned,12,1.0,1.0,1.0,1.0,1.0
394,3,308,shuffled_wrong_answer_control,12,1.0,1.0,1.0,1.0,1.0
394,3,,oracle_corrective,13,1.0,1.0,1.0,1.0,1.0
395,1,,question_only,12,1.0,1.0,1.0,1.0,1.0
395,1,,wrong_answer_conditioned,13,1.0,1.0,1.0,1.0,1.0
395,1,419,shuffled_wrong_answer_control,13,1.0,1.0,1.0,1.0,1.0
395,1,,oracle_corrective,14,1.0,1.0,1.0,1.0,1.0
395,2,,question_only,12,1.0,1.0,1.0,1.0,1.0
395,2,,wrong_answer_conditioned,13,1.0,1.0,1.0,1.0,1.0
395,2,521,shuffled_wrong_answer_control,13,1.0,1.0,1.0,1.0,1.0
395,2,,oracle_corrective,14,1.0,1.0,1.0,1.0,1.0
395,3,,question_only,12,1.0,1.0,1.0,1.0,1.0
395,3,,wrong_answer_conditioned,13,1.0,1.0,1.0,1.0,1.0
395,3,270,shuffled_wrong_answer_control,13,1.0,1.0,1.0,1.0,1.0
395,3,,oracle_corrective,14,1.0,1.0,1.0,1.0,1.0
396,1,,question_only,11,1.0,1.0,1.0,1.0,1.0
396,1,,wrong_answer_conditioned,12,1.0,1.0,1.0,1.0,1.0
396,1,149,shuffled_wrong_answer_control,12,1.0,1.0,1.0,1.0,1.0
396,1,,oracle_corrective,13,1.0,1.0,1.0,1.0,1.0
396,2,,question_only,11,1.0,1.0,1.0,1.0,1.0
396,2,,wrong_answer_conditioned,12,1.0,1.0,1.0,1.0,1.0
396,2,718,shuffled_wrong_answer_control,12,1.0,1.0,1.0,1.0,1.0
396,2,,oracle_corrective,13,1.0,1.0,1.0,1.0,1.0
396,3,,question_only,11,1.0,1.0,1.0,1.0,1.0
396,3,,wrong_answer_conditioned,12,1.0,1.0,1.0,1.0,1.0
396,3,678,shuffled_wrong_answer_control,12,1.0,1.0,1.0,1.0,1.0
396,3,,oracle_corrective,13,1.0,1.0,1.0,1.0,1.0
397,1,,question_only,5,1.0,1.0,1.0,1.0,1.0
397,1,,wrong_answer_conditioned,7,1.0,1.0,1.0,1.0,1.0
397,1,543,shuffled_wrong_answer_control,6,1.0,1.0,1.0,1.0,1.0
397,1,,oracle_corrective,9,1.0,1.0,1.0,1.0,1.0
397,2,,question_only,5,1.0,1.0,1.0,1.0,1.0
397,2,,wrong_answer_conditioned,7,1.0,1.0,1.0,1.0,1.0
397,2,543,shuffled_wrong_answer_control,6,1.0,1.0,1.0,1.0,1.0
397,2,,oracle_corrective,9,1.0,1.0,1.0,1.0,1.0
397,3,,question_only,5,1.0,1.0,1.0,1.0,1.0
397,3,,wrong_answer_conditioned,7,1.0,1.0,1.0,1.0,1.0
397,3,271,shuffled_wrong_answer_control,6,1.0,1.0,1.0,1.0,1.0
397,3,,oracle_corrective,9,1.0,1.0,1.0,1.0,1.0
398,1,,question_only,20,1.0,1.0,1.0,1.0,1.0
398,1,,wrong_answer_conditioned,22,1.0,1.0,1.0,1.0,1.0
398,1,827,shuffled_wrong_answer_control,22,1.0,1.0,1.0,1.0,1.0
398,1,,oracle_corrective,24,1.0,1.0,1.0,1.0,1.0
398,2,,question_only,20,1.0,1.0,1.0,1.0,1.0
398,2,,wrong_answer_conditioned,22,1.0,1.0,1.0,1.0,1.0
398,2,123,shuffled_wrong_answer_control,21,1.0,1.0,1.0,1.0,1.0
398,2,,oracle_corrective,24,1.0,1.0,1.0,1.0,1.0
398,3,,question_only,20,1.0,1.0,1.0,1.0,1.0
398,3,,wrong_answer_conditioned,22,1.0,1.0,1.0,1.0,1.0
398,3,532,shuffled_wrong_answer_control,21,1.0,1.0,1.0,1.0,1.0
398,3,,oracle_corrective,24,1.0,1.0,1.0,1.0,1.0
399,1,,question_only,15,1.0,1.0,1.0,1.0,1.0
399,1,,wrong_answer_conditioned,16,1.0,1.0,1.0,1.0,1.0
399,1,595,shuffled_wrong_answer_control,16,1.0,1.0,1.0,1.0,1.0
399,1,,oracle_corrective,17,1.0,1.0,1.0,1.0,1.0
399,2,,question_only,15,1.0,1.0,1.0,1.0,1.0
399,2,,wrong_answer_conditioned,16,1.0,1.0,1.0,1.0,1.0
399,2,428,shuffled_wrong_answer_control,17,1.0,1.0,1.0,1.0,1.0
399,2,,oracle_corrective,17,1.0,1.0,1.0,1.0,1.0
399,3,,question_only,15,1.0,1.0,1.0,1.0,1.0
399,3,,wrong_answer_conditioned,16,1.0,1.0,1.0,1.0,1.0
399,3,127,shuffled_wrong_answer_control,17,1.0,1.0,1.0,1.0,1.0
399,3,,oracle_corrective,17,1.0,1.0,1.0,1.0,1.0
400,1,,question_only,9,1.0,1.0,1.0,1.0,1.0
400,1,,wrong_answer_conditioned,10,1.0,1.0,1.0,1.0,1.0
400,1,781,shuffled_wrong_answer_control,11,1.0,1.0,1.0,1.0,1.0
400,1,,oracle_corrective,11,1.0,1.0,1.0,1.0,1.0
400,2,,question_only,9,1.0,1.0,1.0,1.0,1.0
400,2,,wrong_answer_conditioned,10,1.0,1.0,1.0,1.0,1.0
400,2,276,shuffled_wrong_answer_control,10,1.0,1.0,1.0,1.0,1.0
400,2,,oracle_corrective,11,1.0,1.0,1.0,1.0,1.0
400,3,,question_only,9,1.0,1.0,1.0,1.0,1.0
400,3,,wrong_answer_conditioned,10,1.0,1.0,1.0,1.0,1.0
400,3,389,shuffled_wrong_answer_control,10,1.0,1.0,1.0,1.0,1.0
400,3,,oracle_corrective,11,1.0,1.0,1.0,1.0,1.0
401,1,,question_only,16,1.0,1.0,1.0,1.0,1.0
401,1,,wrong_answer_conditioned,19,1.0,1.0,1.0,1.0,1.0
401,1,561,shuffled_wrong_answer_control,17,1.0,1.0,1.0,1.0,1.0
401,1,,oracle_corrective,22,1.0,1.0,1.0,1.0,1.0
401,2,,question_only,16,1.0,1.0,1.0,1.0,1.0
401,2,,wrong_answer_conditioned,19,1.0,1.0,1.0,1.0,1.0
401,2,282,shuffled_wrong_answer_control,17,1.0,1.0,1.0,1.0,1.0
401,2,,oracle_corrective,22,1.0,1.0,1.0,1.0,1.0
401,3,,question_only,16,1.0,1.0,1.0,1.0,1.0
401,3,,wrong_answer_conditioned,19,1.0,1.0,1.0,1.0,1.0
401,3,574,shuffled_wrong_answer_control,17,1.0,1.0,1.0,1.0,1.0
401,3,,oracle_corrective,22,1.0,1.0,1.0,1.0,1.0
402,1,,question_only,19,1.0,1.0,1.0,1.0,1.0
402,1,,wrong_answer_conditioned,21,1.0,1.0,1.0,1.0,1.0
402,1,169,shuffled_wrong_answer_control,21,1.0,1.0,1.0,1.0,1.0
402,1,,oracle_corrective,23,1.0,1.0,1.0,1.0,1.0
402,2,,question_only,19,1.0,1.0,1.0,1.0,1.0
402,2,,wrong_answer_conditioned,21,1.0,1.0,1.0,1.0,1.0
402,2,704,shuffled_wrong_answer_control,21,1.0,1.0,1.0,1.0,1.0
402,2,,oracle_corrective,23,1.0,1.0,1.0,1.0,1.0
402,3,,question_only,19,1.0,1.0,1.0,1.0,1.0
402,3,,wrong_answer_conditioned,21,1.0,1.0,1.0,1.0,1.0
402,3,763,shuffled_wrong_answer_control,20,1.0,1.0,1.0,1.0,1.0
402,3,,oracle_corrective,23,1.0,1.0,1.0,1.0,1.0
403,1,,question_only,9,1.0,1.0,1.0,1.0,1.0
403,1,,wrong_answer_conditioned,11,1.0,1.0,1.0,1.0,1.0
403,1,155,shuffled_wrong_answer_control,10,1.0,1.0,1.0,1.0,1.0
403,1,,oracle_corrective,13,1.0,1.0,1.0,1.0,1.0
403,2,,question_only,9,1.0,1.0,1.0,1.0,1.0
403,2,,wrong_answer_conditioned,11,1.0,1.0,1.0,1.0,1.0
403,2,285,shuffled_wrong_answer_control,10,1.0,1.0,1.0,1.0,1.0
403,2,,oracle_corrective,13,1.0,1.0,1.0,1.0,1.0
403,3,,question_only,9,1.0,1.0,1.0,1.0,1.0
403,3,,wrong_answer_conditioned,11,1.0,1.0,1.0,1.0,1.0
403,3,621,shuffled_wrong_answer_control,10,1.0,1.0,1.0,1.0,1.0
403,3,,oracle_corrective,13,1.0,1.0,1.0,1.0,1.0
404,1,,question_only,11,1.0,1.0,1.0,1.0,1.0
404,1,,wrong_answer_conditioned,13,1.0,1.0,1.0,1.0,1.0
404,1,651,shuffled_wrong_answer_control,13,0.5,0.0,1.0,1.0,0.6309297535714575
404,1,,oracle_corrective,15,0.5,0.0,1.0,1.0,0.6309297535714575
404,2,,question_only,11,1.0,1.0,1.0,1.0,1.0
404,2,,wrong_answer_conditioned,13,1.0,1.0,1.0,1.0,1.0
404,2,679,shuffled_wrong_answer_control,12,1.0,1.0,1.0,1.0,1.0
404,2,,oracle_corrective,15,1.0,1.0,1.0,1.0,1.0
404,3,,question_only,11,1.0,1.0,1.0,1.0,1.0
404,3,,wrong_answer_conditioned,13,1.0,1.0,1.0,1.0,1.0
404,3,164,shuffled_wrong_answer_control,12,1.0,1.0,1.0,1.0,1.0
404,3,,oracle_corrective,15,0.5,0.0,1.0,1.0,0.6309297535714575
405,1,,question_only,27,1.0,1.0,1.0,1.0,1.0
405,1,,wrong_answer_conditioned,28,1.0,1.0,1.0,1.0,1.0
405,1,498,shuffled_wrong_answer_control,29,1.0,1.0,1.0,1.0,1.0
405,1,,oracle_corrective,29,1.0,1.0,1.0,1.0,1.0
405,2,,question_only,27,1.0,1.0,1.0,1.0,1.0
405,2,,wrong_answer_conditioned,28,1.0,1.0,1.0,1.0,1.0
405,2,83,shuffled_wrong_answer_control,28,1.0,1.0,1.0,1.0,1.0
405,2,,oracle_corrective,29,1.0,1.0,1.0,1.0,1.0
405,3,,question_only,27,1.0,1.0,1.0,1.0,1.0
405,3,,wrong_answer_conditioned,28,1.0,1.0,1.0,1.0,1.0
405,3,713,shuffled_wrong_answer_control,30,1.0,1.0,1.0,1.0,1.0
405,3,,oracle_corrective,29,1.0,1.0,1.0,1.0,1.0
406,1,,question_only,8,0.0,0.0,0.0,0.0,0.0
406,1,,wrong_answer_conditioned,10,0.0,0.0,0.0,0.0,0.0
406,1,719,shuffled_wrong_answer_control,9,0.0,0.0,0.0,0.0,0.0
406,1,,oracle_corrective,11,0.0,0.0,0.0,0.0,0.0
406,2,,question_only,8,0.0,0.0,0.0,0.0,0.0
406,2,,wrong_answer_conditioned,9,0.0,0.0,0.0,0.0,0.0
406,2,442,shuffled_wrong_answer_control,9,0.0,0.0,0.0,0.0,0.0
406,2,,oracle_corrective,10,0.0,0.0,0.0,0.0,0.0
406,3,,question_only,8,0.0,0.0,0.0,0.0,0.0
406,3,,wrong_answer_conditioned,9,0.0,0.0,0.0,0.0,0.0
406,3,488,shuffled_wrong_answer_control,9,0.0,0.0,0.0,0.0,0.0
406,3,,oracle_corrective,10,0.0,0.0,0.0,0.0,0.0
407,1,,question_only,22,1.0,1.0,1.0,1.0,1.0
407,1,,wrong_answer_conditioned,23,1.0,1.0,1.0,1.0,1.0
407,1,303,shuffled_wrong_answer_control,23,1.0,1.0,1.0,1.0,1.0
407,1,,oracle_corrective,24,1.0,1.0,1.0,1.0,1.0
407,2,,question_only,22,1.0,1.0,1.0,1.0,1.0
407,2,,wrong_answer_conditioned,23,1.0,1.0,1.0,1.0,1.0
407,2,427,shuffled_wrong_answer_control,24,1.0,1.0,1.0,1.0,1.0
407,2,,oracle_corrective,24,1.0,1.0,1.0,1.0,1.0
407,3,,question_only,22,1.0,1.0,1.0,1.0,1.0
407,3,,wrong_answer_conditioned,23,1.0,1.0,1.0,1.0,1.0
407,3,711,shuffled_wrong_answer_control,23,1.0,1.0,1.0,1.0,1.0
407,3,,oracle_corrective,24,1.0,1.0,1.0,1.0,1.0
408,1,,question_only,10,1.0,1.0,1.0,1.0,1.0
408,1,,wrong_answer_conditioned,11,1.0,1.0,1.0,1.0,1.0
408,1,836,shuffled_wrong_answer_control,11,1.0,1.0,1.0,1.0,1.0
408,1,,oracle_corrective,12,1.0,1.0,1.0,1.0,1.0
408,2,,question_only,10,1.0,1.0,1.0,1.0,1.0
408,2,,wrong_answer_conditioned,11,1.0,1.0,1.0,1.0,1.0
408,2,504,shuffled_wrong_answer_control,11,1.0,1.0,1.0,1.0,1.0
408,2,,oracle_corrective,12,1.0,1.0,1.0,1.0,1.0
408,3,,question_only,10,1.0,1.0,1.0,1.0,1.0
408,3,,wrong_answer_conditioned,11,1.0,1.0,1.0,1.0,1.0
408,3,727,shuffled_wrong_answer_control,11,1.0,1.0,1.0,1.0,1.0
408,3,,oracle_corrective,12,1.0,1.0,1.0,1.0,1.0
409,1,,question_only,14,1.0,1.0,1.0,1.0,1.0
409,1,,wrong_answer_conditioned,15,1.0,1.0,1.0,1.0,1.0
409,1,610,shuffled_wrong_answer_control,15,1.0,1.0,1.0,1.0,1.0
409,1,,oracle_corrective,16,1.0,1.0,1.0,1.0,1.0
409,2,,question_only,14,1.0,1.0,1.0,1.0,1.0
409,2,,wrong_answer_conditioned,15,1.0,1.0,1.0,1.0,1.0
409,2,317,shuffled_wrong_answer_control,15,1.0,1.0,1.0,1.0,1.0
409,2,,oracle_corrective,16,1.0,1.0,1.0,1.0,1.0
409,3,,question_only,14,1.0,1.0,1.0,1.0,1.0
409,3,,wrong_answer_conditioned,15,1.0,1.0,1.0,1.0,1.0
409,3,872,shuffled_wrong_answer_control,15,1.0,1.0,1.0,1.0,1.0
409,3,,oracle_corrective,16,1.0,1.0,1.0,1.0,1.0
410,1,,question_only,21,1.0,1.0,1.0,1.0,1.0
410,1,,wrong_answer_conditioned,24,1.0,1.0,1.0,1.0,1.0
410,1,473,shuffled_wrong_answer_control,23,1.0,1.0,1.0,1.0,1.0
410,1,,oracle_corrective,27,1.0,1.0,1.0,1.0,1.0
410,2,,question_only,21,1.0,1.0,1.0,1.0,1.0
410,2,,wrong_answer_conditioned,24,1.0,1.0,1.0,1.0,1.0
410,2,518,shuffled_wrong_answer_control,22,1.0,1.0,1.0,1.0,1.0
410,2,,oracle_corrective,27,1.0,1.0,1.0,1.0,1.0
410,3,,question_only,21,1.0,1.0,1.0,1.0,1.0
410,3,,wrong_answer_conditioned,24,1.0,1.0,1.0,1.0,1.0
410,3,48,shuffled_wrong_answer_control,24,1.0,1.0,1.0,1.0,1.0
410,3,,oracle_corrective,27,1.0,1.0,1.0,1.0,1.0
411,1,,question_only,31,1.0,1.0,1.0,1.0,1.0
411,1,,wrong_answer_conditioned,32,1.0,1.0,1.0,1.0,1.0
411,1,350,shuffled_wrong_answer_control,32,1.0,1.0,1.0,1.0,1.0
411,1,,oracle_corrective,33,1.0,1.0,1.0,1.0,1.0
411,2,,question_only,31,1.0,1.0,1.0,1.0,1.0
411,2,,wrong_answer_conditioned,32,1.0,1.0,1.0,1.0,1.0
411,2,584,shuffled_wrong_answer_control,32,1.0,1.0,1.0,1.0,1.0
411,2,,oracle_corrective,33,1.0,1.0,1.0,1.0,1.0
411,3,,question_only,31,1.0,1.0,1.0,1.0,1.0
411,3,,wrong_answer_conditioned,32,1.0,1.0,1.0,1.0,1.0
411,3,631,shuffled_wrong_answer_control,33,1.0,1.0,1.0,1.0,1.0
411,3,,oracle_corrective,33,1.0,1.0,1.0,1.0,1.0
412,1,,question_only,15,0.0,0.0,0.0,0.0,0.0
412,1,,wrong_answer_conditioned,16,0.0,0.0,0.0,0.0,0.0
412,1,738,shuffled_wrong_answer_control,16,0.0,0.0,0.0,0.0,0.0
412,1,,oracle_corrective,17,0.0,0.0,0.0,0.0,0.0
412,2,,question_only,15,0.0,0.0,0.0,0.0,0.0
412,2,,wrong_answer_conditioned,16,0.0,0.0,0.0,0.0,0.0
412,2,481,shuffled_wrong_answer_control,16,0.0,0.0,0.0,0.0,0.0
412,2,,oracle_corrective,17,0.0,0.0,0.0,0.0,0.0
412,3,,question_only,15,0.0,0.0,0.0,0.0,0.0
412,3,,wrong_answer_conditioned,16,0.0,0.0,0.0,0.0,0.0
412,3,388,shuffled_wrong_answer_control,16,0.0,0.0,0.0,0.0,0.0
412,3,,oracle_corrective,17,0.0,0.0,0.0,0.0,0.0
413,1,,question_only,18,1.0,1.0,1.0,1.0,1.0
413,1,,wrong_answer_conditioned,19,1.0,1.0,1.0,1.0,1.0
413,1,666,shuffled_wrong_answer_control,20,1.0,1.0,1.0,1.0,1.0
413,1,,oracle_corrective,20,1.0,1.0,1.0,1.0,1.0
413,2,,question_only,18,1.0,1.0,1.0,1.0,1.0
413,2,,wrong_answer_conditioned,19,1.0,1.0,1.0,1.0,1.0
413,2,202,shuffled_wrong_answer_control,20,1.0,1.0,1.0,1.0,1.0
413,2,,oracle_corrective,20,1.0,1.0,1.0,1.0,1.0
413,3,,question_only,18,1.0,1.0,1.0,1.0,1.0
413,3,,wrong_answer_conditioned,19,1.0,1.0,1.0,1.0,1.0
413,3,471,shuffled_wrong_answer_control,19,1.0,1.0,1.0,1.0,1.0
413,3,,oracle_corrective,20,1.0,1.0,1.0,1.0,1.0
414,1,,question_only,9,1.0,1.0,1.0,1.0,1.0
414,1,,wrong_answer_conditioned,11,1.0,1.0,1.0,1.0,1.0
414,1,729,shuffled_wrong_answer_control,10,1.0,1.0,1.0,1.0,1.0
414,1,,oracle_corrective,13,1.0,1.0,1.0,1.0,1.0
414,2,,question_only,9,1.0,1.0,1.0,1.0,1.0
414,2,,wrong_answer_conditioned,11,1.0,1.0,1.0,1.0,1.0
414,2,129,shuffled_wrong_answer_control,11,1.0,1.0,1.0,1.0,1.0
414,2,,oracle_corrective,13,1.0,1.0,1.0,1.0,1.0
414,3,,question_only,9,1.0,1.0,1.0,1.0,1.0
414,3,,wrong_answer_conditioned,11,1.0,1.0,1.0,1.0,1.0
414,3,767,shuffled_wrong_answer_control,10,1.0,1.0,1.0,1.0,1.0
414,3,,oracle_corrective,13,1.0,1.0,1.0,1.0,1.0
415,1,,question_only,22,1.0,1.0,1.0,1.0,1.0
415,1,,wrong_answer_conditioned,24,1.0,1.0,1.0,1.0,1.0
415,1,359,shuffled_wrong_answer_control,24,1.0,1.0,1.0,1.0,1.0
415,1,,oracle_corrective,26,1.0,1.0,1.0,1.0,1.0
415,2,,question_only,22,1.0,1.0,1.0,1.0,1.0
415,2,,wrong_answer_conditioned,24,1.0,1.0,1.0,1.0,1.0
415,2,235,shuffled_wrong_answer_control,23,1.0,1.0,1.0,1.0,1.0
415,2,,oracle_corrective,26,1.0,1.0,1.0,1.0,1.0
415,3,,question_only,22,1.0,1.0,1.0,1.0,1.0
415,3,,wrong_answer_conditioned,23,1.0,1.0,1.0,1.0,1.0
415,3,74,shuffled_wrong_answer_control,23,1.0,1.0,1.0,1.0,1.0
415,3,,oracle_corrective,25,1.0,1.0,1.0,1.0,1.0
416,1,,question_only,13,1.0,1.0,1.0,1.0,1.0
416,1,,wrong_answer_conditioned,14,1.0,1.0,1.0,1.0,1.0
416,1,739,shuffled_wrong_answer_control,15,1.0,1.0,1.0,1.0,1.0
416,1,,oracle_corrective,15,1.0,1.0,1.0,1.0,1.0
416,2,,question_only,13,1.0,1.0,1.0,1.0,1.0
416,2,,wrong_answer_conditioned,14,1.0,1.0,1.0,1.0,1.0
416,2,877,shuffled_wrong_answer_control,15,1.0,1.0,1.0,1.0,1.0
416,2,,oracle_corrective,15,1.0,1.0,1.0,1.0,1.0
416,3,,question_only,13,1.0,1.0,1.0,1.0,1.0
416,3,,wrong_answer_conditioned,14,1.0,1.0,1.0,1.0,1.0
416,3,485,shuffled_wrong_answer_control,16,1.0,1.0,1.0,1.0,1.0
416,3,,oracle_corrective,15,1.0,1.0,1.0,1.0,1.0
417,1,,question_only,14,1.0,1.0,1.0,1.0,1.0
417,1,,wrong_answer_conditioned,15,1.0,1.0,1.0,1.0,1.0
417,1,612,shuffled_wrong_answer_control,17,1.0,1.0,1.0,1.0,1.0
417,1,,oracle_corrective,18,1.0,1.0,1.0,1.0,1.0
417,2,,question_only,14,1.0,1.0,1.0,1.0,1.0
417,2,,wrong_answer_conditioned,15,1.0,1.0,1.0,1.0,1.0
417,2,376,shuffled_wrong_answer_control,15,1.0,1.0,1.0,1.0,1.0
417,2,,oracle_corrective,18,1.0,1.0,1.0,1.0,1.0
417,3,,question_only,14,1.0,1.0,1.0,1.0,1.0
417,3,,wrong_answer_conditioned,15,1.0,1.0,1.0,1.0,1.0
417,3,176,shuffled_wrong_answer_control,17,1.0,1.0,1.0,1.0,1.0
417,3,,oracle_corrective,18,1.0,1.0,1.0,1.0,1.0
418,1,,question_only,18,1.0,1.0,1.0,1.0,1.0
418,1,,wrong_answer_conditioned,19,1.0,1.0,1.0,1.0,1.0
418,1,349,shuffled_wrong_answer_control,19,1.0,1.0,1.0,1.0,1.0
418,1,,oracle_corrective,20,1.0,1.0,1.0,1.0,1.0
418,2,,question_only,18,1.0,1.0,1.0,1.0,1.0
418,2,,wrong_answer_conditioned,19,1.0,1.0,1.0,1.0,1.0
418,2,538,shuffled_wrong_answer_control,19,1.0,1.0,1.0,1.0,1.0
418,2,,oracle_corrective,20,1.0,1.0,1.0,1.0,1.0
418,3,,question_only,18,1.0,1.0,1.0,1.0,1.0
418,3,,wrong_answer_conditioned,19,1.0,1.0,1.0,1.0,1.0
418,3,835,shuffled_wrong_answer_control,19,1.0,1.0,1.0,1.0,1.0
418,3,,oracle_corrective,20,1.0,1.0,1.0,1.0,1.0
419,1,,question_only,20,1.0,1.0,1.0,1.0,1.0
419,1,,wrong_answer_conditioned,21,1.0,1.0,1.0,1.0,1.0
419,1,769,shuffled_wrong_answer_control,21,1.0,1.0,1.0,1.0,1.0
419,1,,oracle_corrective,22,1.0,1.0,1.0,1.0,1.0
419,2,,question_only,20,1.0,1.0,1.0,1.0,1.0
419,2,,wrong_answer_conditioned,21,1.0,1.0,1.0,1.0,1.0
419,2,875,shuffled_wrong_answer_control,23,1.0,1.0,1.0,1.0,1.0
419,2,,oracle_corrective,22,1.0,1.0,1.0,1.0,1.0
419,3,,question_only,20,1.0,1.0,1.0,1.0,1.0
419,3,,wrong_answer_conditioned,21,1.0,1.0,1.0,1.0,1.0
419,3,540,shuffled_wrong_answer_control,21,1.0,1.0,1.0,1.0,1.0
419,3,,oracle_corrective,22,1.0,1.0,1.0,1.0,1.0
420,1,,question_only,13,1.0,1.0,1.0,1.0,1.0
420,1,,wrong_answer_conditioned,15,1.0,1.0,1.0,1.0,1.0
420,1,118,shuffled_wrong_answer_control,14,1.0,1.0,1.0,1.0,1.0
420,1,,oracle_corrective,18,1.0,1.0,1.0,1.0,1.0
420,2,,question_only,13,1.0,1.0,1.0,1.0,1.0
420,2,,wrong_answer_conditioned,16,1.0,1.0,1.0,1.0,1.0
420,2,754,shuffled_wrong_answer_control,15,1.0,1.0,1.0,1.0,1.0
420,2,,oracle_corrective,19,1.0,1.0,1.0,1.0,1.0
420,3,,question_only,13,1.0,1.0,1.0,1.0,1.0
420,3,,wrong_answer_conditioned,16,1.0,1.0,1.0,1.0,1.0
420,3,679,shuffled_wrong_answer_control,14,1.0,1.0,1.0,1.0,1.0
420,3,,oracle_corrective,19,1.0,1.0,1.0,1.0,1.0
421,1,,question_only,13,1.0,1.0,1.0,1.0,1.0
421,1,,wrong_answer_conditioned,15,1.0,1.0,1.0,1.0,1.0
421,1,227,shuffled_wrong_answer_control,14,1.0,1.0,1.0,1.0,1.0
421,1,,oracle_corrective,17,1.0,1.0,1.0,1.0,1.0
421,2,,question_only,13,1.0,1.0,1.0,1.0,1.0
421,2,,wrong_answer_conditioned,15,1.0,1.0,1.0,1.0,1.0
421,2,365,shuffled_wrong_answer_control,14,1.0,1.0,1.0,1.0,1.0
421,2,,oracle_corrective,17,1.0,1.0,1.0,1.0,1.0
421,3,,question_only,13,1.0,1.0,1.0,1.0,1.0
421,3,,wrong_answer_conditioned,15,1.0,1.0,1.0,1.0,1.0
421,3,481,shuffled_wrong_answer_control,14,1.0,1.0,1.0,1.0,1.0
421,3,,oracle_corrective,17,1.0,1.0,1.0,1.0,1.0
422,1,,question_only,9,1.0,1.0,1.0,1.0,1.0
422,1,,wrong_answer_conditioned,10,1.0,1.0,1.0,1.0,1.0
422,1,205,shuffled_wrong_answer_control,10,1.0,1.0,1.0,1.0,1.0
422,1,,oracle_corrective,11,1.0,1.0,1.0,1.0,1.0
422,2,,question_only,9,1.0,1.0,1.0,1.0,1.0
422,2,,wrong_answer_conditioned,10,1.0,1.0,1.0,1.0,1.0
422,2,426,shuffled_wrong_answer_control,10,1.0,1.0,1.0,1.0,1.0
422,2,,oracle_corrective,11,1.0,1.0,1.0,1.0,1.0
422,3,,question_only,9,1.0,1.0,1.0,1.0,1.0
422,3,,wrong_answer_conditioned,10,1.0,1.0,1.0,1.0,1.0
422,3,561,shuffled_wrong_answer_control,10,1.0,1.0,1.0,1.0,1.0
422,3,,oracle_corrective,11,1.0,1.0,1.0,1.0,1.0
423,1,,question_only,8,1.0,1.0,1.0,1.0,1.0
423,1,,wrong_answer_conditioned,9,1.0,1.0,1.0,1.0,1.0
423,1,185,shuffled_wrong_answer_control,9,1.0,1.0,1.0,1.0,1.0
423,1,,oracle_corrective,10,1.0,1.0,1.0,1.0,1.0
423,2,,question_only,8,1.0,1.0,1.0,1.0,1.0
423,2,,wrong_answer_conditioned,9,1.0,1.0,1.0,1.0,1.0
423,2,140,shuffled_wrong_answer_control,10,1.0,1.0,1.0,1.0,1.0
423,2,,oracle_corrective,10,1.0,1.0,1.0,1.0,1.0
423,3,,question_only,8,1.0,1.0,1.0,1.0,1.0
423,3,,wrong_answer_conditioned,9,1.0,1.0,1.0,1.0,1.0
423,3,237,shuffled_wrong_answer_control,9,1.0,1.0,1.0,1.0,1.0
423,3,,oracle_corrective,10,1.0,1.0,1.0,1.0,1.0
424,1,,question_only,12,1.0,1.0,1.0,1.0,1.0
424,1,,wrong_answer_conditioned,13,1.0,1.0,1.0,1.0,1.0
424,1,533,shuffled_wrong_answer_control,13,1.0,1.0,1.0,1.0,1.0
424,1,,oracle_corrective,14,1.0,1.0,1.0,1.0,1.0
424,2,,question_only,12,1.0,1.0,1.0,1.0,1.0
424,2,,wrong_answer_conditioned,13,1.0,1.0,1.0,1.0,1.0
424,2,446,shuffled_wrong_answer_control,13,1.0,1.0,1.0,1.0,1.0
424,2,,oracle_corrective,14,1.0,1.0,1.0,1.0,1.0
424,3,,question_only,12,1.0,1.0,1.0,1.0,1.0
424,3,,wrong_answer_conditioned,13,1.0,1.0,1.0,1.0,1.0
424,3,787,shuffled_wrong_answer_control,13,1.0,1.0,1.0,1.0,1.0
424,3,,oracle_corrective,14,1.0,1.0,1.0,1.0,1.0
425,1,,question_only,17,1.0,1.0,1.0,1.0,1.0
425,1,,wrong_answer_conditioned,18,1.0,1.0,1.0,1.0,1.0
425,1,65,shuffled_wrong_answer_control,18,1.0,1.0,1.0,1.0,1.0
425,1,,oracle_corrective,19,1.0,1.0,1.0,1.0,1.0
425,2,,question_only,17,1.0,1.0,1.0,1.0,1.0
425,2,,wrong_answer_conditioned,18,1.0,1.0,1.0,1.0,1.0
425,2,758,shuffled_wrong_answer_control,19,1.0,1.0,1.0,1.0,1.0
425,2,,oracle_corrective,19,1.0,1.0,1.0,1.0,1.0
425,3,,question_only,17,1.0,1.0,1.0,1.0,1.0
425,3,,wrong_answer_conditioned,18,1.0,1.0,1.0,1.0,1.0
425,3,72,shuffled_wrong_answer_control,18,1.0,1.0,1.0,1.0,1.0
425,3,,oracle_corrective,19,1.0,1.0,1.0,1.0,1.0
426,1,,question_only,19,1.0,1.0,1.0,1.0,1.0
426,1,,wrong_answer_conditioned,20,1.0,1.0,1.0,1.0,1.0
426,1,274,shuffled_wrong_answer_control,20,1.0,1.0,1.0,1.0,1.0
426,1,,oracle_corrective,21,1.0,1.0,1.0,1.0,1.0
426,2,,question_only,19,1.0,1.0,1.0,1.0,1.0
426,2,,wrong_answer_conditioned,20,1.0,1.0,1.0,1.0,1.0
426,2,237,shuffled_wrong_answer_control,20,1.0,1.0,1.0,1.0,1.0
426,2,,oracle_corrective,21,1.0,1.0,1.0,1.0,1.0
426,3,,question_only,19,1.0,1.0,1.0,1.0,1.0
426,3,,wrong_answer_conditioned,20,1.0,1.0,1.0,1.0,1.0
426,3,552,shuffled_wrong_answer_control,21,1.0,1.0,1.0,1.0,1.0
426,3,,oracle_corrective,21,1.0,1.0,1.0,1.0,1.0
427,1,,question_only,24,1.0,1.0,1.0,1.0,1.0
427,1,,wrong_answer_conditioned,26,1.0,1.0,1.0,1.0,1.0
427,1,54,shuffled_wrong_answer_control,25,1.0,1.0,1.0,1.0,1.0
427,1,,oracle_corrective,28,1.0,1.0,1.0,1.0,1.0
427,2,,question_only,24,1.0,1.0,1.0,1.0,1.0
427,2,,wrong_answer_conditioned,26,1.0,1.0,1.0,1.0,1.0
427,2,830,shuffled_wrong_answer_control,26,1.0,1.0,1.0,1.0,1.0
427,2,,oracle_corrective,28,1.0,1.0,1.0,1.0,1.0
427,3,,question_only,24,1.0,1.0,1.0,1.0,1.0
427,3,,wrong_answer_conditioned,26,1.0,1.0,1.0,1.0,1.0
427,3,158,shuffled_wrong_answer_control,25,1.0,1.0,1.0,1.0,1.0
427,3,,oracle_corrective,28,1.0,1.0,1.0,1.0,1.0
428,1,,question_only,22,1.0,1.0,1.0,1.0,1.0
428,1,,wrong_answer_conditioned,23,1.0,1.0,1.0,1.0,1.0
428,1,868,shuffled_wrong_answer_control,23,1.0,1.0,1.0,1.0,1.0
428,1,,oracle_corrective,24,1.0,1.0,1.0,1.0,1.0
428,2,,question_only,22,1.0,1.0,1.0,1.0,1.0
428,2,,wrong_answer_conditioned,24,1.0,1.0,1.0,1.0,1.0
428,2,847,shuffled_wrong_answer_control,23,1.0,1.0,1.0,1.0,1.0
428,2,,oracle_corrective,25,1.0,1.0,1.0,1.0,1.0
428,3,,question_only,22,1.0,1.0,1.0,1.0,1.0
428,3,,wrong_answer_conditioned,23,1.0,1.0,1.0,1.0,1.0
428,3,667,shuffled_wrong_answer_control,24,1.0,1.0,1.0,1.0,1.0
428,3,,oracle_corrective,24,1.0,1.0,1.0,1.0,1.0
429,1,,question_only,13,1.0,1.0,1.0,1.0,1.0
429,1,,wrong_answer_conditioned,14,1.0,1.0,1.0,1.0,1.0
429,1,218,shuffled_wrong_answer_control,15,1.0,1.0,1.0,1.0,1.0
429,1,,oracle_corrective,15,1.0,1.0,1.0,1.0,1.0
429,2,,question_only,13,1.0,1.0,1.0,1.0,1.0
429,2,,wrong_answer_conditioned,14,1.0,1.0,1.0,1.0,1.0
429,2,774,shuffled_wrong_answer_control,15,1.0,1.0,1.0,1.0,1.0
429,2,,oracle_corrective,15,1.0,1.0,1.0,1.0,1.0
429,3,,question_only,13,1.0,1.0,1.0,1.0,1.0
429,3,,wrong_answer_conditioned,14,1.0,1.0,1.0,1.0,1.0
429,3,593,shuffled_wrong_answer_control,14,1.0,1.0,1.0,1.0,1.0
429,3,,oracle_corrective,15,1.0,1.0,1.0,1.0,1.0
430,1,,question_only,11,1.0,1.0,1.0,1.0,1.0
430,1,,wrong_answer_conditioned,12,1.0,1.0,1.0,1.0,1.0
430,1,70,shuffled_wrong_answer_control,12,1.0,1.0,1.0,1.0,1.0
430,1,,oracle_corrective,14,1.0,1.0,1.0,1.0,1.0
430,2,,question_only,11,1.0,1.0,1.0,1.0,1.0
430,2,,wrong_answer_conditioned,12,1.0,1.0,1.0,1.0,1.0
430,2,58,shuffled_wrong_answer_control,12,1.0,1.0,1.0,1.0,1.0
430,2,,oracle_corrective,14,1.0,1.0,1.0,1.0,1.0
430,3,,question_only,11,1.0,1.0,1.0,1.0,1.0
430,3,,wrong_answer_conditioned,12,1.0,1.0,1.0,1.0,1.0
430,3,473,shuffled_wrong_answer_control,13,1.0,1.0,1.0,1.0,1.0
430,3,,oracle_corrective,14,1.0,1.0,1.0,1.0,1.0
431,1,,question_only,6,1.0,1.0,1.0,1.0,1.0
431,1,,wrong_answer_conditioned,9,1.0,1.0,1.0,1.0,1.0
431,1,247,shuffled_wrong_answer_control,7,1.0,1.0,1.0,1.0,1.0
431,1,,oracle_corrective,12,1.0,1.0,1.0,1.0,1.0
431,2,,question_only,6,1.0,1.0,1.0,1.0,1.0
431,2,,wrong_answer_conditioned,10,1.0,1.0,1.0,1.0,1.0
431,2,82,shuffled_wrong_answer_control,9,1.0,1.0,1.0,1.0,1.0
431,2,,oracle_corrective,13,1.0,1.0,1.0,1.0,1.0
431,3,,question_only,6,1.0,1.0,1.0,1.0,1.0
431,3,,wrong_answer_conditioned,9,1.0,1.0,1.0,1.0,1.0
431,3,705,shuffled_wrong_answer_control,7,1.0,1.0,1.0,1.0,1.0
431,3,,oracle_corrective,12,1.0,1.0,1.0,1.0,1.0
432,1,,question_only,12,1.0,1.0,1.0,1.0,1.0
432,1,,wrong_answer_conditioned,14,1.0,1.0,1.0,1.0,1.0
432,1,140,shuffled_wrong_answer_control,13,1.0,1.0,1.0,1.0,1.0
432,1,,oracle_corrective,16,1.0,1.0,1.0,1.0,1.0
432,2,,question_only,12,1.0,1.0,1.0,1.0,1.0
432,2,,wrong_answer_conditioned,13,1.0,1.0,1.0,1.0,1.0
432,2,835,shuffled_wrong_answer_control,13,1.0,1.0,1.0,1.0,1.0
432,2,,oracle_corrective,15,1.0,1.0,1.0,1.0,1.0
432,3,,question_only,12,1.0,1.0,1.0,1.0,1.0
432,3,,wrong_answer_conditioned,14,1.0,1.0,1.0,1.0,1.0
432,3,150,shuffled_wrong_answer_control,13,1.0,1.0,1.0,1.0,1.0
432,3,,oracle_corrective,16,1.0,1.0,1.0,1.0,1.0
433,1,,question_only,6,1.0,1.0,1.0,1.0,1.0
433,1,,wrong_answer_conditioned,9,1.0,1.0,1.0,1.0,1.0
433,1,482,shuffled_wrong_answer_control,7,1.0,1.0,1.0,1.0,1.0
433,1,,oracle_corrective,10,1.0,1.0,1.0,1.0,1.0
433,2,,question_only,6,1.0,1.0,1.0,1.0,1.0
433,2,,wrong_answer_conditioned,7,1.0,1.0,1.0,1.0,1.0
433,2,134,shuffled_wrong_answer_control,7,1.0,1.0,1.0,1.0,1.0
433,2,,oracle_corrective,8,1.0,1.0,1.0,1.0,1.0
433,3,,question_only,6,1.0,1.0,1.0,1.0,1.0
433,3,,wrong_answer_conditioned,7,1.0,1.0,1.0,1.0,1.0
433,3,595,shuffled_wrong_answer_control,7,1.0,1.0,1.0,1.0,1.0
433,3,,oracle_corrective,8,1.0,1.0,1.0,1.0,1.0
434,1,,question_only,5,1.0,1.0,1.0,1.0,1.0
434,1,,wrong_answer_conditioned,6,1.0,1.0,1.0,1.0,1.0
434,1,713,shuffled_wrong_answer_control,7,1.0,1.0,1.0,1.0,1.0
434,1,,oracle_corrective,7,1.0,1.0,1.0,1.0,1.0
434,2,,question_only,5,1.0,1.0,1.0,1.0,1.0
434,2,,wrong_answer_conditioned,6,1.0,1.0,1.0,1.0,1.0
434,2,81,shuffled_wrong_answer_control,6,1.0,1.0,1.0,1.0,1.0
434,2,,oracle_corrective,7,1.0,1.0,1.0,1.0,1.0
434,3,,question_only,5,1.0,1.0,1.0,1.0,1.0
434,3,,wrong_answer_conditioned,6,0.5,0.0,1.0,1.0,0.6309297535714575
434,3,257,shuffled_wrong_answer_control,7,1.0,1.0,1.0,1.0,1.0
434,3,,oracle_corrective,7,1.0,1.0,1.0,1.0,1.0
435,1,,question_only,11,1.0,1.0,1.0,1.0,1.0
435,1,,wrong_answer_conditioned,13,1.0,1.0,1.0,1.0,1.0
435,1,402,shuffled_wrong_answer_control,13,1.0,1.0,1.0,1.0,1.0
435,1,,oracle_corrective,15,1.0,1.0,1.0,1.0,1.0
435,2,,question_only,11,1.0,1.0,1.0,1.0,1.0
435,2,,wrong_answer_conditioned,13,1.0,1.0,1.0,1.0,1.0
435,2,124,shuffled_wrong_answer_control,12,1.0,1.0,1.0,1.0,1.0
435,2,,oracle_corrective,15,1.0,1.0,1.0,1.0,1.0
435,3,,question_only,11,1.0,1.0,1.0,1.0,1.0
435,3,,wrong_answer_conditioned,13,1.0,1.0,1.0,1.0,1.0
435,3,805,shuffled_wrong_answer_control,12,1.0,1.0,1.0,1.0,1.0
435,3,,oracle_corrective,15,1.0,1.0,1.0,1.0,1.0
436,1,,question_only,22,1.0,1.0,1.0,1.0,1.0
436,1,,wrong_answer_conditioned,23,1.0,1.0,1.0,1.0,1.0
436,1,789,shuffled_wrong_answer_control,23,1.0,1.0,1.0,1.0,1.0
436,1,,oracle_corrective,24,1.0,1.0,1.0,1.0,1.0
436,2,,question_only,22,1.0,1.0,1.0,1.0,1.0
436,2,,wrong_answer_conditioned,23,1.0,1.0,1.0,1.0,1.0
436,2,399,shuffled_wrong_answer_control,23,1.0,1.0,1.0,1.0,1.0
436,2,,oracle_corrective,24,1.0,1.0,1.0,1.0,1.0
436,3,,question_only,22,1.0,1.0,1.0,1.0,1.0
436,3,,wrong_answer_conditioned,23,1.0,1.0,1.0,1.0,1.0
436,3,781,shuffled_wrong_answer_control,24,1.0,1.0,1.0,1.0,1.0
436,3,,oracle_corrective,24,1.0,1.0,1.0,1.0,1.0
437,1,,question_only,13,1.0,1.0,1.0,1.0,1.0
437,1,,wrong_answer_conditioned,16,1.0,1.0,1.0,1.0,1.0
437,1,364,shuffled_wrong_answer_control,14,1.0,1.0,1.0,1.0,1.0
437,1,,oracle_corrective,18,1.0,1.0,1.0,1.0,1.0
437,2,,question_only,13,1.0,1.0,1.0,1.0,1.0
437,2,,wrong_answer_conditioned,15,1.0,1.0,1.0,1.0,1.0
437,2,277,shuffled_wrong_answer_control,15,1.0,1.0,1.0,1.0,1.0
437,2,,oracle_corrective,17,1.0,1.0,1.0,1.0,1.0
437,3,,question_only,13,1.0,1.0,1.0,1.0,1.0
437,3,,wrong_answer_conditioned,15,1.0,1.0,1.0,1.0,1.0
437,3,341,shuffled_wrong_answer_control,14,1.0,1.0,1.0,1.0,1.0
437,3,,oracle_corrective,17,1.0,1.0,1.0,1.0,1.0
438,1,,question_only,18,1.0,1.0,1.0,1.0,1.0
438,1,,wrong_answer_conditioned,20,1.0,1.0,1.0,1.0,1.0
438,1,171,shuffled_wrong_answer_control,19,1.0,1.0,1.0,1.0,1.0
438,1,,oracle_corrective,22,1.0,1.0,1.0,1.0,1.0
438,2,,question_only,18,1.0,1.0,1.0,1.0,1.0
438,2,,wrong_answer_conditioned,20,1.0,1.0,1.0,1.0,1.0
438,2,31,shuffled_wrong_answer_control,20,1.0,1.0,1.0,1.0,1.0
438,2,,oracle_corrective,22,1.0,1.0,1.0,1.0,1.0
438,3,,question_only,18,1.0,1.0,1.0,1.0,1.0
438,3,,wrong_answer_conditioned,20,1.0,1.0,1.0,1.0,1.0
438,3,185,shuffled_wrong_answer_control,19,1.0,1.0,1.0,1.0,1.0
438,3,,oracle_corrective,22,1.0,1.0,1.0,1.0,1.0
439,1,,question_only,10,1.0,1.0,1.0,1.0,1.0
439,1,,wrong_answer_conditioned,12,1.0,1.0,1.0,1.0,1.0
439,1,829,shuffled_wrong_answer_control,12,1.0,1.0,1.0,1.0,1.0
439,1,,oracle_corrective,14,1.0,1.0,1.0,1.0,1.0
439,2,,question_only,10,1.0,1.0,1.0,1.0,1.0
439,2,,wrong_answer_conditioned,12,1.0,1.0,1.0,1.0,1.0
439,2,611,shuffled_wrong_answer_control,12,1.0,1.0,1.0,1.0,1.0
439,2,,oracle_corrective,14,1.0,1.0,1.0,1.0,1.0
439,3,,question_only,10,1.0,1.0,1.0,1.0,1.0
439,3,,wrong_answer_conditioned,12,1.0,1.0,1.0,1.0,1.0
439,3,35,shuffled_wrong_answer_control,11,1.0,1.0,1.0,1.0,1.0
439,3,,oracle_corrective,14,1.0,1.0,1.0,1.0,1.0
440,1,,question_only,17,1.0,1.0,1.0,1.0,1.0
440,1,,wrong_answer_conditioned,18,1.0,1.0,1.0,1.0,1.0
440,1,445,shuffled_wrong_answer_control,18,1.0,1.0,1.0,1.0,1.0
440,1,,oracle_corrective,19,1.0,1.0,1.0,1.0,1.0
440,2,,question_only,17,1.0,1.0,1.0,1.0,1.0
440,2,,wrong_answer_conditioned,18,1.0,1.0,1.0,1.0,1.0
440,2,502,shuffled_wrong_answer_control,19,1.0,1.0,1.0,1.0,1.0
440,2,,oracle_corrective,19,1.0,1.0,1.0,1.0,1.0
440,3,,question_only,17,1.0,1.0,1.0,1.0,1.0
440,3,,wrong_answer_conditioned,18,1.0,1.0,1.0,1.0,1.0
440,3,570,shuffled_wrong_answer_control,21,1.0,1.0,1.0,1.0,1.0
440,3,,oracle_corrective,19,1.0,1.0,1.0,1.0,1.0
441,1,,question_only,11,1.0,1.0,1.0,1.0,1.0
441,1,,wrong_answer_conditioned,13,1.0,1.0,1.0,1.0,1.0
441,1,225,shuffled_wrong_answer_control,13,1.0,1.0,1.0,1.0,1.0
441,1,,oracle_corrective,15,1.0,1.0,1.0,1.0,1.0
441,2,,question_only,11,1.0,1.0,1.0,1.0,1.0
441,2,,wrong_answer_conditioned,13,1.0,1.0,1.0,1.0,1.0
441,2,412,shuffled_wrong_answer_control,12,1.0,1.0,1.0,1.0,1.0
441,2,,oracle_corrective,15,1.0,1.0,1.0,1.0,1.0
441,3,,question_only,11,1.0,1.0,1.0,1.0,1.0
441,3,,wrong_answer_conditioned,13,1.0,1.0,1.0,1.0,1.0
441,3,1,shuffled_wrong_answer_control,12,1.0,1.0,1.0,1.0,1.0
441,3,,oracle_corrective,15,1.0,1.0,1.0,1.0,1.0
442,1,,question_only,9,1.0,1.0,1.0,1.0,1.0
442,1,,wrong_answer_conditioned,10,1.0,1.0,1.0,1.0,1.0
442,1,867,shuffled_wrong_answer_control,11,1.0,1.0,1.0,1.0,1.0
442,1,,oracle_corrective,11,1.0,1.0,1.0,1.0,1.0
442,2,,question_only,9,1.0,1.0,1.0,1.0,1.0
442,2,,wrong_answer_conditioned,10,1.0,1.0,1.0,1.0,1.0
442,2,580,shuffled_wrong_answer_control,10,1.0,1.0,1.0,1.0,1.0
442,2,,oracle_corrective,11,1.0,1.0,1.0,1.0,1.0
442,3,,question_only,9,1.0,1.0,1.0,1.0,1.0
442,3,,wrong_answer_conditioned,10,1.0,1.0,1.0,1.0,1.0
442,3,320,shuffled_wrong_answer_control,11,1.0,1.0,1.0,1.0,1.0
442,3,,oracle_corrective,11,1.0,1.0,1.0,1.0,1.0
443,1,,question_only,18,1.0,1.0,1.0,1.0,1.0
443,1,,wrong_answer_conditioned,21,1.0,1.0,1.0,1.0,1.0
443,1,701,shuffled_wrong_answer_control,19,1.0,1.0,1.0,1.0,1.0
443,1,,oracle_corrective,24,1.0,1.0,1.0,1.0,1.0
443,2,,question_only,18,1.0,1.0,1.0,1.0,1.0
443,2,,wrong_answer_conditioned,21,1.0,1.0,1.0,1.0,1.0
443,2,820,shuffled_wrong_answer_control,19,1.0,1.0,1.0,1.0,1.0
443,2,,oracle_corrective,24,1.0,1.0,1.0,1.0,1.0
443,3,,question_only,18,1.0,1.0,1.0,1.0,1.0
443,3,,wrong_answer_conditioned,21,1.0,1.0,1.0,1.0,1.0
443,3,696,shuffled_wrong_answer_control,19,1.0,1.0,1.0,1.0,1.0
443,3,,oracle_corrective,24,1.0,1.0,1.0,1.0,1.0
444,1,,question_only,12,1.0,1.0,1.0,1.0,1.0
444,1,,wrong_answer_conditioned,13,1.0,1.0,1.0,1.0,1.0
444,1,714,shuffled_wrong_answer_control,13,1.0,1.0,1.0,1.0,1.0
444,1,,oracle_corrective,14,1.0,1.0,1.0,1.0,1.0
444,2,,question_only,12,1.0,1.0,1.0,1.0,1.0
444,2,,wrong_answer_conditioned,13,1.0,1.0,1.0,1.0,1.0
444,2,449,shuffled_wrong_answer_control,14,1.0,1.0,1.0,1.0,1.0
444,2,,oracle_corrective,14,1.0,1.0,1.0,1.0,1.0
444,3,,question_only,12,1.0,1.0,1.0,1.0,1.0
444,3,,wrong_answer_conditioned,13,1.0,1.0,1.0,1.0,1.0
444,3,382,shuffled_wrong_answer_control,13,1.0,1.0,1.0,1.0,1.0
444,3,,oracle_corrective,14,1.0,1.0,1.0,1.0,1.0
445,1,,question_only,11,1.0,1.0,1.0,1.0,1.0
445,1,,wrong_answer_conditioned,12,1.0,1.0,1.0,1.0,1.0
445,1,407,shuffled_wrong_answer_control,12,1.0,1.0,1.0,1.0,1.0
445,1,,oracle_corrective,13,1.0,1.0,1.0,1.0,1.0
445,2,,question_only,11,1.0,1.0,1.0,1.0,1.0
445,2,,wrong_answer_conditioned,12,1.0,1.0,1.0,1.0,1.0
445,2,706,shuffled_wrong_answer_control,12,1.0,1.0,1.0,1.0,1.0
445,2,,oracle_corrective,13,1.0,1.0,1.0,1.0,1.0
445,3,,question_only,11,1.0,1.0,1.0,1.0,1.0
445,3,,wrong_answer_conditioned,12,1.0,1.0,1.0,1.0,1.0
445,3,399,shuffled_wrong_answer_control,12,1.0,1.0,1.0,1.0,1.0
445,3,,oracle_corrective,13,1.0,1.0,1.0,1.0,1.0
446,1,,question_only,15,1.0,1.0,1.0,1.0,1.0
446,1,,wrong_answer_conditioned,16,1.0,1.0,1.0,1.0,1.0
446,1,782,shuffled_wrong_answer_control,17,1.0,1.0,1.0,1.0,1.0
446,1,,oracle_corrective,17,1.0,1.0,1.0,1.0,1.0
446,2,,question_only,15,1.0,1.0,1.0,1.0,1.0
446,2,,wrong_answer_conditioned,16,1.0,1.0,1.0,1.0,1.0
446,2,833,shuffled_wrong_answer_control,16,1.0,1.0,1.0,1.0,1.0
446,2,,oracle_corrective,17,1.0,1.0,1.0,1.0,1.0
446,3,,question_only,15,1.0,1.0,1.0,1.0,1.0
446,3,,wrong_answer_conditioned,16,1.0,1.0,1.0,1.0,1.0
446,3,28,shuffled_wrong_answer_control,16,1.0,1.0,1.0,1.0,1.0
446,3,,oracle_corrective,17,1.0,1.0,1.0,1.0,1.0
447,1,,question_only,11,1.0,1.0,1.0,1.0,1.0
447,1,,wrong_answer_conditioned,12,1.0,1.0,1.0,1.0,1.0
447,1,557,shuffled_wrong_answer_control,13,0.5,0.0,1.0,1.0,0.6309297535714575
447,1,,oracle_corrective,13,1.0,1.0,1.0,1.0,1.0
447,2,,question_only,11,1.0,1.0,1.0,1.0,1.0
447,2,,wrong_answer_conditioned,12,1.0,1.0,1.0,1.0,1.0
447,2,105,shuffled_wrong_answer_control,13,1.0,1.0,1.0,1.0,1.0
447,2,,oracle_corrective,13,1.0,1.0,1.0,1.0,1.0
447,3,,question_only,11,1.0,1.0,1.0,1.0,1.0
447,3,,wrong_answer_conditioned,12,1.0,1.0,1.0,1.0,1.0
447,3,633,shuffled_wrong_answer_control,12,1.0,1.0,1.0,1.0,1.0
447,3,,oracle_corrective,13,1.0,1.0,1.0,1.0,1.0
448,1,,question_only,20,1.0,1.0,1.0,1.0,1.0
448,1,,wrong_answer_conditioned,21,1.0,1.0,1.0,1.0,1.0
448,1,77,shuffled_wrong_answer_control,21,1.0,1.0,1.0,1.0,1.0
448,1,,oracle_corrective,22,1.0,1.0,1.0,1.0,1.0
448,2,,question_only,20,1.0,1.0,1.0,1.0,1.0
448,2,,wrong_answer_conditioned,21,1.0,1.0,1.0,1.0,1.0
448,2,552,shuffled_wrong_answer_control,22,1.0,1.0,1.0,1.0,1.0
448,2,,oracle_corrective,22,1.0,1.0,1.0,1.0,1.0
448,3,,question_only,20,1.0,1.0,1.0,1.0,1.0
448,3,,wrong_answer_conditioned,21,1.0,1.0,1.0,1.0,1.0
448,3,791,shuffled_wrong_answer_control,21,1.0,1.0,1.0,1.0,1.0
448,3,,oracle_corrective,22,1.0,1.0,1.0,1.0,1.0
449,1,,question_only,13,1.0,1.0,1.0,1.0,1.0
449,1,,wrong_answer_conditioned,15,1.0,1.0,1.0,1.0,1.0
449,1,521,shuffled_wrong_answer_control,14,1.0,1.0,1.0,1.0,1.0
449,1,,oracle_corrective,17,1.0,1.0,1.0,1.0,1.0
449,2,,question_only,13,1.0,1.0,1.0,1.0,1.0
449,2,,wrong_answer_conditioned,15,1.0,1.0,1.0,1.0,1.0
449,2,736,shuffled_wrong_answer_control,15,1.0,1.0,1.0,1.0,1.0
449,2,,oracle_corrective,17,1.0,1.0,1.0,1.0,1.0
449,3,,question_only,13,1.0,1.0,1.0,1.0,1.0
449,3,,wrong_answer_conditioned,15,1.0,1.0,1.0,1.0,1.0
449,3,492,shuffled_wrong_answer_control,14,1.0,1.0,1.0,1.0,1.0
449,3,,oracle_corrective,17,1.0,1.0,1.0,1.0,1.0
450,1,,question_only,10,1.0,1.0,1.0,1.0,1.0
450,1,,wrong_answer_conditioned,12,1.0,1.0,1.0,1.0,1.0
450,1,479,shuffled_wrong_answer_control,11,1.0,1.0,1.0,1.0,1.0
450,1,,oracle_corrective,14,1.0,1.0,1.0,1.0,1.0
450,2,,question_only,10,1.0,1.0,1.0,1.0,1.0
450,2,,wrong_answer_conditioned,12,1.0,1.0,1.0,1.0,1.0
450,2,811,shuffled_wrong_answer_control,11,1.0,1.0,1.0,1.0,1.0
450,2,,oracle_corrective,14,1.0,1.0,1.0,1.0,1.0
450,3,,question_only,10,1.0,1.0,1.0,1.0,1.0
450,3,,wrong_answer_conditioned,12,1.0,1.0,1.0,1.0,1.0
450,3,551,shuffled_wrong_answer_control,11,1.0,1.0,1.0,1.0,1.0
450,3,,oracle_corrective,14,1.0,1.0,1.0,1.0,1.0
451,1,,question_only,8,1.0,1.0,1.0,1.0,1.0
451,1,,wrong_answer_conditioned,10,1.0,1.0,1.0,1.0,1.0
451,1,193,shuffled_wrong_answer_control,9,1.0,1.0,1.0,1.0,1.0
451,1,,oracle_corrective,12,1.0,1.0,1.0,1.0,1.0
451,2,,question_only,8,1.0,1.0,1.0,1.0,1.0
451,2,,wrong_answer_conditioned,10,1.0,1.0,1.0,1.0,1.0
451,2,50,shuffled_wrong_answer_control,10,1.0,1.0,1.0,1.0,1.0
451,2,,oracle_corrective,12,1.0,1.0,1.0,1.0,1.0
451,3,,question_only,8,1.0,1.0,1.0,1.0,1.0
451,3,,wrong_answer_conditioned,10,1.0,1.0,1.0,1.0,1.0
451,3,682,shuffled_wrong_answer_control,9,1.0,1.0,1.0,1.0,1.0
451,3,,oracle_corrective,12,1.0,1.0,1.0,1.0,1.0
452,1,,question_only,9,1.0,1.0,1.0,1.0,1.0
452,1,,wrong_answer_conditioned,10,1.0,1.0,1.0,1.0,1.0
452,1,316,shuffled_wrong_answer_control,10,1.0,1.0,1.0,1.0,1.0
452,1,,oracle_corrective,11,1.0,1.0,1.0,1.0,1.0
452,2,,question_only,9,1.0,1.0,1.0,1.0,1.0
452,2,,wrong_answer_conditioned,10,1.0,1.0,1.0,1.0,1.0
452,2,400,shuffled_wrong_answer_control,10,1.0,1.0,1.0,1.0,1.0
452,2,,oracle_corrective,11,1.0,1.0,1.0,1.0,1.0
452,3,,question_only,9,1.0,1.0,1.0,1.0,1.0
452,3,,wrong_answer_conditioned,10,1.0,1.0,1.0,1.0,1.0
452,3,268,shuffled_wrong_answer_control,11,1.0,1.0,1.0,1.0,1.0
452,3,,oracle_corrective,11,1.0,1.0,1.0,1.0,1.0
453,1,,question_only,14,1.0,1.0,1.0,1.0,1.0
453,1,,wrong_answer_conditioned,15,1.0,1.0,1.0,1.0,1.0
453,1,429,shuffled_wrong_answer_control,15,1.0,1.0,1.0,1.0,1.0
453,1,,oracle_corrective,16,1.0,1.0,1.0,1.0,1.0
453,2,,question_only,14,1.0,1.0,1.0,1.0,1.0
453,2,,wrong_answer_conditioned,15,1.0,1.0,1.0,1.0,1.0
453,2,564,shuffled_wrong_answer_control,16,1.0,1.0,1.0,1.0,1.0
453,2,,oracle_corrective,16,1.0,1.0,1.0,1.0,1.0
453,3,,question_only,14,1.0,1.0,1.0,1.0,1.0
453,3,,wrong_answer_conditioned,15,1.0,1.0,1.0,1.0,1.0
453,3,693,shuffled_wrong_answer_control,15,1.0,1.0,1.0,1.0,1.0
453,3,,oracle_corrective,16,1.0,1.0,1.0,1.0,1.0
454,1,,question_only,7,1.0,1.0,1.0,1.0,1.0
454,1,,wrong_answer_conditioned,8,1.0,1.0,1.0,1.0,1.0
454,1,771,shuffled_wrong_answer_control,8,1.0,1.0,1.0,1.0,1.0
454,1,,oracle_corrective,9,1.0,1.0,1.0,1.0,1.0
454,2,,question_only,7,1.0,1.0,1.0,1.0,1.0
454,2,,wrong_answer_conditioned,8,1.0,1.0,1.0,1.0,1.0
454,2,666,shuffled_wrong_answer_control,8,1.0,1.0,1.0,1.0,1.0
454,2,,oracle_corrective,9,1.0,1.0,1.0,1.0,1.0
454,3,,question_only,7,1.0,1.0,1.0,1.0,1.0
454,3,,wrong_answer_conditioned,8,1.0,1.0,1.0,1.0,1.0
454,3,628,shuffled_wrong_answer_control,8,1.0,1.0,1.0,1.0,1.0
454,3,,oracle_corrective,9,1.0,1.0,1.0,1.0,1.0
455,1,,question_only,10,1.0,1.0,1.0,1.0,1.0
455,1,,wrong_answer_conditioned,11,1.0,1.0,1.0,1.0,1.0
455,1,726,shuffled_wrong_answer_control,11,1.0,1.0,1.0,1.0,1.0
455,1,,oracle_corrective,12,1.0,1.0,1.0,1.0,1.0
455,2,,question_only,10,1.0,1.0,1.0,1.0,1.0
455,2,,wrong_answer_conditioned,11,1.0,1.0,1.0,1.0,1.0
455,2,413,shuffled_wrong_answer_control,11,1.0,1.0,1.0,1.0,1.0
455,2,,oracle_corrective,12,1.0,1.0,1.0,1.0,1.0
455,3,,question_only,10,1.0,1.0,1.0,1.0,1.0
455,3,,wrong_answer_conditioned,11,1.0,1.0,1.0,1.0,1.0
455,3,701,shuffled_wrong_answer_control,11,1.0,1.0,1.0,1.0,1.0
455,3,,oracle_corrective,12,1.0,1.0,1.0,1.0,1.0
456,1,,question_only,9,1.0,1.0,1.0,1.0,1.0
456,1,,wrong_answer_conditioned,10,1.0,1.0,1.0,1.0,1.0
456,1,699,shuffled_wrong_answer_control,10,1.0,1.0,1.0,1.0,1.0
456,1,,oracle_corrective,11,1.0,1.0,1.0,1.0,1.0
456,2,,question_only,9,1.0,1.0,1.0,1.0,1.0
456,2,,wrong_answer_conditioned,10,1.0,1.0,1.0,1.0,1.0
456,2,687,shuffled_wrong_answer_control,11,1.0,1.0,1.0,1.0,1.0
456,2,,oracle_corrective,11,1.0,1.0,1.0,1.0,1.0
456,3,,question_only,9,1.0,1.0,1.0,1.0,1.0
456,3,,wrong_answer_conditioned,10,1.0,1.0,1.0,1.0,1.0
456,3,440,shuffled_wrong_answer_control,10,1.0,1.0,1.0,1.0,1.0
456,3,,oracle_corrective,11,1.0,1.0,1.0,1.0,1.0
457,1,,question_only,13,1.0,1.0,1.0,1.0,1.0
457,1,,wrong_answer_conditioned,14,1.0,1.0,1.0,1.0,1.0
457,1,853,shuffled_wrong_answer_control,14,1.0,1.0,1.0,1.0,1.0
457,1,,oracle_corrective,15,1.0,1.0,1.0,1.0,1.0
457,2,,question_only,13,1.0,1.0,1.0,1.0,1.0
457,2,,wrong_answer_conditioned,14,1.0,1.0,1.0,1.0,1.0
457,2,751,shuffled_wrong_answer_control,14,1.0,1.0,1.0,1.0,1.0
457,2,,oracle_corrective,15,1.0,1.0,1.0,1.0,1.0
457,3,,question_only,13,1.0,1.0,1.0,1.0,1.0
457,3,,wrong_answer_conditioned,14,1.0,1.0,1.0,1.0,1.0
457,3,357,shuffled_wrong_answer_control,15,1.0,1.0,1.0,1.0,1.0
457,3,,oracle_corrective,15,1.0,1.0,1.0,1.0,1.0
458,1,,question_only,28,1.0,1.0,1.0,1.0,1.0
458,1,,wrong_answer_conditioned,29,1.0,1.0,1.0,1.0,1.0
458,1,231,shuffled_wrong_answer_control,29,1.0,1.0,1.0,1.0,1.0
458,1,,oracle_corrective,30,1.0,1.0,1.0,1.0,1.0
458,2,,question_only,28,1.0,1.0,1.0,1.0,1.0
458,2,,wrong_answer_conditioned,29,1.0,1.0,1.0,1.0,1.0
458,2,535,shuffled_wrong_answer_control,29,1.0,1.0,1.0,1.0,1.0
458,2,,oracle_corrective,30,1.0,1.0,1.0,1.0,1.0
458,3,,question_only,28,1.0,1.0,1.0,1.0,1.0
458,3,,wrong_answer_conditioned,29,1.0,1.0,1.0,1.0,1.0
458,3,396,shuffled_wrong_answer_control,29,1.0,1.0,1.0,1.0,1.0
458,3,,oracle_corrective,30,1.0,1.0,1.0,1.0,1.0
459,1,,question_only,10,1.0,1.0,1.0,1.0,1.0
459,1,,wrong_answer_conditioned,11,1.0,1.0,1.0,1.0,1.0
459,1,157,shuffled_wrong_answer_control,12,1.0,1.0,1.0,1.0,1.0
459,1,,oracle_corrective,12,1.0,1.0,1.0,1.0,1.0
459,2,,question_only,10,1.0,1.0,1.0,1.0,1.0
459,2,,wrong_answer_conditioned,11,1.0,1.0,1.0,1.0,1.0
459,2,676,shuffled_wrong_answer_control,12,1.0,1.0,1.0,1.0,1.0
459,2,,oracle_corrective,12,1.0,1.0,1.0,1.0,1.0
459,3,,question_only,10,1.0,1.0,1.0,1.0,1.0
459,3,,wrong_answer_conditioned,11,1.0,1.0,1.0,1.0,1.0
459,3,26,shuffled_wrong_answer_control,11,1.0,1.0,1.0,1.0,1.0
459,3,,oracle_corrective,12,1.0,1.0,1.0,1.0,1.0
460,1,,question_only,9,0.0,0.0,0.0,0.0,0.0
460,1,,wrong_answer_conditioned,10,0.0,0.0,0.0,0.0,0.0
460,1,798,shuffled_wrong_answer_control,10,0.0,0.0,0.0,0.0,0.0
460,1,,oracle_corrective,11,0.5,0.0,1.0,1.0,0.6309297535714575
460,2,,question_only,9,0.0,0.0,0.0,0.0,0.0
460,2,,wrong_answer_conditioned,10,0.0,0.0,0.0,0.0,0.0
460,2,226,shuffled_wrong_answer_control,11,0.0,0.0,0.0,0.0,0.0
460,2,,oracle_corrective,11,0.0,0.0,0.0,0.0,0.0
460,3,,question_only,9,0.0,0.0,0.0,0.0,0.0
460,3,,wrong_answer_conditioned,10,0.0,0.0,0.0,0.0,0.0
460,3,568,shuffled_wrong_answer_control,12,0.0,0.0,0.0,0.0,0.0
460,3,,oracle_corrective,11,0.0,0.0,0.0,0.0,0.0
461,1,,question_only,17,1.0,1.0,1.0,1.0,1.0
461,1,,wrong_answer_conditioned,19,1.0,1.0,1.0,1.0,1.0
461,1,497,shuffled_wrong_answer_control,18,1.0,1.0,1.0,1.0,1.0
461,1,,oracle_corrective,21,1.0,1.0,1.0,1.0,1.0
461,2,,question_only,17,1.0,1.0,1.0,1.0,1.0
461,2,,wrong_answer_conditioned,19,1.0,1.0,1.0,1.0,1.0
461,2,487,shuffled_wrong_answer_control,19,1.0,1.0,1.0,1.0,1.0
461,2,,oracle_corrective,21,1.0,1.0,1.0,1.0,1.0
461,3,,question_only,17,1.0,1.0,1.0,1.0,1.0
461,3,,wrong_answer_conditioned,19,1.0,1.0,1.0,1.0,1.0
461,3,596,shuffled_wrong_answer_control,18,1.0,1.0,1.0,1.0,1.0
461,3,,oracle_corrective,21,1.0,1.0,1.0,1.0,1.0
462,1,,question_only,13,1.0,1.0,1.0,1.0,1.0
462,1,,wrong_answer_conditioned,14,1.0,1.0,1.0,1.0,1.0
462,1,688,shuffled_wrong_answer_control,14,1.0,1.0,1.0,1.0,1.0
462,1,,oracle_corrective,15,1.0,1.0,1.0,1.0,1.0
462,2,,question_only,13,1.0,1.0,1.0,1.0,1.0
462,2,,wrong_answer_conditioned,14,1.0,1.0,1.0,1.0,1.0
462,2,379,shuffled_wrong_answer_control,14,1.0,1.0,1.0,1.0,1.0
462,2,,oracle_corrective,15,1.0,1.0,1.0,1.0,1.0
462,3,,question_only,13,1.0,1.0,1.0,1.0,1.0
462,3,,wrong_answer_conditioned,14,1.0,1.0,1.0,1.0,1.0
462,3,11,shuffled_wrong_answer_control,14,1.0,1.0,1.0,1.0,1.0
462,3,,oracle_corrective,15,1.0,1.0,1.0,1.0,1.0
463,1,,question_only,8,1.0,1.0,1.0,1.0,1.0
463,1,,wrong_answer_conditioned,9,1.0,1.0,1.0,1.0,1.0
463,1,768,shuffled_wrong_answer_control,10,1.0,1.0,1.0,1.0,1.0
463,1,,oracle_corrective,10,1.0,1.0,1.0,1.0,1.0
463,2,,question_only,8,1.0,1.0,1.0,1.0,1.0
463,2,,wrong_answer_conditioned,9,1.0,1.0,1.0,1.0,1.0
463,2,271,shuffled_wrong_answer_control,9,1.0,1.0,1.0,1.0,1.0
463,2,,oracle_corrective,10,1.0,1.0,1.0,1.0,1.0
463,3,,question_only,8,1.0,1.0,1.0,1.0,1.0
463,3,,wrong_answer_conditioned,9,1.0,1.0,1.0,1.0,1.0
463,3,161,shuffled_wrong_answer_control,9,1.0,1.0,1.0,1.0,1.0
463,3,,oracle_corrective,10,1.0,1.0,1.0,1.0,1.0
464,1,,question_only,13,1.0,1.0,1.0,1.0,1.0
464,1,,wrong_answer_conditioned,14,1.0,1.0,1.0,1.0,1.0
464,1,676,shuffled_wrong_answer_control,14,1.0,1.0,1.0,1.0,1.0
464,1,,oracle_corrective,15,1.0,1.0,1.0,1.0,1.0
464,2,,question_only,13,1.0,1.0,1.0,1.0,1.0
464,2,,wrong_answer_conditioned,14,1.0,1.0,1.0,1.0,1.0
464,2,409,shuffled_wrong_answer_control,14,1.0,1.0,1.0,1.0,1.0
464,2,,oracle_corrective,15,1.0,1.0,1.0,1.0,1.0
464,3,,question_only,13,1.0,1.0,1.0,1.0,1.0
464,3,,wrong_answer_conditioned,14,1.0,1.0,1.0,1.0,1.0
464,3,462,shuffled_wrong_answer_control,14,1.0,1.0,1.0,1.0,1.0
464,3,,oracle_corrective,15,1.0,1.0,1.0,1.0,1.0
465,1,,question_only,9,1.0,1.0,1.0,1.0,1.0
465,1,,wrong_answer_conditioned,11,1.0,1.0,1.0,1.0,1.0
465,1,573,shuffled_wrong_answer_control,11,1.0,1.0,1.0,1.0,1.0
465,1,,oracle_corrective,13,0.5,0.0,1.0,1.0,0.6309297535714575
465,2,,question_only,9,1.0,1.0,1.0,1.0,1.0
465,2,,wrong_answer_conditioned,11,1.0,1.0,1.0,1.0,1.0
465,2,865,shuffled_wrong_answer_control,10,1.0,1.0,1.0,1.0,1.0
465,2,,oracle_corrective,13,0.5,0.0,1.0,1.0,0.6309297535714575
465,3,,question_only,9,1.0,1.0,1.0,1.0,1.0
465,3,,wrong_answer_conditioned,11,1.0,1.0,1.0,1.0,1.0
465,3,768,shuffled_wrong_answer_control,11,1.0,1.0,1.0,1.0,1.0
465,3,,oracle_corrective,13,0.5,0.0,1.0,1.0,0.6309297535714575
466,1,,question_only,16,1.0,1.0,1.0,1.0,1.0
466,1,,wrong_answer_conditioned,17,1.0,1.0,1.0,1.0,1.0
466,1,440,shuffled_wrong_answer_control,17,1.0,1.0,1.0,1.0,1.0
466,1,,oracle_corrective,18,1.0,1.0,1.0,1.0,1.0
466,2,,question_only,16,1.0,1.0,1.0,1.0,1.0
466,2,,wrong_answer_conditioned,17,1.0,1.0,1.0,1.0,1.0
466,2,815,shuffled_wrong_answer_control,17,1.0,1.0,1.0,1.0,1.0
466,2,,oracle_corrective,18,1.0,1.0,1.0,1.0,1.0
466,3,,question_only,16,1.0,1.0,1.0,1.0,1.0
466,3,,wrong_answer_conditioned,17,1.0,1.0,1.0,1.0,1.0
466,3,170,shuffled_wrong_answer_control,18,1.0,1.0,1.0,1.0,1.0
466,3,,oracle_corrective,18,1.0,1.0,1.0,1.0,1.0
467,1,,question_only,21,1.0,1.0,1.0,1.0,1.0
467,1,,wrong_answer_conditioned,22,1.0,1.0,1.0,1.0,1.0
467,1,485,shuffled_wrong_answer_control,22,1.0,1.0,1.0,1.0,1.0
467,1,,oracle_corrective,23,1.0,1.0,1.0,1.0,1.0
467,2,,question_only,21,1.0,1.0,1.0,1.0,1.0
467,2,,wrong_answer_conditioned,22,1.0,1.0,1.0,1.0,1.0
467,2,555,shuffled_wrong_answer_control,23,1.0,1.0,1.0,1.0,1.0
467,2,,oracle_corrective,23,1.0,1.0,1.0,1.0,1.0
467,3,,question_only,21,1.0,1.0,1.0,1.0,1.0
467,3,,wrong_answer_conditioned,22,1.0,1.0,1.0,1.0,1.0
467,3,539,shuffled_wrong_answer_control,22,1.0,1.0,1.0,1.0,1.0
467,3,,oracle_corrective,23,1.0,1.0,1.0,1.0,1.0
468,1,,question_only,17,1.0,1.0,1.0,1.0,1.0
468,1,,wrong_answer_conditioned,20,1.0,1.0,1.0,1.0,1.0
468,1,846,shuffled_wrong_answer_control,18,1.0,1.0,1.0,1.0,1.0
468,1,,oracle_corrective,23,1.0,1.0,1.0,1.0,1.0
468,2,,question_only,17,1.0,1.0,1.0,1.0,1.0
468,2,,wrong_answer_conditioned,20,1.0,1.0,1.0,1.0,1.0
468,2,799,shuffled_wrong_answer_control,19,1.0,1.0,1.0,1.0,1.0
468,2,,oracle_corrective,23,1.0,1.0,1.0,1.0,1.0
468,3,,question_only,17,1.0,1.0,1.0,1.0,1.0
468,3,,wrong_answer_conditioned,20,1.0,1.0,1.0,1.0,1.0
468,3,172,shuffled_wrong_answer_control,19,1.0,1.0,1.0,1.0,1.0
468,3,,oracle_corrective,23,1.0,1.0,1.0,1.0,1.0
469,1,,question_only,14,1.0,1.0,1.0,1.0,1.0
469,1,,wrong_answer_conditioned,15,1.0,1.0,1.0,1.0,1.0
469,1,686,shuffled_wrong_answer_control,17,1.0,1.0,1.0,1.0,1.0
469,1,,oracle_corrective,17,1.0,1.0,1.0,1.0,1.0
469,2,,question_only,14,1.0,1.0,1.0,1.0,1.0
469,2,,wrong_answer_conditioned,15,1.0,1.0,1.0,1.0,1.0
469,2,741,shuffled_wrong_answer_control,17,1.0,1.0,1.0,1.0,1.0
469,2,,oracle_corrective,17,1.0,1.0,1.0,1.0,1.0
469,3,,question_only,14,1.0,1.0,1.0,1.0,1.0
469,3,,wrong_answer_conditioned,15,1.0,1.0,1.0,1.0,1.0
469,3,86,shuffled_wrong_answer_control,17,1.0,1.0,1.0,1.0,1.0
469,3,,oracle_corrective,17,1.0,1.0,1.0,1.0,1.0
470,1,,question_only,18,1.0,1.0,1.0,1.0,1.0
470,1,,wrong_answer_conditioned,19,1.0,1.0,1.0,1.0,1.0
470,1,665,shuffled_wrong_answer_control,20,1.0,1.0,1.0,1.0,1.0
470,1,,oracle_corrective,20,1.0,1.0,1.0,1.0,1.0
470,2,,question_only,18,1.0,1.0,1.0,1.0,1.0
470,2,,wrong_answer_conditioned,19,1.0,1.0,1.0,1.0,1.0
470,2,744,shuffled_wrong_answer_control,20,1.0,1.0,1.0,1.0,1.0
470,2,,oracle_corrective,20,1.0,1.0,1.0,1.0,1.0
470,3,,question_only,18,1.0,1.0,1.0,1.0,1.0
470,3,,wrong_answer_conditioned,19,1.0,1.0,1.0,1.0,1.0
470,3,684,shuffled_wrong_answer_control,19,1.0,1.0,1.0,1.0,1.0
470,3,,oracle_corrective,20,1.0,1.0,1.0,1.0,1.0
471,1,,question_only,12,1.0,1.0,1.0,1.0,1.0
471,1,,wrong_answer_conditioned,13,1.0,1.0,1.0,1.0,1.0
471,1,640,shuffled_wrong_answer_control,13,1.0,1.0,1.0,1.0,1.0
471,1,,oracle_corrective,14,1.0,1.0,1.0,1.0,1.0
471,2,,question_only,12,1.0,1.0,1.0,1.0,1.0
471,2,,wrong_answer_conditioned,13,1.0,1.0,1.0,1.0,1.0
471,2,595,shuffled_wrong_answer_control,13,1.0,1.0,1.0,1.0,1.0
471,2,,oracle_corrective,14,1.0,1.0,1.0,1.0,1.0
471,3,,question_only,12,1.0,1.0,1.0,1.0,1.0
471,3,,wrong_answer_conditioned,13,1.0,1.0,1.0,1.0,1.0
471,3,790,shuffled_wrong_answer_control,13,1.0,1.0,1.0,1.0,1.0
471,3,,oracle_corrective,14,1.0,1.0,1.0,1.0,1.0
472,1,,question_only,22,1.0,1.0,1.0,1.0,1.0
472,1,,wrong_answer_conditioned,23,1.0,1.0,1.0,1.0,1.0
472,1,675,shuffled_wrong_answer_control,24,1.0,1.0,1.0,1.0,1.0
472,1,,oracle_corrective,24,1.0,1.0,1.0,1.0,1.0
472,2,,question_only,22,1.0,1.0,1.0,1.0,1.0
472,2,,wrong_answer_conditioned,23,1.0,1.0,1.0,1.0,1.0
472,2,3,shuffled_wrong_answer_control,23,1.0,1.0,1.0,1.0,1.0
472,2,,oracle_corrective,24,1.0,1.0,1.0,1.0,1.0
472,3,,question_only,22,1.0,1.0,1.0,1.0,1.0
472,3,,wrong_answer_conditioned,23,1.0,1.0,1.0,1.0,1.0
472,3,723,shuffled_wrong_answer_control,23,1.0,1.0,1.0,1.0,1.0
472,3,,oracle_corrective,24,1.0,1.0,1.0,1.0,1.0
473,1,,question_only,22,1.0,1.0,1.0,1.0,1.0
473,1,,wrong_answer_conditioned,24,1.0,1.0,1.0,1.0,1.0
473,1,679,shuffled_wrong_answer_control,23,1.0,1.0,1.0,1.0,1.0
473,1,,oracle_corrective,26,1.0,1.0,1.0,1.0,1.0
473,2,,question_only,22,1.0,1.0,1.0,1.0,1.0
473,2,,wrong_answer_conditioned,24,1.0,1.0,1.0,1.0,1.0
473,2,597,shuffled_wrong_answer_control,23,1.0,1.0,1.0,1.0,1.0
473,2,,oracle_corrective,26,1.0,1.0,1.0,1.0,1.0
473,3,,question_only,22,1.0,1.0,1.0,1.0,1.0
473,3,,wrong_answer_conditioned,24,1.0,1.0,1.0,1.0,1.0
473,3,428,shuffled_wrong_answer_control,23,1.0,1.0,1.0,1.0,1.0
473,3,,oracle_corrective,26,1.0,1.0,1.0,1.0,1.0
474,1,,question_only,17,1.0,1.0,1.0,1.0,1.0
474,1,,wrong_answer_conditioned,18,1.0,1.0,1.0,1.0,1.0
474,1,845,shuffled_wrong_answer_control,19,1.0,1.0,1.0,1.0,1.0
474,1,,oracle_corrective,19,1.0,1.0,1.0,1.0,1.0
474,2,,question_only,17,1.0,1.0,1.0,1.0,1.0
474,2,,wrong_answer_conditioned,18,1.0,1.0,1.0,1.0,1.0
474,2,115,shuffled_wrong_answer_control,18,1.0,1.0,1.0,1.0,1.0
474,2,,oracle_corrective,19,1.0,1.0,1.0,1.0,1.0
474,3,,question_only,17,1.0,1.0,1.0,1.0,1.0
474,3,,wrong_answer_conditioned,18,1.0,1.0,1.0,1.0,1.0
474,3,25,shuffled_wrong_answer_control,19,1.0,1.0,1.0,1.0,1.0
474,3,,oracle_corrective,19,1.0,1.0,1.0,1.0,1.0
475,1,,question_only,11,1.0,1.0,1.0,1.0,1.0
475,1,,wrong_answer_conditioned,13,1.0,1.0,1.0,1.0,1.0
475,1,363,shuffled_wrong_answer_control,14,1.0,1.0,1.0,1.0,1.0
475,1,,oracle_corrective,15,1.0,1.0,1.0,1.0,1.0
475,2,,question_only,11,1.0,1.0,1.0,1.0,1.0
475,2,,wrong_answer_conditioned,13,1.0,1.0,1.0,1.0,1.0
475,2,280,shuffled_wrong_answer_control,12,1.0,1.0,1.0,1.0,1.0
475,2,,oracle_corrective,15,1.0,1.0,1.0,1.0,1.0
475,3,,question_only,11,1.0,1.0,1.0,1.0,1.0
475,3,,wrong_answer_conditioned,13,1.0,1.0,1.0,1.0,1.0
475,3,413,shuffled_wrong_answer_control,12,1.0,1.0,1.0,1.0,1.0
475,3,,oracle_corrective,15,1.0,1.0,1.0,1.0,1.0
476,1,,question_only,13,1.0,1.0,1.0,1.0,1.0
476,1,,wrong_answer_conditioned,14,1.0,1.0,1.0,1.0,1.0
476,1,531,shuffled_wrong_answer_control,14,1.0,1.0,1.0,1.0,1.0
476,1,,oracle_corrective,15,1.0,1.0,1.0,1.0,1.0
476,2,,question_only,13,1.0,1.0,1.0,1.0,1.0
476,2,,wrong_answer_conditioned,14,1.0,1.0,1.0,1.0,1.0
476,2,556,shuffled_wrong_answer_control,14,1.0,1.0,1.0,1.0,1.0
476,2,,oracle_corrective,15,1.0,1.0,1.0,1.0,1.0
476,3,,question_only,13,1.0,1.0,1.0,1.0,1.0
476,3,,wrong_answer_conditioned,14,1.0,1.0,1.0,1.0,1.0
476,3,630,shuffled_wrong_answer_control,16,1.0,1.0,1.0,1.0,1.0
476,3,,oracle_corrective,15,1.0,1.0,1.0,1.0,1.0
477,1,,question_only,28,1.0,1.0,1.0,1.0,1.0
477,1,,wrong_answer_conditioned,29,1.0,1.0,1.0,1.0,1.0
477,1,131,shuffled_wrong_answer_control,30,1.0,1.0,1.0,1.0,1.0
477,1,,oracle_corrective,30,1.0,1.0,1.0,1.0,1.0
477,2,,question_only,28,1.0,1.0,1.0,1.0,1.0
477,2,,wrong_answer_conditioned,29,1.0,1.0,1.0,1.0,1.0
477,2,35,shuffled_wrong_answer_control,29,1.0,1.0,1.0,1.0,1.0
477,2,,oracle_corrective,30,1.0,1.0,1.0,1.0,1.0
477,3,,question_only,28,1.0,1.0,1.0,1.0,1.0
477,3,,wrong_answer_conditioned,31,1.0,1.0,1.0,1.0,1.0
477,3,624,shuffled_wrong_answer_control,30,1.0,1.0,1.0,1.0,1.0
477,3,,oracle_corrective,32,1.0,1.0,1.0,1.0,1.0
478,1,,question_only,10,1.0,1.0,1.0,1.0,1.0
478,1,,wrong_answer_conditioned,11,1.0,1.0,1.0,1.0,1.0
478,1,823,shuffled_wrong_answer_control,11,1.0,1.0,1.0,1.0,1.0
478,1,,oracle_corrective,12,1.0,1.0,1.0,1.0,1.0
478,2,,question_only,10,1.0,1.0,1.0,1.0,1.0
478,2,,wrong_answer_conditioned,11,1.0,1.0,1.0,1.0,1.0
478,2,485,shuffled_wrong_answer_control,13,1.0,1.0,1.0,1.0,1.0
478,2,,oracle_corrective,12,1.0,1.0,1.0,1.0,1.0
478,3,,question_only,10,1.0,1.0,1.0,1.0,1.0
478,3,,wrong_answer_conditioned,11,1.0,1.0,1.0,1.0,1.0
478,3,37,shuffled_wrong_answer_control,12,1.0,1.0,1.0,1.0,1.0
478,3,,oracle_corrective,12,1.0,1.0,1.0,1.0,1.0
479,1,,question_only,10,1.0,1.0,1.0,1.0,1.0
479,1,,wrong_answer_conditioned,11,1.0,1.0,1.0,1.0,1.0
479,1,87,shuffled_wrong_answer_control,11,1.0,1.0,1.0,1.0,1.0
479,1,,oracle_corrective,12,1.0,1.0,1.0,1.0,1.0
479,2,,question_only,10,1.0,1.0,1.0,1.0,1.0
479,2,,wrong_answer_conditioned,13,1.0,1.0,1.0,1.0,1.0
479,2,241,shuffled_wrong_answer_control,11,1.0,1.0,1.0,1.0,1.0
479,2,,oracle_corrective,14,1.0,1.0,1.0,1.0,1.0
479,3,,question_only,10,1.0,1.0,1.0,1.0,1.0
479,3,,wrong_answer_conditioned,14,1.0,1.0,1.0,1.0,1.0
479,3,460,shuffled_wrong_answer_control,11,1.0,1.0,1.0,1.0,1.0
479,3,,oracle_corrective,15,1.0,1.0,1.0,1.0,1.0
480,1,,question_only,23,1.0,1.0,1.0,1.0,1.0
480,1,,wrong_answer_conditioned,24,1.0,1.0,1.0,1.0,1.0
480,1,883,shuffled_wrong_answer_control,24,1.0,1.0,1.0,1.0,1.0
480,1,,oracle_corrective,25,1.0,1.0,1.0,1.0,1.0
480,2,,question_only,23,1.0,1.0,1.0,1.0,1.0
480,2,,wrong_answer_conditioned,24,1.0,1.0,1.0,1.0,1.0
480,2,324,shuffled_wrong_answer_control,25,1.0,1.0,1.0,1.0,1.0
480,2,,oracle_corrective,25,1.0,1.0,1.0,1.0,1.0
480,3,,question_only,23,1.0,1.0,1.0,1.0,1.0
480,3,,wrong_answer_conditioned,24,1.0,1.0,1.0,1.0,1.0
480,3,420,shuffled_wrong_answer_control,26,1.0,1.0,1.0,1.0,1.0
480,3,,oracle_corrective,25,1.0,1.0,1.0,1.0,1.0
481,1,,question_only,16,1.0,1.0,1.0,1.0,1.0
481,1,,wrong_answer_conditioned,17,1.0,1.0,1.0,1.0,1.0
481,1,484,shuffled_wrong_answer_control,17,1.0,1.0,1.0,1.0,1.0
481,1,,oracle_corrective,18,1.0,1.0,1.0,1.0,1.0
481,2,,question_only,16,1.0,1.0,1.0,1.0,1.0
481,2,,wrong_answer_conditioned,17,1.0,1.0,1.0,1.0,1.0
481,2,831,shuffled_wrong_answer_control,18,1.0,1.0,1.0,1.0,1.0
481,2,,oracle_corrective,18,1.0,1.0,1.0,1.0,1.0
481,3,,question_only,16,1.0,1.0,1.0,1.0,1.0
481,3,,wrong_answer_conditioned,17,1.0,1.0,1.0,1.0,1.0
481,3,774,shuffled_wrong_answer_control,18,1.0,1.0,1.0,1.0,1.0
481,3,,oracle_corrective,18,1.0,1.0,1.0,1.0,1.0
482,1,,question_only,12,1.0,1.0,1.0,1.0,1.0
482,1,,wrong_answer_conditioned,13,1.0,1.0,1.0,1.0,1.0
482,1,339,shuffled_wrong_answer_control,14,1.0,1.0,1.0,1.0,1.0
482,1,,oracle_corrective,14,1.0,1.0,1.0,1.0,1.0
482,2,,question_only,12,1.0,1.0,1.0,1.0,1.0
482,2,,wrong_answer_conditioned,13,1.0,1.0,1.0,1.0,1.0
482,2,624,shuffled_wrong_answer_control,13,1.0,1.0,1.0,1.0,1.0
482,2,,oracle_corrective,14,1.0,1.0,1.0,1.0,1.0
482,3,,question_only,12,1.0,1.0,1.0,1.0,1.0
482,3,,wrong_answer_conditioned,13,1.0,1.0,1.0,1.0,1.0
482,3,759,shuffled_wrong_answer_control,14,1.0,1.0,1.0,1.0,1.0
482,3,,oracle_corrective,14,1.0,1.0,1.0,1.0,1.0
483,1,,question_only,11,1.0,1.0,1.0,1.0,1.0
483,1,,wrong_answer_conditioned,12,1.0,1.0,1.0,1.0,1.0
483,1,266,shuffled_wrong_answer_control,12,1.0,1.0,1.0,1.0,1.0
483,1,,oracle_corrective,13,1.0,1.0,1.0,1.0,1.0
483,2,,question_only,11,1.0,1.0,1.0,1.0,1.0
483,2,,wrong_answer_conditioned,12,1.0,1.0,1.0,1.0,1.0
483,2,189,shuffled_wrong_answer_control,12,1.0,1.0,1.0,1.0,1.0
483,2,,oracle_corrective,13,1.0,1.0,1.0,1.0,1.0
483,3,,question_only,11,1.0,1.0,1.0,1.0,1.0
483,3,,wrong_answer_conditioned,12,1.0,1.0,1.0,1.0,1.0
483,3,244,shuffled_wrong_answer_control,12,1.0,1.0,1.0,1.0,1.0
483,3,,oracle_corrective,13,1.0,1.0,1.0,1.0,1.0
484,1,,question_only,12,1.0,1.0,1.0,1.0,1.0
484,1,,wrong_answer_conditioned,13,1.0,1.0,1.0,1.0,1.0
484,1,212,shuffled_wrong_answer_control,13,1.0,1.0,1.0,1.0,1.0
484,1,,oracle_corrective,14,1.0,1.0,1.0,1.0,1.0
484,2,,question_only,12,1.0,1.0,1.0,1.0,1.0
484,2,,wrong_answer_conditioned,13,1.0,1.0,1.0,1.0,1.0
484,2,327,shuffled_wrong_answer_control,14,1.0,1.0,1.0,1.0,1.0
484,2,,oracle_corrective,14,1.0,1.0,1.0,1.0,1.0
484,3,,question_only,12,1.0,1.0,1.0,1.0,1.0
484,3,,wrong_answer_conditioned,13,1.0,1.0,1.0,1.0,1.0
484,3,442,shuffled_wrong_answer_control,13,1.0,1.0,1.0,1.0,1.0
484,3,,oracle_corrective,14,1.0,1.0,1.0,1.0,1.0
485,1,,question_only,13,1.0,1.0,1.0,1.0,1.0
485,1,,wrong_answer_conditioned,14,1.0,1.0,1.0,1.0,1.0
485,1,452,shuffled_wrong_answer_control,14,1.0,1.0,1.0,1.0,1.0
485,1,,oracle_corrective,17,1.0,1.0,1.0,1.0,1.0
485,2,,question_only,13,1.0,1.0,1.0,1.0,1.0
485,2,,wrong_answer_conditioned,16,1.0,1.0,1.0,1.0,1.0
485,2,162,shuffled_wrong_answer_control,15,1.0,1.0,1.0,1.0,1.0
485,2,,oracle_corrective,19,1.0,1.0,1.0,1.0,1.0
485,3,,question_only,13,1.0,1.0,1.0,1.0,1.0
485,3,,wrong_answer_conditioned,16,1.0,1.0,1.0,1.0,1.0
485,3,469,shuffled_wrong_answer_control,14,1.0,1.0,1.0,1.0,1.0
485,3,,oracle_corrective,19,1.0,1.0,1.0,1.0,1.0
486,1,,question_only,16,1.0,1.0,1.0,1.0,1.0
486,1,,wrong_answer_conditioned,17,1.0,1.0,1.0,1.0,1.0
486,1,374,shuffled_wrong_answer_control,17,1.0,1.0,1.0,1.0,1.0
486,1,,oracle_corrective,18,1.0,1.0,1.0,1.0,1.0
486,2,,question_only,16,1.0,1.0,1.0,1.0,1.0
486,2,,wrong_answer_conditioned,17,1.0,1.0,1.0,1.0,1.0
486,2,645,shuffled_wrong_answer_control,17,1.0,1.0,1.0,1.0,1.0
486,2,,oracle_corrective,18,1.0,1.0,1.0,1.0,1.0
486,3,,question_only,16,1.0,1.0,1.0,1.0,1.0
486,3,,wrong_answer_conditioned,17,1.0,1.0,1.0,1.0,1.0
486,3,745,shuffled_wrong_answer_control,17,1.0,1.0,1.0,1.0,1.0
486,3,,oracle_corrective,18,1.0,1.0,1.0,1.0,1.0
487,1,,question_only,12,1.0,1.0,1.0,1.0,1.0
487,1,,wrong_answer_conditioned,13,1.0,1.0,1.0,1.0,1.0
487,1,436,shuffled_wrong_answer_control,13,1.0,1.0,1.0,1.0,1.0
487,1,,oracle_corrective,14,1.0,1.0,1.0,1.0,1.0
487,2,,question_only,12,1.0,1.0,1.0,1.0,1.0
487,2,,wrong_answer_conditioned,14,1.0,1.0,1.0,1.0,1.0
487,2,689,shuffled_wrong_answer_control,13,1.0,1.0,1.0,1.0,1.0
487,2,,oracle_corrective,15,1.0,1.0,1.0,1.0,1.0
487,3,,question_only,12,1.0,1.0,1.0,1.0,1.0
487,3,,wrong_answer_conditioned,13,1.0,1.0,1.0,1.0,1.0
487,3,95,shuffled_wrong_answer_control,13,1.0,1.0,1.0,1.0,1.0
487,3,,oracle_corrective,14,1.0,1.0,1.0,1.0,1.0
488,1,,question_only,20,1.0,1.0,1.0,1.0,1.0
488,1,,wrong_answer_conditioned,21,1.0,1.0,1.0,1.0,1.0
488,1,164,shuffled_wrong_answer_control,21,1.0,1.0,1.0,1.0,1.0
488,1,,oracle_corrective,22,1.0,1.0,1.0,1.0,1.0
488,2,,question_only,20,1.0,1.0,1.0,1.0,1.0
488,2,,wrong_answer_conditioned,21,1.0,1.0,1.0,1.0,1.0
488,2,742,shuffled_wrong_answer_control,21,1.0,1.0,1.0,1.0,1.0
488,2,,oracle_corrective,22,1.0,1.0,1.0,1.0,1.0
488,3,,question_only,20,1.0,1.0,1.0,1.0,1.0
488,3,,wrong_answer_conditioned,21,1.0,1.0,1.0,1.0,1.0
488,3,610,shuffled_wrong_answer_control,22,1.0,1.0,1.0,1.0,1.0
488,3,,oracle_corrective,22,1.0,1.0,1.0,1.0,1.0
489,1,,question_only,13,1.0,1.0,1.0,1.0,1.0
489,1,,wrong_answer_conditioned,14,1.0,1.0,1.0,1.0,1.0
489,1,705,shuffled_wrong_answer_control,14,1.0,1.0,1.0,1.0,1.0
489,1,,oracle_corrective,15,1.0,1.0,1.0,1.0,1.0
489,2,,question_only,13,1.0,1.0,1.0,1.0,1.0
489,2,,wrong_answer_conditioned,14,1.0,1.0,1.0,1.0,1.0
489,2,314,shuffled_wrong_answer_control,14,1.0,1.0,1.0,1.0,1.0
489,2,,oracle_corrective,15,1.0,1.0,1.0,1.0,1.0
489,3,,question_only,13,1.0,1.0,1.0,1.0,1.0
489,3,,wrong_answer_conditioned,14,1.0,1.0,1.0,1.0,1.0
489,3,181,shuffled_wrong_answer_control,14,1.0,1.0,1.0,1.0,1.0
489,3,,oracle_corrective,15,1.0,1.0,1.0,1.0,1.0
490,1,,question_only,11,1.0,1.0,1.0,1.0,1.0
490,1,,wrong_answer_conditioned,14,1.0,1.0,1.0,1.0,1.0
490,1,720,shuffled_wrong_answer_control,12,1.0,1.0,1.0,1.0,1.0
490,1,,oracle_corrective,17,1.0,1.0,1.0,1.0,1.0
490,2,,question_only,11,1.0,1.0,1.0,1.0,1.0
490,2,,wrong_answer_conditioned,14,1.0,1.0,1.0,1.0,1.0
490,2,870,shuffled_wrong_answer_control,12,1.0,1.0,1.0,1.0,1.0
490,2,,oracle_corrective,17,1.0,1.0,1.0,1.0,1.0
490,3,,question_only,11,1.0,1.0,1.0,1.0,1.0
490,3,,wrong_answer_conditioned,14,1.0,1.0,1.0,1.0,1.0
490,3,315,shuffled_wrong_answer_control,13,1.0,1.0,1.0,1.0,1.0
490,3,,oracle_corrective,17,1.0,1.0,1.0,1.0,1.0
491,1,,question_only,17,1.0,1.0,1.0,1.0,1.0
491,1,,wrong_answer_conditioned,18,1.0,1.0,1.0,1.0,1.0
491,1,354,shuffled_wrong_answer_control,19,1.0,1.0,1.0,1.0,1.0
491,1,,oracle_corrective,19,1.0,1.0,1.0,1.0,1.0
491,2,,question_only,17,1.0,1.0,1.0,1.0,1.0
491,2,,wrong_answer_conditioned,18,1.0,1.0,1.0,1.0,1.0
491,2,846,shuffled_wrong_answer_control,18,1.0,1.0,1.0,1.0,1.0
491,2,,oracle_corrective,19,1.0,1.0,1.0,1.0,1.0
491,3,,question_only,17,1.0,1.0,1.0,1.0,1.0
491,3,,wrong_answer_conditioned,18,1.0,1.0,1.0,1.0,1.0
491,3,27,shuffled_wrong_answer_control,19,1.0,1.0,1.0,1.0,1.0
491,3,,oracle_corrective,19,1.0,1.0,1.0,1.0,1.0
492,1,,question_only,20,1.0,1.0,1.0,1.0,1.0
492,1,,wrong_answer_conditioned,21,1.0,1.0,1.0,1.0,1.0
492,1,727,shuffled_wrong_answer_control,21,1.0,1.0,1.0,1.0,1.0
492,1,,oracle_corrective,22,1.0,1.0,1.0,1.0,1.0
492,2,,question_only,20,1.0,1.0,1.0,1.0,1.0
492,2,,wrong_answer_conditioned,22,1.0,1.0,1.0,1.0,1.0
492,2,360,shuffled_wrong_answer_control,21,1.0,1.0,1.0,1.0,1.0
492,2,,oracle_corrective,23,1.0,1.0,1.0,1.0,1.0
492,3,,question_only,20,1.0,1.0,1.0,1.0,1.0
492,3,,wrong_answer_conditioned,21,1.0,1.0,1.0,1.0,1.0
492,3,837,shuffled_wrong_answer_control,21,1.0,1.0,1.0,1.0,1.0
492,3,,oracle_corrective,22,1.0,1.0,1.0,1.0,1.0
493,1,,question_only,6,1.0,1.0,1.0,1.0,1.0
493,1,,wrong_answer_conditioned,8,0.5,0.0,1.0,1.0,0.6309297535714575
493,1,294,shuffled_wrong_answer_control,7,1.0,1.0,1.0,1.0,1.0
493,1,,oracle_corrective,9,1.0,1.0,1.0,1.0,1.0
493,2,,question_only,6,1.0,1.0,1.0,1.0,1.0
493,2,,wrong_answer_conditioned,7,0.5,0.0,1.0,1.0,0.6309297535714575
493,2,477,shuffled_wrong_answer_control,7,1.0,1.0,1.0,1.0,1.0
493,2,,oracle_corrective,8,1.0,1.0,1.0,1.0,1.0
493,3,,question_only,6,1.0,1.0,1.0,1.0,1.0
493,3,,wrong_answer_conditioned,7,1.0,1.0,1.0,1.0,1.0
493,3,510,shuffled_wrong_answer_control,8,1.0,1.0,1.0,1.0,1.0
493,3,,oracle_corrective,8,1.0,1.0,1.0,1.0,1.0
494,1,,question_only,7,1.0,1.0,1.0,1.0,1.0
494,1,,wrong_answer_conditioned,9,1.0,1.0,1.0,1.0,1.0
494,1,97,shuffled_wrong_answer_control,8,1.0,1.0,1.0,1.0,1.0
494,1,,oracle_corrective,11,1.0,1.0,1.0,1.0,1.0
494,2,,question_only,7,1.0,1.0,1.0,1.0,1.0
494,2,,wrong_answer_conditioned,9,1.0,1.0,1.0,1.0,1.0
494,2,187,shuffled_wrong_answer_control,8,1.0,1.0,1.0,1.0,1.0
494,2,,oracle_corrective,11,1.0,1.0,1.0,1.0,1.0
494,3,,question_only,7,1.0,1.0,1.0,1.0,1.0
494,3,,wrong_answer_conditioned,9,1.0,1.0,1.0,1.0,1.0
494,3,495,shuffled_wrong_answer_control,9,1.0,1.0,1.0,1.0,1.0
494,3,,oracle_corrective,11,1.0,1.0,1.0,1.0,1.0
495,1,,question_only,21,1.0,1.0,1.0,1.0,1.0
495,1,,wrong_answer_conditioned,23,1.0,1.0,1.0,1.0,1.0
495,1,723,shuffled_wrong_answer_control,22,1.0,1.0,1.0,1.0,1.0
495,1,,oracle_corrective,25,1.0,1.0,1.0,1.0,1.0
495,2,,question_only,21,1.0,1.0,1.0,1.0,1.0
495,2,,wrong_answer_conditioned,23,1.0,1.0,1.0,1.0,1.0
495,2,63,shuffled_wrong_answer_control,22,1.0,1.0,1.0,1.0,1.0
495,2,,oracle_corrective,25,1.0,1.0,1.0,1.0,1.0
495,3,,question_only,21,1.0,1.0,1.0,1.0,1.0
495,3,,wrong_answer_conditioned,23,1.0,1.0,1.0,1.0,1.0
495,3,424,shuffled_wrong_answer_control,22,1.0,1.0,1.0,1.0,1.0
495,3,,oracle_corrective,25,1.0,1.0,1.0,1.0,1.0
496,1,,question_only,11,1.0,1.0,1.0,1.0,1.0
496,1,,wrong_answer_conditioned,13,1.0,1.0,1.0,1.0,1.0
496,1,748,shuffled_wrong_answer_control,12,1.0,1.0,1.0,1.0,1.0
496,1,,oracle_corrective,15,1.0,1.0,1.0,1.0,1.0
496,2,,question_only,11,1.0,1.0,1.0,1.0,1.0
496,2,,wrong_answer_conditioned,13,1.0,1.0,1.0,1.0,1.0
496,2,68,shuffled_wrong_answer_control,13,1.0,1.0,1.0,1.0,1.0
496,2,,oracle_corrective,15,1.0,1.0,1.0,1.0,1.0
496,3,,question_only,11,1.0,1.0,1.0,1.0,1.0
496,3,,wrong_answer_conditioned,13,1.0,1.0,1.0,1.0,1.0
496,3,566,shuffled_wrong_answer_control,12,1.0,1.0,1.0,1.0,1.0
496,3,,oracle_corrective,15,1.0,1.0,1.0,1.0,1.0
497,1,,question_only,18,1.0,1.0,1.0,1.0,1.0
497,1,,wrong_answer_conditioned,19,1.0,1.0,1.0,1.0,1.0
497,1,28,shuffled_wrong_answer_control,19,1.0,1.0,1.0,1.0,1.0
497,1,,oracle_corrective,20,1.0,1.0,1.0,1.0,1.0
497,2,,question_only,18,1.0,1.0,1.0,1.0,1.0
497,2,,wrong_answer_conditioned,20,1.0,1.0,1.0,1.0,1.0
497,2,816,shuffled_wrong_answer_control,19,1.0,1.0,1.0,1.0,1.0
497,2,,oracle_corrective,21,1.0,1.0,1.0,1.0,1.0
497,3,,question_only,18,1.0,1.0,1.0,1.0,1.0
497,3,,wrong_answer_conditioned,19,1.0,1.0,1.0,1.0,1.0
497,3,163,shuffled_wrong_answer_control,19,1.0,1.0,1.0,1.0,1.0
497,3,,oracle_corrective,20,1.0,1.0,1.0,1.0,1.0
498,1,,question_only,20,1.0,1.0,1.0,1.0,1.0
498,1,,wrong_answer_conditioned,22,1.0,1.0,1.0,1.0,1.0
498,1,187,shuffled_wrong_answer_control,21,1.0,1.0,1.0,1.0,1.0
498,1,,oracle_corrective,25,1.0,1.0,1.0,1.0,1.0
498,2,,question_only,20,1.0,1.0,1.0,1.0,1.0
498,2,,wrong_answer_conditioned,22,1.0,1.0,1.0,1.0,1.0
498,2,468,shuffled_wrong_answer_control,23,1.0,1.0,1.0,1.0,1.0
498,2,,oracle_corrective,25,1.0,1.0,1.0,1.0,1.0
498,3,,question_only,20,1.0,1.0,1.0,1.0,1.0
498,3,,wrong_answer_conditioned,23,1.0,1.0,1.0,1.0,1.0
498,3,266,shuffled_wrong_answer_control,21,1.0,1.0,1.0,1.0,1.0
498,3,,oracle_corrective,26,1.0,1.0,1.0,1.0,1.0
499,1,,question_only,15,1.0,1.0,1.0,1.0,1.0
499,1,,wrong_answer_conditioned,16,1.0,1.0,1.0,1.0,1.0
499,1,29,shuffled_wrong_answer_control,16,1.0,1.0,1.0,1.0,1.0
499,1,,oracle_corrective,17,1.0,1.0,1.0,1.0,1.0
499,2,,question_only,15,1.0,1.0,1.0,1.0,1.0
499,2,,wrong_answer_conditioned,16,1.0,1.0,1.0,1.0,1.0
499,2,65,shuffled_wrong_answer_control,16,1.0,1.0,1.0,1.0,1.0
499,2,,oracle_corrective,17,1.0,1.0,1.0,1.0,1.0
499,3,,question_only,15,1.0,1.0,1.0,1.0,1.0
499,3,,wrong_answer_conditioned,16,1.0,1.0,1.0,1.0,1.0
499,3,144,shuffled_wrong_answer_control,18,1.0,1.0,1.0,1.0,1.0
499,3,,oracle_corrective,17,1.0,1.0,1.0,1.0,1.0
500,1,,question_only,8,1.0,1.0,1.0,1.0,1.0
500,1,,wrong_answer_conditioned,9,0.5,0.0,1.0,1.0,0.6309297535714575
500,1,7,shuffled_wrong_answer_control,9,1.0,1.0,1.0,1.0,1.0
500,1,,oracle_corrective,10,1.0,1.0,1.0,1.0,1.0
500,2,,question_only,8,1.0,1.0,1.0,1.0,1.0
500,2,,wrong_answer_conditioned,9,1.0,1.0,1.0,1.0,1.0
500,2,545,shuffled_wrong_answer_control,9,1.0,1.0,1.0,1.0,1.0
500,2,,oracle_corrective,10,0.5,0.0,1.0,1.0,0.6309297535714575
500,3,,question_only,8,1.0,1.0,1.0,1.0,1.0
500,3,,wrong_answer_conditioned,9,1.0,1.0,1.0,1.0,1.0
500,3,883,shuffled_wrong_answer_control,10,1.0,1.0,1.0,1.0,1.0
500,3,,oracle_corrective,10,1.0,1.0,1.0,1.0,1.0
501,1,,question_only,8,1.0,1.0,1.0,1.0,1.0
501,1,,wrong_answer_conditioned,9,1.0,1.0,1.0,1.0,1.0
501,1,792,shuffled_wrong_answer_control,9,1.0,1.0,1.0,1.0,1.0
501,1,,oracle_corrective,10,1.0,1.0,1.0,1.0,1.0
501,2,,question_only,8,1.0,1.0,1.0,1.0,1.0
501,2,,wrong_answer_conditioned,9,1.0,1.0,1.0,1.0,1.0
501,2,89,shuffled_wrong_answer_control,9,1.0,1.0,1.0,1.0,1.0
501,2,,oracle_corrective,10,1.0,1.0,1.0,1.0,1.0
501,3,,question_only,8,1.0,1.0,1.0,1.0,1.0
501,3,,wrong_answer_conditioned,9,1.0,1.0,1.0,1.0,1.0
501,3,780,shuffled_wrong_answer_control,10,1.0,1.0,1.0,1.0,1.0
501,3,,oracle_corrective,10,1.0,1.0,1.0,1.0,1.0
502,1,,question_only,22,1.0,1.0,1.0,1.0,1.0
502,1,,wrong_answer_conditioned,24,1.0,1.0,1.0,1.0,1.0
502,1,832,shuffled_wrong_answer_control,23,1.0,1.0,1.0,1.0,1.0
502,1,,oracle_corrective,26,1.0,1.0,1.0,1.0,1.0
502,2,,question_only,22,1.0,1.0,1.0,1.0,1.0
502,2,,wrong_answer_conditioned,24,1.0,1.0,1.0,1.0,1.0
502,2,167,shuffled_wrong_answer_control,23,1.0,1.0,1.0,1.0,1.0
502,2,,oracle_corrective,26,1.0,1.0,1.0,1.0,1.0
502,3,,question_only,22,1.0,1.0,1.0,1.0,1.0
502,3,,wrong_answer_conditioned,24,1.0,1.0,1.0,1.0,1.0
502,3,499,shuffled_wrong_answer_control,23,1.0,1.0,1.0,1.0,1.0
502,3,,oracle_corrective,26,1.0,1.0,1.0,1.0,1.0
503,1,,question_only,11,1.0,1.0,1.0,1.0,1.0
503,1,,wrong_answer_conditioned,13,1.0,1.0,1.0,1.0,1.0
503,1,613,shuffled_wrong_answer_control,12,1.0,1.0,1.0,1.0,1.0
503,1,,oracle_corrective,14,1.0,1.0,1.0,1.0,1.0
503,2,,question_only,11,1.0,1.0,1.0,1.0,1.0
503,2,,wrong_answer_conditioned,12,1.0,1.0,1.0,1.0,1.0
503,2,634,shuffled_wrong_answer_control,13,1.0,1.0,1.0,1.0,1.0
503,2,,oracle_corrective,13,1.0,1.0,1.0,1.0,1.0
503,3,,question_only,11,1.0,1.0,1.0,1.0,1.0
503,3,,wrong_answer_conditioned,12,1.0,1.0,1.0,1.0,1.0
503,3,10,shuffled_wrong_answer_control,13,1.0,1.0,1.0,1.0,1.0
503,3,,oracle_corrective,13,1.0,1.0,1.0,1.0,1.0
504,1,,question_only,8,1.0,1.0,1.0,1.0,1.0
504,1,,wrong_answer_conditioned,9,1.0,1.0,1.0,1.0,1.0
504,1,805,shuffled_wrong_answer_control,9,1.0,1.0,1.0,1.0,1.0
504,1,,oracle_corrective,10,1.0,1.0,1.0,1.0,1.0
504,2,,question_only,8,1.0,1.0,1.0,1.0,1.0
504,2,,wrong_answer_conditioned,9,1.0,1.0,1.0,1.0,1.0
504,2,647,shuffled_wrong_answer_control,12,1.0,1.0,1.0,1.0,1.0
504,2,,oracle_corrective,10,1.0,1.0,1.0,1.0,1.0
504,3,,question_only,8,1.0,1.0,1.0,1.0,1.0
504,3,,wrong_answer_conditioned,9,1.0,1.0,1.0,1.0,1.0
504,3,719,shuffled_wrong_answer_control,9,1.0,1.0,1.0,1.0,1.0
504,3,,oracle_corrective,10,1.0,1.0,1.0,1.0,1.0
505,1,,question_only,13,1.0,1.0,1.0,1.0,1.0
505,1,,wrong_answer_conditioned,14,1.0,1.0,1.0,1.0,1.0
505,1,599,shuffled_wrong_answer_control,15,1.0,1.0,1.0,1.0,1.0
505,1,,oracle_corrective,15,1.0,1.0,1.0,1.0,1.0
505,2,,question_only,13,1.0,1.0,1.0,1.0,1.0
505,2,,wrong_answer_conditioned,14,1.0,1.0,1.0,1.0,1.0
505,2,855,shuffled_wrong_answer_control,14,1.0,1.0,1.0,1.0,1.0
505,2,,oracle_corrective,15,1.0,1.0,1.0,1.0,1.0
505,3,,question_only,13,1.0,1.0,1.0,1.0,1.0
505,3,,wrong_answer_conditioned,14,1.0,1.0,1.0,1.0,1.0
505,3,279,shuffled_wrong_answer_control,14,1.0,1.0,1.0,1.0,1.0
505,3,,oracle_corrective,15,1.0,1.0,1.0,1.0,1.0
506,1,,question_only,22,1.0,1.0,1.0,1.0,1.0
506,1,,wrong_answer_conditioned,24,1.0,1.0,1.0,1.0,1.0
506,1,165,shuffled_wrong_answer_control,24,1.0,1.0,1.0,1.0,1.0
506,1,,oracle_corrective,26,1.0,1.0,1.0,1.0,1.0
506,2,,question_only,22,1.0,1.0,1.0,1.0,1.0
506,2,,wrong_answer_conditioned,24,1.0,1.0,1.0,1.0,1.0
506,2,612,shuffled_wrong_answer_control,25,1.0,1.0,1.0,1.0,1.0
506,2,,oracle_corrective,26,1.0,1.0,1.0,1.0,1.0
506,3,,question_only,22,1.0,1.0,1.0,1.0,1.0
506,3,,wrong_answer_conditioned,24,1.0,1.0,1.0,1.0,1.0
506,3,530,shuffled_wrong_answer_control,23,1.0,1.0,1.0,1.0,1.0
506,3,,oracle_corrective,26,1.0,1.0,1.0,1.0,1.0
507,1,,question_only,9,1.0,1.0,1.0,1.0,1.0
507,1,,wrong_answer_conditioned,10,1.0,1.0,1.0,1.0,1.0
507,1,656,shuffled_wrong_answer_control,11,1.0,1.0,1.0,1.0,1.0
507,1,,oracle_corrective,11,1.0,1.0,1.0,1.0,1.0
507,2,,question_only,9,1.0,1.0,1.0,1.0,1.0
507,2,,wrong_answer_conditioned,10,1.0,1.0,1.0,1.0,1.0
507,2,838,shuffled_wrong_answer_control,10,1.0,1.0,1.0,1.0,1.0
507,2,,oracle_corrective,11,1.0,1.0,1.0,1.0,1.0
507,3,,question_only,9,1.0,1.0,1.0,1.0,1.0
507,3,,wrong_answer_conditioned,10,1.0,1.0,1.0,1.0,1.0
507,3,141,shuffled_wrong_answer_control,10,1.0,1.0,1.0,1.0,1.0
507,3,,oracle_corrective,11,1.0,1.0,1.0,1.0,1.0
508,1,,question_only,16,1.0,1.0,1.0,1.0,1.0
508,1,,wrong_answer_conditioned,18,1.0,1.0,1.0,1.0,1.0
508,1,209,shuffled_wrong_answer_control,19,1.0,1.0,1.0,1.0,1.0
508,1,,oracle_corrective,20,1.0,1.0,1.0,1.0,1.0
508,2,,question_only,16,1.0,1.0,1.0,1.0,1.0
508,2,,wrong_answer_conditioned,18,1.0,1.0,1.0,1.0,1.0
508,2,431,shuffled_wrong_answer_control,20,0.5,0.0,1.0,1.0,0.6309297535714575
508,2,,oracle_corrective,20,1.0,1.0,1.0,1.0,1.0
508,3,,question_only,16,1.0,1.0,1.0,1.0,1.0
508,3,,wrong_answer_conditioned,18,1.0,1.0,1.0,1.0,1.0
508,3,108,shuffled_wrong_answer_control,17,1.0,1.0,1.0,1.0,1.0
508,3,,oracle_corrective,20,1.0,1.0,1.0,1.0,1.0
509,1,,question_only,10,1.0,1.0,1.0,1.0,1.0
509,1,,wrong_answer_conditioned,12,1.0,1.0,1.0,1.0,1.0
509,1,859,shuffled_wrong_answer_control,12,1.0,1.0,1.0,1.0,1.0
509,1,,oracle_corrective,13,1.0,1.0,1.0,1.0,1.0
509,2,,question_only,10,1.0,1.0,1.0,1.0,1.0
509,2,,wrong_answer_conditioned,11,1.0,1.0,1.0,1.0,1.0
509,2,147,shuffled_wrong_answer_control,12,1.0,1.0,1.0,1.0,1.0
509,2,,oracle_corrective,12,1.0,1.0,1.0,1.0,1.0
509,3,,question_only,10,1.0,1.0,1.0,1.0,1.0
509,3,,wrong_answer_conditioned,11,1.0,1.0,1.0,1.0,1.0
509,3,726,shuffled_wrong_answer_control,11,1.0,1.0,1.0,1.0,1.0
509,3,,oracle_corrective,12,1.0,1.0,1.0,1.0,1.0
510,1,,question_only,6,1.0,1.0,1.0,1.0,1.0
510,1,,wrong_answer_conditioned,8,1.0,1.0,1.0,1.0,1.0
510,1,589,shuffled_wrong_answer_control,8,1.0,1.0,1.0,1.0,1.0
510,1,,oracle_corrective,10,1.0,1.0,1.0,1.0,1.0
510,2,,question_only,6,1.0,1.0,1.0,1.0,1.0
510,2,,wrong_answer_conditioned,8,0.5,0.0,1.0,1.0,0.6309297535714575
510,2,767,shuffled_wrong_answer_control,7,1.0,1.0,1.0,1.0,1.0
510,2,,oracle_corrective,10,1.0,1.0,1.0,1.0,1.0
510,3,,question_only,6,1.0,1.0,1.0,1.0,1.0
510,3,,wrong_answer_conditioned,8,0.5,0.0,1.0,1.0,0.6309297535714575
510,3,609,shuffled_wrong_answer_control,7,0.3333333333333333,0.0,1.0,1.0,0.5
510,3,,oracle_corrective,10,1.0,1.0,1.0,1.0,1.0
511,1,,question_only,17,1.0,1.0,1.0,1.0,1.0
511,1,,wrong_answer_conditioned,19,1.0,1.0,1.0,1.0,1.0
511,1,106,shuffled_wrong_answer_control,18,1.0,1.0,1.0,1.0,1.0
511,1,,oracle_corrective,21,1.0,1.0,1.0,1.0,1.0
511,2,,question_only,17,1.0,1.0,1.0,1.0,1.0
511,2,,wrong_answer_conditioned,19,1.0,1.0,1.0,1.0,1.0
511,2,701,shuffled_wrong_answer_control,18,1.0,1.0,1.0,1.0,1.0
511,2,,oracle_corrective,21,1.0,1.0,1.0,1.0,1.0
511,3,,question_only,17,1.0,1.0,1.0,1.0,1.0
511,3,,wrong_answer_conditioned,19,1.0,1.0,1.0,1.0,1.0
511,3,789,shuffled_wrong_answer_control,18,1.0,1.0,1.0,1.0,1.0
511,3,,oracle_corrective,21,1.0,1.0,1.0,1.0,1.0
512,1,,question_only,6,1.0,1.0,1.0,1.0,1.0
512,1,,wrong_answer_conditioned,7,1.0,1.0,1.0,1.0,1.0
512,1,403,shuffled_wrong_answer_control,8,1.0,1.0,1.0,1.0,1.0
512,1,,oracle_corrective,8,1.0,1.0,1.0,1.0,1.0
512,2,,question_only,6,1.0,1.0,1.0,1.0,1.0
512,2,,wrong_answer_conditioned,7,1.0,1.0,1.0,1.0,1.0
512,2,264,shuffled_wrong_answer_control,8,1.0,1.0,1.0,1.0,1.0
512,2,,oracle_corrective,8,1.0,1.0,1.0,1.0,1.0
512,3,,question_only,6,1.0,1.0,1.0,1.0,1.0
512,3,,wrong_answer_conditioned,7,1.0,1.0,1.0,1.0,1.0
512,3,813,shuffled_wrong_answer_control,7,1.0,1.0,1.0,1.0,1.0
512,3,,oracle_corrective,8,1.0,1.0,1.0,1.0,1.0
513,1,,question_only,13,1.0,1.0,1.0,1.0,1.0
513,1,,wrong_answer_conditioned,15,1.0,1.0,1.0,1.0,1.0
513,1,618,shuffled_wrong_answer_control,14,1.0,1.0,1.0,1.0,1.0
513,1,,oracle_corrective,17,1.0,1.0,1.0,1.0,1.0
513,2,,question_only,13,1.0,1.0,1.0,1.0,1.0
513,2,,wrong_answer_conditioned,15,1.0,1.0,1.0,1.0,1.0
513,2,445,shuffled_wrong_answer_control,14,1.0,1.0,1.0,1.0,1.0
513,2,,oracle_corrective,17,1.0,1.0,1.0,1.0,1.0
513,3,,question_only,13,1.0,1.0,1.0,1.0,1.0
513,3,,wrong_answer_conditioned,15,1.0,1.0,1.0,1.0,1.0
513,3,769,shuffled_wrong_answer_control,14,1.0,1.0,1.0,1.0,1.0
513,3,,oracle_corrective,17,1.0,1.0,1.0,1.0,1.0
514,1,,question_only,13,1.0,1.0,1.0,1.0,1.0
514,1,,wrong_answer_conditioned,14,1.0,1.0,1.0,1.0,1.0
514,1,300,shuffled_wrong_answer_control,14,1.0,1.0,1.0,1.0,1.0
514,1,,oracle_corrective,15,1.0,1.0,1.0,1.0,1.0
514,2,,question_only,13,1.0,1.0,1.0,1.0,1.0
514,2,,wrong_answer_conditioned,14,1.0,1.0,1.0,1.0,1.0
514,2,69,shuffled_wrong_answer_control,14,1.0,1.0,1.0,1.0,1.0
514,2,,oracle_corrective,15,1.0,1.0,1.0,1.0,1.0
514,3,,question_only,13,1.0,1.0,1.0,1.0,1.0
514,3,,wrong_answer_conditioned,14,1.0,1.0,1.0,1.0,1.0
514,3,873,shuffled_wrong_answer_control,15,1.0,1.0,1.0,1.0,1.0
514,3,,oracle_corrective,15,1.0,1.0,1.0,1.0,1.0
515,1,,question_only,11,1.0,1.0,1.0,1.0,1.0
515,1,,wrong_answer_conditioned,12,1.0,1.0,1.0,1.0,1.0
515,1,529,shuffled_wrong_answer_control,14,1.0,1.0,1.0,1.0,1.0
515,1,,oracle_corrective,13,1.0,1.0,1.0,1.0,1.0
515,2,,question_only,11,1.0,1.0,1.0,1.0,1.0
515,2,,wrong_answer_conditioned,12,1.0,1.0,1.0,1.0,1.0
515,2,93,shuffled_wrong_answer_control,12,1.0,1.0,1.0,1.0,1.0
515,2,,oracle_corrective,13,1.0,1.0,1.0,1.0,1.0
515,3,,question_only,11,1.0,1.0,1.0,1.0,1.0
515,3,,wrong_answer_conditioned,12,1.0,1.0,1.0,1.0,1.0
515,3,496,shuffled_wrong_answer_control,13,1.0,1.0,1.0,1.0,1.0
515,3,,oracle_corrective,13,1.0,1.0,1.0,1.0,1.0
516,1,,question_only,13,1.0,1.0,1.0,1.0,1.0
516,1,,wrong_answer_conditioned,14,1.0,1.0,1.0,1.0,1.0
516,1,181,shuffled_wrong_answer_control,14,1.0,1.0,1.0,1.0,1.0
516,1,,oracle_corrective,15,1.0,1.0,1.0,1.0,1.0
516,2,,question_only,13,1.0,1.0,1.0,1.0,1.0
516,2,,wrong_answer_conditioned,14,1.0,1.0,1.0,1.0,1.0
516,2,113,shuffled_wrong_answer_control,14,1.0,1.0,1.0,1.0,1.0
516,2,,oracle_corrective,15,1.0,1.0,1.0,1.0,1.0
516,3,,question_only,13,1.0,1.0,1.0,1.0,1.0
516,3,,wrong_answer_conditioned,14,1.0,1.0,1.0,1.0,1.0
516,3,65,shuffled_wrong_answer_control,14,1.0,1.0,1.0,1.0,1.0
516,3,,oracle_corrective,15,1.0,1.0,1.0,1.0,1.0
517,1,,question_only,13,1.0,1.0,1.0,1.0,1.0
517,1,,wrong_answer_conditioned,14,1.0,1.0,1.0,1.0,1.0
517,1,163,shuffled_wrong_answer_control,15,1.0,1.0,1.0,1.0,1.0
517,1,,oracle_corrective,15,1.0,1.0,1.0,1.0,1.0
517,2,,question_only,13,1.0,1.0,1.0,1.0,1.0
517,2,,wrong_answer_conditioned,14,1.0,1.0,1.0,1.0,1.0
517,2,656,shuffled_wrong_answer_control,15,1.0,1.0,1.0,1.0,1.0
517,2,,oracle_corrective,15,1.0,1.0,1.0,1.0,1.0
517,3,,question_only,13,1.0,1.0,1.0,1.0,1.0
517,3,,wrong_answer_conditioned,14,1.0,1.0,1.0,1.0,1.0
517,3,106,shuffled_wrong_answer_control,14,1.0,1.0,1.0,1.0,1.0
517,3,,oracle_corrective,15,1.0,1.0,1.0,1.0,1.0
518,1,,question_only,10,1.0,1.0,1.0,1.0,1.0
518,1,,wrong_answer_conditioned,11,1.0,1.0,1.0,1.0,1.0
518,1,233,shuffled_wrong_answer_control,11,1.0,1.0,1.0,1.0,1.0
518,1,,oracle_corrective,13,1.0,1.0,1.0,1.0,1.0
518,2,,question_only,10,1.0,1.0,1.0,1.0,1.0
518,2,,wrong_answer_conditioned,11,1.0,1.0,1.0,1.0,1.0
518,2,807,shuffled_wrong_answer_control,11,1.0,1.0,1.0,1.0,1.0
518,2,,oracle_corrective,13,1.0,1.0,1.0,1.0,1.0
518,3,,question_only,10,1.0,1.0,1.0,1.0,1.0
518,3,,wrong_answer_conditioned,12,1.0,1.0,1.0,1.0,1.0
518,3,754,shuffled_wrong_answer_control,12,1.0,1.0,1.0,1.0,1.0
518,3,,oracle_corrective,14,1.0,1.0,1.0,1.0,1.0
519,1,,question_only,12,1.0,1.0,1.0,1.0,1.0
519,1,,wrong_answer_conditioned,13,1.0,1.0,1.0,1.0,1.0
519,1,304,shuffled_wrong_answer_control,13,1.0,1.0,1.0,1.0,1.0
519,1,,oracle_corrective,14,1.0,1.0,1.0,1.0,1.0
519,2,,question_only,12,1.0,1.0,1.0,1.0,1.0
519,2,,wrong_answer_conditioned,14,1.0,1.0,1.0,1.0,1.0
519,2,311,shuffled_wrong_answer_control,15,1.0,1.0,1.0,1.0,1.0
519,2,,oracle_corrective,15,1.0,1.0,1.0,1.0,1.0
519,3,,question_only,12,1.0,1.0,1.0,1.0,1.0
519,3,,wrong_answer_conditioned,14,1.0,1.0,1.0,1.0,1.0
519,3,6,shuffled_wrong_answer_control,14,1.0,1.0,1.0,1.0,1.0
519,3,,oracle_corrective,15,1.0,1.0,1.0,1.0,1.0
520,1,,question_only,13,1.0,1.0,1.0,1.0,1.0
520,1,,wrong_answer_conditioned,14,1.0,1.0,1.0,1.0,1.0
520,1,690,shuffled_wrong_answer_control,14,1.0,1.0,1.0,1.0,1.0
520,1,,oracle_corrective,15,1.0,1.0,1.0,1.0,1.0
520,2,,question_only,13,1.0,1.0,1.0,1.0,1.0
520,2,,wrong_answer_conditioned,14,1.0,1.0,1.0,1.0,1.0
520,2,453,shuffled_wrong_answer_control,14,1.0,1.0,1.0,1.0,1.0
520,2,,oracle_corrective,15,1.0,1.0,1.0,1.0,1.0
520,3,,question_only,13,1.0,1.0,1.0,1.0,1.0
520,3,,wrong_answer_conditioned,14,1.0,1.0,1.0,1.0,1.0
520,3,330,shuffled_wrong_answer_control,14,1.0,1.0,1.0,1.0,1.0
520,3,,oracle_corrective,15,1.0,1.0,1.0,1.0,1.0
521,1,,question_only,24,1.0,1.0,1.0,1.0,1.0
521,1,,wrong_answer_conditioned,25,1.0,1.0,1.0,1.0,1.0
521,1,112,shuffled_wrong_answer_control,26,1.0,1.0,1.0,1.0,1.0
521,1,,oracle_corrective,26,1.0,1.0,1.0,1.0,1.0
521,2,,question_only,24,1.0,1.0,1.0,1.0,1.0
521,2,,wrong_answer_conditioned,25,1.0,1.0,1.0,1.0,1.0
521,2,680,shuffled_wrong_answer_control,25,1.0,1.0,1.0,1.0,1.0
521,2,,oracle_corrective,26,1.0,1.0,1.0,1.0,1.0
521,3,,question_only,24,1.0,1.0,1.0,1.0,1.0
521,3,,wrong_answer_conditioned,25,1.0,1.0,1.0,1.0,1.0
521,3,470,shuffled_wrong_answer_control,25,1.0,1.0,1.0,1.0,1.0
521,3,,oracle_corrective,26,1.0,1.0,1.0,1.0,1.0
522,1,,question_only,6,1.0,1.0,1.0,1.0,1.0
522,1,,wrong_answer_conditioned,9,1.0,1.0,1.0,1.0,1.0
522,1,10,shuffled_wrong_answer_control,9,1.0,1.0,1.0,1.0,1.0
522,1,,oracle_corrective,12,1.0,1.0,1.0,1.0,1.0
522,2,,question_only,6,1.0,1.0,1.0,1.0,1.0
522,2,,wrong_answer_conditioned,9,1.0,1.0,1.0,1.0,1.0
522,2,753,shuffled_wrong_answer_control,8,1.0,1.0,1.0,1.0,1.0
522,2,,oracle_corrective,12,1.0,1.0,1.0,1.0,1.0
522,3,,question_only,6,1.0,1.0,1.0,1.0,1.0
522,3,,wrong_answer_conditioned,9,1.0,1.0,1.0,1.0,1.0
522,3,642,shuffled_wrong_answer_control,8,1.0,1.0,1.0,1.0,1.0
522,3,,oracle_corrective,12,1.0,1.0,1.0,1.0,1.0
523,1,,question_only,10,1.0,1.0,1.0,1.0,1.0
523,1,,wrong_answer_conditioned,13,1.0,1.0,1.0,1.0,1.0
523,1,488,shuffled_wrong_answer_control,11,1.0,1.0,1.0,1.0,1.0
523,1,,oracle_corrective,16,1.0,1.0,1.0,1.0,1.0
523,2,,question_only,10,1.0,1.0,1.0,1.0,1.0
523,2,,wrong_answer_conditioned,13,1.0,1.0,1.0,1.0,1.0
523,2,455,shuffled_wrong_answer_control,11,1.0,1.0,1.0,1.0,1.0
523,2,,oracle_corrective,16,1.0,1.0,1.0,1.0,1.0
523,3,,question_only,10,1.0,1.0,1.0,1.0,1.0
523,3,,wrong_answer_conditioned,13,1.0,1.0,1.0,1.0,1.0
523,3,439,shuffled_wrong_answer_control,12,1.0,1.0,1.0,1.0,1.0
523,3,,oracle_corrective,16,1.0,1.0,1.0,1.0,1.0
524,1,,question_only,7,1.0,1.0,1.0,1.0,1.0
524,1,,wrong_answer_conditioned,13,1.0,1.0,1.0,1.0,1.0
524,1,288,shuffled_wrong_answer_control,9,1.0,1.0,1.0,1.0,1.0
524,1,,oracle_corrective,19,1.0,1.0,1.0,1.0,1.0
524,2,,question_only,7,1.0,1.0,1.0,1.0,1.0
524,2,,wrong_answer_conditioned,11,1.0,1.0,1.0,1.0,1.0
524,2,251,shuffled_wrong_answer_control,8,1.0,1.0,1.0,1.0,1.0
524,2,,oracle_corrective,17,1.0,1.0,1.0,1.0,1.0
524,3,,question_only,7,1.0,1.0,1.0,1.0,1.0
524,3,,wrong_answer_conditioned,13,1.0,1.0,1.0,1.0,1.0
524,3,334,shuffled_wrong_answer_control,9,1.0,1.0,1.0,1.0,1.0
524,3,,oracle_corrective,19,1.0,1.0,1.0,1.0,1.0
525,1,,question_only,10,0.0,0.0,0.0,0.0,0.0
525,1,,wrong_answer_conditioned,11,0.0,0.0,0.0,0.0,0.0
525,1,186,shuffled_wrong_answer_control,13,0.0,0.0,0.0,0.0,0.0
525,1,,oracle_corrective,12,0.5,0.0,1.0,1.0,0.6309297535714575
525,2,,question_only,10,0.0,0.0,0.0,0.0,0.0
525,2,,wrong_answer_conditioned,11,0.0,0.0,0.0,0.0,0.0
525,2,13,shuffled_wrong_answer_control,13,0.0,0.0,0.0,0.0,0.0
525,2,,oracle_corrective,12,0.5,0.0,1.0,1.0,0.6309297535714575
525,3,,question_only,10,0.0,0.0,0.0,0.0,0.0
525,3,,wrong_answer_conditioned,11,0.0,0.0,0.0,0.0,0.0
525,3,541,shuffled_wrong_answer_control,11,0.0,0.0,0.0,0.0,0.0
525,3,,oracle_corrective,12,0.5,0.0,1.0,1.0,0.6309297535714575
526,1,,question_only,9,1.0,1.0,1.0,1.0,1.0
526,1,,wrong_answer_conditioned,10,1.0,1.0,1.0,1.0,1.0
526,1,124,shuffled_wrong_answer_control,11,1.0,1.0,1.0,1.0,1.0
526,1,,oracle_corrective,11,1.0,1.0,1.0,1.0,1.0
526,2,,question_only,9,1.0,1.0,1.0,1.0,1.0
526,2,,wrong_answer_conditioned,10,1.0,1.0,1.0,1.0,1.0
526,2,629,shuffled_wrong_answer_control,10,1.0,1.0,1.0,1.0,1.0
526,2,,oracle_corrective,11,1.0,1.0,1.0,1.0,1.0
526,3,,question_only,9,1.0,1.0,1.0,1.0,1.0
526,3,,wrong_answer_conditioned,10,1.0,1.0,1.0,1.0,1.0
526,3,175,shuffled_wrong_answer_control,10,1.0,1.0,1.0,1.0,1.0
526,3,,oracle_corrective,11,1.0,1.0,1.0,1.0,1.0
527,1,,question_only,8,1.0,1.0,1.0,1.0,1.0
527,1,,wrong_answer_conditioned,9,1.0,1.0,1.0,1.0,1.0
527,1,232,shuffled_wrong_answer_control,9,1.0,1.0,1.0,1.0,1.0
527,1,,oracle_corrective,10,1.0,1.0,1.0,1.0,1.0
527,2,,question_only,8,1.0,1.0,1.0,1.0,1.0
527,2,,wrong_answer_conditioned,9,1.0,1.0,1.0,1.0,1.0
527,2,396,shuffled_wrong_answer_control,9,1.0,1.0,1.0,1.0,1.0
527,2,,oracle_corrective,10,1.0,1.0,1.0,1.0,1.0
527,3,,question_only,8,1.0,1.0,1.0,1.0,1.0
527,3,,wrong_answer_conditioned,9,1.0,1.0,1.0,1.0,1.0
527,3,51,shuffled_wrong_answer_control,10,1.0,1.0,1.0,1.0,1.0
527,3,,oracle_corrective,10,1.0,1.0,1.0,1.0,1.0
528,1,,question_only,15,1.0,1.0,1.0,1.0,1.0
528,1,,wrong_answer_conditioned,16,1.0,1.0,1.0,1.0,1.0
528,1,400,shuffled_wrong_answer_control,16,1.0,1.0,1.0,1.0,1.0
528,1,,oracle_corrective,17,1.0,1.0,1.0,1.0,1.0
528,2,,question_only,15,1.0,1.0,1.0,1.0,1.0
528,2,,wrong_answer_conditioned,16,1.0,1.0,1.0,1.0,1.0
528,2,644,shuffled_wrong_answer_control,16,1.0,1.0,1.0,1.0,1.0
528,2,,oracle_corrective,17,1.0,1.0,1.0,1.0,1.0
528,3,,question_only,15,1.0,1.0,1.0,1.0,1.0
528,3,,wrong_answer_conditioned,16,1.0,1.0,1.0,1.0,1.0
528,3,116,shuffled_wrong_answer_control,17,1.0,1.0,1.0,1.0,1.0
528,3,,oracle_corrective,17,1.0,1.0,1.0,1.0,1.0
529,1,,question_only,7,1.0,1.0,1.0,1.0,1.0
529,1,,wrong_answer_conditioned,10,1.0,1.0,1.0,1.0,1.0
529,1,358,shuffled_wrong_answer_control,9,1.0,1.0,1.0,1.0,1.0
529,1,,oracle_corrective,13,1.0,1.0,1.0,1.0,1.0
529,2,,question_only,7,1.0,1.0,1.0,1.0,1.0
529,2,,wrong_answer_conditioned,9,1.0,1.0,1.0,1.0,1.0
529,2,1,shuffled_wrong_answer_control,8,1.0,1.0,1.0,1.0,1.0
529,2,,oracle_corrective,12,1.0,1.0,1.0,1.0,1.0
529,3,,question_only,7,1.0,1.0,1.0,1.0,1.0
529,3,,wrong_answer_conditioned,9,1.0,1.0,1.0,1.0,1.0
529,3,524,shuffled_wrong_answer_control,13,1.0,1.0,1.0,1.0,1.0
529,3,,oracle_corrective,12,1.0,1.0,1.0,1.0,1.0
530,1,,question_only,17,1.0,1.0,1.0,1.0,1.0
530,1,,wrong_answer_conditioned,18,1.0,1.0,1.0,1.0,1.0
530,1,88,shuffled_wrong_answer_control,18,1.0,1.0,1.0,1.0,1.0
530,1,,oracle_corrective,19,1.0,1.0,1.0,1.0,1.0
530,2,,question_only,17,1.0,1.0,1.0,1.0,1.0
530,2,,wrong_answer_conditioned,18,1.0,1.0,1.0,1.0,1.0
530,2,763,shuffled_wrong_answer_control,18,1.0,1.0,1.0,1.0,1.0
530,2,,oracle_corrective,19,1.0,1.0,1.0,1.0,1.0
530,3,,question_only,17,1.0,1.0,1.0,1.0,1.0
530,3,,wrong_answer_conditioned,18,1.0,1.0,1.0,1.0,1.0
530,3,355,shuffled_wrong_answer_control,18,1.0,1.0,1.0,1.0,1.0
530,3,,oracle_corrective,19,1.0,1.0,1.0,1.0,1.0
531,1,,question_only,12,1.0,1.0,1.0,1.0,1.0
531,1,,wrong_answer_conditioned,13,1.0,1.0,1.0,1.0,1.0
531,1,639,shuffled_wrong_answer_control,13,1.0,1.0,1.0,1.0,1.0
531,1,,oracle_corrective,14,1.0,1.0,1.0,1.0,1.0
531,2,,question_only,12,1.0,1.0,1.0,1.0,1.0
531,2,,wrong_answer_conditioned,13,1.0,1.0,1.0,1.0,1.0
531,2,447,shuffled_wrong_answer_control,13,1.0,1.0,1.0,1.0,1.0
531,2,,oracle_corrective,14,1.0,1.0,1.0,1.0,1.0
531,3,,question_only,12,1.0,1.0,1.0,1.0,1.0
531,3,,wrong_answer_conditioned,13,1.0,1.0,1.0,1.0,1.0
531,3,391,shuffled_wrong_answer_control,13,1.0,1.0,1.0,1.0,1.0
531,3,,oracle_corrective,14,1.0,1.0,1.0,1.0,1.0
532,1,,question_only,21,1.0,1.0,1.0,1.0,1.0
532,1,,wrong_answer_conditioned,22,1.0,1.0,1.0,1.0,1.0
532,1,481,shuffled_wrong_answer_control,22,1.0,1.0,1.0,1.0,1.0
532,1,,oracle_corrective,23,1.0,1.0,1.0,1.0,1.0
532,2,,question_only,21,1.0,1.0,1.0,1.0,1.0
532,2,,wrong_answer_conditioned,22,1.0,1.0,1.0,1.0,1.0
532,2,721,shuffled_wrong_answer_control,22,1.0,1.0,1.0,1.0,1.0
532,2,,oracle_corrective,23,1.0,1.0,1.0,1.0,1.0
532,3,,question_only,21,1.0,1.0,1.0,1.0,1.0
532,3,,wrong_answer_conditioned,22,1.0,1.0,1.0,1.0,1.0
532,3,715,shuffled_wrong_answer_control,22,1.0,1.0,1.0,1.0,1.0
532,3,,oracle_corrective,23,1.0,1.0,1.0,1.0,1.0
533,1,,question_only,18,1.0,1.0,1.0,1.0,1.0
533,1,,wrong_answer_conditioned,19,1.0,1.0,1.0,1.0,1.0
533,1,150,shuffled_wrong_answer_control,19,1.0,1.0,1.0,1.0,1.0
533,1,,oracle_corrective,20,1.0,1.0,1.0,1.0,1.0
533,2,,question_only,18,1.0,1.0,1.0,1.0,1.0
533,2,,wrong_answer_conditioned,19,1.0,1.0,1.0,1.0,1.0
533,2,837,shuffled_wrong_answer_control,20,1.0,1.0,1.0,1.0,1.0
533,2,,oracle_corrective,20,1.0,1.0,1.0,1.0,1.0
533,3,,question_only,18,1.0,1.0,1.0,1.0,1.0
533,3,,wrong_answer_conditioned,19,1.0,1.0,1.0,1.0,1.0
533,3,12,shuffled_wrong_answer_control,19,1.0,1.0,1.0,1.0,1.0
533,3,,oracle_corrective,20,1.0,1.0,1.0,1.0,1.0
534,1,,question_only,17,1.0,1.0,1.0,1.0,1.0
534,1,,wrong_answer_conditioned,18,1.0,1.0,1.0,1.0,1.0
534,1,396,shuffled_wrong_answer_control,18,1.0,1.0,1.0,1.0,1.0
534,1,,oracle_corrective,19,1.0,1.0,1.0,1.0,1.0
534,2,,question_only,17,1.0,1.0,1.0,1.0,1.0
534,2,,wrong_answer_conditioned,18,1.0,1.0,1.0,1.0,1.0
534,2,288,shuffled_wrong_answer_control,19,1.0,1.0,1.0,1.0,1.0
534,2,,oracle_corrective,19,1.0,1.0,1.0,1.0,1.0
534,3,,question_only,17,1.0,1.0,1.0,1.0,1.0
534,3,,wrong_answer_conditioned,18,1.0,1.0,1.0,1.0,1.0
534,3,611,shuffled_wrong_answer_control,18,1.0,1.0,1.0,1.0,1.0
534,3,,oracle_corrective,19,1.0,1.0,1.0,1.0,1.0
535,1,,question_only,13,1.0,1.0,1.0,1.0,1.0
535,1,,wrong_answer_conditioned,14,1.0,1.0,1.0,1.0,1.0
535,1,318,shuffled_wrong_answer_control,14,1.0,1.0,1.0,1.0,1.0
535,1,,oracle_corrective,15,1.0,1.0,1.0,1.0,1.0
535,2,,question_only,13,1.0,1.0,1.0,1.0,1.0
535,2,,wrong_answer_conditioned,14,1.0,1.0,1.0,1.0,1.0
535,2,600,shuffled_wrong_answer_control,14,1.0,1.0,1.0,1.0,1.0
535,2,,oracle_corrective,15,1.0,1.0,1.0,1.0,1.0
535,3,,question_only,13,1.0,1.0,1.0,1.0,1.0
535,3,,wrong_answer_conditioned,14,1.0,1.0,1.0,1.0,1.0
535,3,255,shuffled_wrong_answer_control,15,1.0,1.0,1.0,1.0,1.0
535,3,,oracle_corrective,15,1.0,1.0,1.0,1.0,1.0
536,1,,question_only,16,1.0,1.0,1.0,1.0,1.0
536,1,,wrong_answer_conditioned,17,1.0,1.0,1.0,1.0,1.0
536,1,517,shuffled_wrong_answer_control,17,1.0,1.0,1.0,1.0,1.0
536,1,,oracle_corrective,18,1.0,1.0,1.0,1.0,1.0
536,2,,question_only,16,1.0,1.0,1.0,1.0,1.0
536,2,,wrong_answer_conditioned,17,1.0,1.0,1.0,1.0,1.0
536,2,548,shuffled_wrong_answer_control,17,1.0,1.0,1.0,1.0,1.0
536,2,,oracle_corrective,18,1.0,1.0,1.0,1.0,1.0
536,3,,question_only,16,1.0,1.0,1.0,1.0,1.0
536,3,,wrong_answer_conditioned,17,1.0,1.0,1.0,1.0,1.0
536,3,129,shuffled_wrong_answer_control,17,1.0,1.0,1.0,1.0,1.0
536,3,,oracle_corrective,18,1.0,1.0,1.0,1.0,1.0
537,1,,question_only,7,0.3333333333333333,0.0,1.0,1.0,0.5
537,1,,wrong_answer_conditioned,8,0.5,0.0,1.0,1.0,0.6309297535714575
537,1,660,shuffled_wrong_answer_control,8,0.3333333333333333,0.0,1.0,1.0,0.5
537,1,,oracle_corrective,9,0.5,0.0,1.0,1.0,0.6309297535714575
537,2,,question_only,7,0.3333333333333333,0.0,1.0,1.0,0.5
537,2,,wrong_answer_conditioned,8,1.0,1.0,1.0,1.0,1.0
537,2,577,shuffled_wrong_answer_control,8,0.3333333333333333,0.0,1.0,1.0,0.5
537,2,,oracle_corrective,9,1.0,1.0,1.0,1.0,1.0
537,3,,question_only,7,0.3333333333333333,0.0,1.0,1.0,0.5
537,3,,wrong_answer_conditioned,8,0.3333333333333333,0.0,1.0,1.0,0.5
537,3,433,shuffled_wrong_answer_control,8,0.3333333333333333,0.0,1.0,1.0,0.5
537,3,,oracle_corrective,9,0.5,0.0,1.0,1.0,0.6309297535714575
538,1,,question_only,8,1.0,1.0,1.0,1.0,1.0
538,1,,wrong_answer_conditioned,9,1.0,1.0,1.0,1.0,1.0
538,1,408,shuffled_wrong_answer_control,9,1.0,1.0,1.0,1.0,1.0
538,1,,oracle_corrective,10,1.0,1.0,1.0,1.0,1.0
538,2,,question_only,8,1.0,1.0,1.0,1.0,1.0
538,2,,wrong_answer_conditioned,9,1.0,1.0,1.0,1.0,1.0
538,2,443,shuffled_wrong_answer_control,11,1.0,1.0,1.0,1.0,1.0
538,2,,oracle_corrective,10,1.0,1.0,1.0,1.0,1.0
538,3,,question_only,8,1.0,1.0,1.0,1.0,1.0
538,3,,wrong_answer_conditioned,9,1.0,1.0,1.0,1.0,1.0
538,3,89,shuffled_wrong_answer_control,9,1.0,1.0,1.0,1.0,1.0
538,3,,oracle_corrective,10,1.0,1.0,1.0,1.0,1.0
539,1,,question_only,13,1.0,1.0,1.0,1.0,1.0
539,1,,wrong_answer_conditioned,14,1.0,1.0,1.0,1.0,1.0
539,1,672,shuffled_wrong_answer_control,14,1.0,1.0,1.0,1.0,1.0
539,1,,oracle_corrective,15,1.0,1.0,1.0,1.0,1.0
539,2,,question_only,13,1.0,1.0,1.0,1.0,1.0
539,2,,wrong_answer_conditioned,14,1.0,1.0,1.0,1.0,1.0
539,2,104,shuffled_wrong_answer_control,15,1.0,1.0,1.0,1.0,1.0
539,2,,oracle_corrective,15,1.0,1.0,1.0,1.0,1.0
539,3,,question_only,13,1.0,1.0,1.0,1.0,1.0
539,3,,wrong_answer_conditioned,14,1.0,1.0,1.0,1.0,1.0
539,3,572,shuffled_wrong_answer_control,14,1.0,1.0,1.0,1.0,1.0
539,3,,oracle_corrective,15,1.0,1.0,1.0,1.0,1.0
540,1,,question_only,11,1.0,1.0,1.0,1.0,1.0
540,1,,wrong_answer_conditioned,12,1.0,1.0,1.0,1.0,1.0
540,1,465,shuffled_wrong_answer_control,13,1.0,1.0,1.0,1.0,1.0
540,1,,oracle_corrective,13,1.0,1.0,1.0,1.0,1.0
540,2,,question_only,11,1.0,1.0,1.0,1.0,1.0
540,2,,wrong_answer_conditioned,12,1.0,1.0,1.0,1.0,1.0
540,2,228,shuffled_wrong_answer_control,12,1.0,1.0,1.0,1.0,1.0
540,2,,oracle_corrective,13,1.0,1.0,1.0,1.0,1.0
540,3,,question_only,11,1.0,1.0,1.0,1.0,1.0
540,3,,wrong_answer_conditioned,12,1.0,1.0,1.0,1.0,1.0
540,3,847,shuffled_wrong_answer_control,13,1.0,1.0,1.0,1.0,1.0
540,3,,oracle_corrective,13,1.0,1.0,1.0,1.0,1.0
541,1,,question_only,11,1.0,1.0,1.0,1.0,1.0
541,1,,wrong_answer_conditioned,12,1.0,1.0,1.0,1.0,1.0
541,1,470,shuffled_wrong_answer_control,12,1.0,1.0,1.0,1.0,1.0
541,1,,oracle_corrective,13,1.0,1.0,1.0,1.0,1.0
541,2,,question_only,11,1.0,1.0,1.0,1.0,1.0
541,2,,wrong_answer_conditioned,12,1.0,1.0,1.0,1.0,1.0
541,2,872,shuffled_wrong_answer_control,12,1.0,1.0,1.0,1.0,1.0
541,2,,oracle_corrective,13,1.0,1.0,1.0,1.0,1.0
541,3,,question_only,11,1.0,1.0,1.0,1.0,1.0
541,3,,wrong_answer_conditioned,12,1.0,1.0,1.0,1.0,1.0
541,3,319,shuffled_wrong_answer_control,14,1.0,1.0,1.0,1.0,1.0
541,3,,oracle_corrective,13,1.0,1.0,1.0,1.0,1.0
542,1,,question_only,19,1.0,1.0,1.0,1.0,1.0
542,1,,wrong_answer_conditioned,20,1.0,1.0,1.0,1.0,1.0
542,1,441,shuffled_wrong_answer_control,21,1.0,1.0,1.0,1.0,1.0
542,1,,oracle_corrective,21,1.0,1.0,1.0,1.0,1.0
542,2,,question_only,19,1.0,1.0,1.0,1.0,1.0
542,2,,wrong_answer_conditioned,20,1.0,1.0,1.0,1.0,1.0
542,2,75,shuffled_wrong_answer_control,20,1.0,1.0,1.0,1.0,1.0
542,2,,oracle_corrective,21,1.0,1.0,1.0,1.0,1.0
542,3,,question_only,19,1.0,1.0,1.0,1.0,1.0
542,3,,wrong_answer_conditioned,20,1.0,1.0,1.0,1.0,1.0
542,3,155,shuffled_wrong_answer_control,20,1.0,1.0,1.0,1.0,1.0
542,3,,oracle_corrective,21,1.0,1.0,1.0,1.0,1.0
543,1,,question_only,14,1.0,1.0,1.0,1.0,1.0
543,1,,wrong_answer_conditioned,15,1.0,1.0,1.0,1.0,1.0
543,1,388,shuffled_wrong_answer_control,15,1.0,1.0,1.0,1.0,1.0
543,1,,oracle_corrective,16,1.0,1.0,1.0,1.0,1.0
543,2,,question_only,14,1.0,1.0,1.0,1.0,1.0
543,2,,wrong_answer_conditioned,15,1.0,1.0,1.0,1.0,1.0
543,2,158,shuffled_wrong_answer_control,15,1.0,1.0,1.0,1.0,1.0
543,2,,oracle_corrective,16,1.0,1.0,1.0,1.0,1.0
543,3,,question_only,14,1.0,1.0,1.0,1.0,1.0
543,3,,wrong_answer_conditioned,15,1.0,1.0,1.0,1.0,1.0
543,3,325,shuffled_wrong_answer_control,15,1.0,1.0,1.0,1.0,1.0
543,3,,oracle_corrective,16,1.0,1.0,1.0,1.0,1.0
544,1,,question_only,8,1.0,1.0,1.0,1.0,1.0
544,1,,wrong_answer_conditioned,9,1.0,1.0,1.0,1.0,1.0
544,1,17,shuffled_wrong_answer_control,9,1.0,1.0,1.0,1.0,1.0
544,1,,oracle_corrective,10,1.0,1.0,1.0,1.0,1.0
544,2,,question_only,8,1.0,1.0,1.0,1.0,1.0
544,2,,wrong_answer_conditioned,11,1.0,1.0,1.0,1.0,1.0
544,2,23,shuffled_wrong_answer_control,9,1.0,1.0,1.0,1.0,1.0
544,2,,oracle_corrective,12,1.0,1.0,1.0,1.0,1.0
544,3,,question_only,8,1.0,1.0,1.0,1.0,1.0
544,3,,wrong_answer_conditioned,9,1.0,1.0,1.0,1.0,1.0
544,3,614,shuffled_wrong_answer_control,9,1.0,1.0,1.0,1.0,1.0
544,3,,oracle_corrective,10,1.0,1.0,1.0,1.0,1.0
545,1,,question_only,9,1.0,1.0,1.0,1.0,1.0
545,1,,wrong_answer_conditioned,10,1.0,1.0,1.0,1.0,1.0
545,1,93,shuffled_wrong_answer_control,10,1.0,1.0,1.0,1.0,1.0
545,1,,oracle_corrective,11,1.0,1.0,1.0,1.0,1.0
545,2,,question_only,9,1.0,1.0,1.0,1.0,1.0
545,2,,wrong_answer_conditioned,10,1.0,1.0,1.0,1.0,1.0
545,2,484,shuffled_wrong_answer_control,10,1.0,1.0,1.0,1.0,1.0
545,2,,oracle_corrective,11,1.0,1.0,1.0,1.0,1.0
545,3,,question_only,9,1.0,1.0,1.0,1.0,1.0
545,3,,wrong_answer_conditioned,10,1.0,1.0,1.0,1.0,1.0
545,3,797,shuffled_wrong_answer_control,10,1.0,1.0,1.0,1.0,1.0
545,3,,oracle_corrective,11,1.0,1.0,1.0,1.0,1.0
546,1,,question_only,4,0.0,0.0,0.0,0.0,0.0
546,1,,wrong_answer_conditioned,6,0.0,0.0,0.0,0.0,0.0
546,1,487,shuffled_wrong_answer_control,5,0.0,0.0,0.0,0.0,0.0
546,1,,oracle_corrective,8,0.5,0.0,1.0,1.0,0.6309297535714575
546,2,,question_only,4,0.0,0.0,0.0,0.0,0.0
546,2,,wrong_answer_conditioned,6,0.0,0.0,0.0,0.0,0.0
546,2,395,shuffled_wrong_answer_control,5,0.0,0.0,0.0,0.0,0.0
546,2,,oracle_corrective,8,0.25,0.0,0.0,1.0,0.43067655807339306
546,3,,question_only,4,0.0,0.0,0.0,0.0,0.0
546,3,,wrong_answer_conditioned,6,0.0,0.0,0.0,0.0,0.0
546,3,740,shuffled_wrong_answer_control,5,0.0,0.0,0.0,0.0,0.0
546,3,,oracle_corrective,8,0.25,0.0,0.0,1.0,0.43067655807339306
547,1,,question_only,7,1.0,1.0,1.0,1.0,1.0
547,1,,wrong_answer_conditioned,8,1.0,1.0,1.0,1.0,1.0
547,1,333,shuffled_wrong_answer_control,8,1.0,1.0,1.0,1.0,1.0
547,1,,oracle_corrective,9,1.0,1.0,1.0,1.0,1.0
547,2,,question_only,7,1.0,1.0,1.0,1.0,1.0
547,2,,wrong_answer_conditioned,8,1.0,1.0,1.0,1.0,1.0
547,2,530,shuffled_wrong_answer_control,8,1.0,1.0,1.0,1.0,1.0
547,2,,oracle_corrective,9,1.0,1.0,1.0,1.0,1.0
547,3,,question_only,7,1.0,1.0,1.0,1.0,1.0
547,3,,wrong_answer_conditioned,8,1.0,1.0,1.0,1.0,1.0
547,3,241,shuffled_wrong_answer_control,8,1.0,1.0,1.0,1.0,1.0
547,3,,oracle_corrective,9,1.0,1.0,1.0,1.0,1.0
548,1,,question_only,11,1.0,1.0,1.0,1.0,1.0
548,1,,wrong_answer_conditioned,12,1.0,1.0,1.0,1.0,1.0
548,1,558,shuffled_wrong_answer_control,12,1.0,1.0,1.0,1.0,1.0
548,1,,oracle_corrective,13,1.0,1.0,1.0,1.0,1.0
548,2,,question_only,11,1.0,1.0,1.0,1.0,1.0
548,2,,wrong_answer_conditioned,12,1.0,1.0,1.0,1.0,1.0
548,2,182,shuffled_wrong_answer_control,14,1.0,1.0,1.0,1.0,1.0
548,2,,oracle_corrective,13,1.0,1.0,1.0,1.0,1.0
548,3,,question_only,11,1.0,1.0,1.0,1.0,1.0
548,3,,wrong_answer_conditioned,12,1.0,1.0,1.0,1.0,1.0
548,3,220,shuffled_wrong_answer_control,13,1.0,1.0,1.0,1.0,1.0
548,3,,oracle_corrective,13,1.0,1.0,1.0,1.0,1.0
549,1,,question_only,15,1.0,1.0,1.0,1.0,1.0
549,1,,wrong_answer_conditioned,16,1.0,1.0,1.0,1.0,1.0
549,1,307,shuffled_wrong_answer_control,17,1.0,1.0,1.0,1.0,1.0
549,1,,oracle_corrective,17,1.0,1.0,1.0,1.0,1.0
549,2,,question_only,15,1.0,1.0,1.0,1.0,1.0
549,2,,wrong_answer_conditioned,16,1.0,1.0,1.0,1.0,1.0
549,2,511,shuffled_wrong_answer_control,17,1.0,1.0,1.0,1.0,1.0
549,2,,oracle_corrective,17,1.0,1.0,1.0,1.0,1.0
549,3,,question_only,15,1.0,1.0,1.0,1.0,1.0
549,3,,wrong_answer_conditioned,16,1.0,1.0,1.0,1.0,1.0
549,3,79,shuffled_wrong_answer_control,16,1.0,1.0,1.0,1.0,1.0
549,3,,oracle_corrective,17,1.0,1.0,1.0,1.0,1.0
550,1,,question_only,9,1.0,1.0,1.0,1.0,1.0
550,1,,wrong_answer_conditioned,10,1.0,1.0,1.0,1.0,1.0
550,1,860,shuffled_wrong_answer_control,10,1.0,1.0,1.0,1.0,1.0
550,1,,oracle_corrective,11,1.0,1.0,1.0,1.0,1.0
550,2,,question_only,9,1.0,1.0,1.0,1.0,1.0
550,2,,wrong_answer_conditioned,10,1.0,1.0,1.0,1.0,1.0
550,2,762,shuffled_wrong_answer_control,10,1.0,1.0,1.0,1.0,1.0
550,2,,oracle_corrective,11,1.0,1.0,1.0,1.0,1.0
550,3,,question_only,9,1.0,1.0,1.0,1.0,1.0
550,3,,wrong_answer_conditioned,10,1.0,1.0,1.0,1.0,1.0
550,3,0,shuffled_wrong_answer_control,10,1.0,1.0,1.0,1.0,1.0
550,3,,oracle_corrective,11,1.0,1.0,1.0,1.0,1.0
551,1,,question_only,7,1.0,1.0,1.0,1.0,1.0
551,1,,wrong_answer_conditioned,8,1.0,1.0,1.0,1.0,1.0
551,1,201,shuffled_wrong_answer_control,9,0.5,0.0,1.0,1.0,0.6309297535714575
551,1,,oracle_corrective,9,1.0,1.0,1.0,1.0,1.0
551,2,,question_only,7,1.0,1.0,1.0,1.0,1.0
551,2,,wrong_answer_conditioned,8,1.0,1.0,1.0,1.0,1.0
551,2,463,shuffled_wrong_answer_control,8,1.0,1.0,1.0,1.0,1.0
551,2,,oracle_corrective,9,1.0,1.0,1.0,1.0,1.0
551,3,,question_only,7,1.0,1.0,1.0,1.0,1.0
551,3,,wrong_answer_conditioned,8,1.0,1.0,1.0,1.0,1.0
551,3,346,shuffled_wrong_answer_control,8,1.0,1.0,1.0,1.0,1.0
551,3,,oracle_corrective,9,1.0,1.0,1.0,1.0,1.0
552,1,,question_only,25,1.0,1.0,1.0,1.0,1.0
552,1,,wrong_answer_conditioned,28,1.0,1.0,1.0,1.0,1.0
552,1,745,shuffled_wrong_answer_control,26,1.0,1.0,1.0,1.0,1.0
552,1,,oracle_corrective,31,1.0,1.0,1.0,1.0,1.0
552,2,,question_only,25,1.0,1.0,1.0,1.0,1.0
552,2,,wrong_answer_conditioned,27,1.0,1.0,1.0,1.0,1.0
552,2,697,shuffled_wrong_answer_control,26,1.0,1.0,1.0,1.0,1.0
552,2,,oracle_corrective,30,1.0,1.0,1.0,1.0,1.0
552,3,,question_only,25,1.0,1.0,1.0,1.0,1.0
552,3,,wrong_answer_conditioned,27,1.0,1.0,1.0,1.0,1.0
552,3,458,shuffled_wrong_answer_control,26,1.0,1.0,1.0,1.0,1.0
552,3,,oracle_corrective,30,1.0,1.0,1.0,1.0,1.0
553,1,,question_only,10,1.0,1.0,1.0,1.0,1.0
553,1,,wrong_answer_conditioned,11,1.0,1.0,1.0,1.0,1.0
553,1,199,shuffled_wrong_answer_control,12,1.0,1.0,1.0,1.0,1.0
553,1,,oracle_corrective,12,1.0,1.0,1.0,1.0,1.0
553,2,,question_only,10,1.0,1.0,1.0,1.0,1.0
553,2,,wrong_answer_conditioned,11,1.0,1.0,1.0,1.0,1.0
553,2,246,shuffled_wrong_answer_control,11,1.0,1.0,1.0,1.0,1.0
553,2,,oracle_corrective,12,1.0,1.0,1.0,1.0,1.0
553,3,,question_only,10,1.0,1.0,1.0,1.0,1.0
553,3,,wrong_answer_conditioned,11,1.0,1.0,1.0,1.0,1.0
553,3,380,shuffled_wrong_answer_control,11,1.0,1.0,1.0,1.0,1.0
553,3,,oracle_corrective,12,1.0,1.0,1.0,1.0,1.0
554,1,,question_only,8,1.0,1.0,1.0,1.0,1.0
554,1,,wrong_answer_conditioned,11,1.0,1.0,1.0,1.0,1.0
554,1,361,shuffled_wrong_answer_control,9,1.0,1.0,1.0,1.0,1.0
554,1,,oracle_corrective,14,1.0,1.0,1.0,1.0,1.0
554,2,,question_only,8,1.0,1.0,1.0,1.0,1.0
554,2,,wrong_answer_conditioned,9,1.0,1.0,1.0,1.0,1.0
554,2,325,shuffled_wrong_answer_control,9,1.0,1.0,1.0,1.0,1.0
554,2,,oracle_corrective,12,1.0,1.0,1.0,1.0,1.0
554,3,,question_only,8,1.0,1.0,1.0,1.0,1.0
554,3,,wrong_answer_conditioned,9,1.0,1.0,1.0,1.0,1.0
554,3,252,shuffled_wrong_answer_control,9,1.0,1.0,1.0,1.0,1.0
554,3,,oracle_corrective,12,1.0,1.0,1.0,1.0,1.0
555,1,,question_only,21,1.0,1.0,1.0,1.0,1.0
555,1,,wrong_answer_conditioned,23,1.0,1.0,1.0,1.0,1.0
555,1,41,shuffled_wrong_answer_control,23,1.0,1.0,1.0,1.0,1.0
555,1,,oracle_corrective,26,1.0,1.0,1.0,1.0,1.0
555,2,,question_only,21,1.0,1.0,1.0,1.0,1.0
555,2,,wrong_answer_conditioned,23,1.0,1.0,1.0,1.0,1.0
555,2,828,shuffled_wrong_answer_control,22,1.0,1.0,1.0,1.0,1.0
555,2,,oracle_corrective,26,1.0,1.0,1.0,1.0,1.0
555,3,,question_only,21,1.0,1.0,1.0,1.0,1.0
555,3,,wrong_answer_conditioned,23,1.0,1.0,1.0,1.0,1.0
555,3,644,shuffled_wrong_answer_control,22,1.0,1.0,1.0,1.0,1.0
555,3,,oracle_corrective,26,1.0,1.0,1.0,1.0,1.0
556,1,,question_only,11,1.0,1.0,1.0,1.0,1.0
556,1,,wrong_answer_conditioned,12,1.0,1.0,1.0,1.0,1.0
556,1,619,shuffled_wrong_answer_control,12,1.0,1.0,1.0,1.0,1.0
556,1,,oracle_corrective,13,1.0,1.0,1.0,1.0,1.0
556,2,,question_only,11,1.0,1.0,1.0,1.0,1.0
556,2,,wrong_answer_conditioned,12,1.0,1.0,1.0,1.0,1.0
556,2,795,shuffled_wrong_answer_control,13,1.0,1.0,1.0,1.0,1.0
556,2,,oracle_corrective,13,1.0,1.0,1.0,1.0,1.0
556,3,,question_only,11,1.0,1.0,1.0,1.0,1.0
556,3,,wrong_answer_conditioned,12,1.0,1.0,1.0,1.0,1.0
556,3,324,shuffled_wrong_answer_control,13,1.0,1.0,1.0,1.0,1.0
556,3,,oracle_corrective,13,1.0,1.0,1.0,1.0,1.0
557,1,,question_only,9,1.0,1.0,1.0,1.0,1.0
557,1,,wrong_answer_conditioned,11,1.0,1.0,1.0,1.0,1.0
557,1,472,shuffled_wrong_answer_control,10,1.0,1.0,1.0,1.0,1.0
557,1,,oracle_corrective,12,1.0,1.0,1.0,1.0,1.0
557,2,,question_only,9,1.0,1.0,1.0,1.0,1.0
557,2,,wrong_answer_conditioned,10,1.0,1.0,1.0,1.0,1.0
557,2,300,shuffled_wrong_answer_control,11,1.0,1.0,1.0,1.0,1.0
557,2,,oracle_corrective,11,1.0,1.0,1.0,1.0,1.0
557,3,,question_only,9,1.0,1.0,1.0,1.0,1.0
557,3,,wrong_answer_conditioned,10,1.0,1.0,1.0,1.0,1.0
557,3,173,shuffled_wrong_answer_control,10,1.0,1.0,1.0,1.0,1.0
557,3,,oracle_corrective,11,1.0,1.0,1.0,1.0,1.0
558,1,,question_only,7,0.5,0.0,1.0,1.0,0.6309297535714575
558,1,,wrong_answer_conditioned,8,0.5,0.0,1.0,1.0,0.6309297535714575
558,1,213,shuffled_wrong_answer_control,8,0.5,0.0,1.0,1.0,0.6309297535714575
558,1,,oracle_corrective,9,1.0,1.0,1.0,1.0,1.0
558,2,,question_only,7,0.5,0.0,1.0,1.0,0.6309297535714575
558,2,,wrong_answer_conditioned,8,0.5,0.0,1.0,1.0,0.6309297535714575
558,2,234,shuffled_wrong_answer_control,8,0.5,0.0,1.0,1.0,0.6309297535714575
558,2,,oracle_corrective,9,1.0,1.0,1.0,1.0,1.0
558,3,,question_only,7,0.5,0.0,1.0,1.0,0.6309297535714575
558,3,,wrong_answer_conditioned,8,0.5,0.0,1.0,1.0,0.6309297535714575
558,3,752,shuffled_wrong_answer_control,10,0.5,0.0,1.0,1.0,0.6309297535714575
558,3,,oracle_corrective,9,1.0,1.0,1.0,1.0,1.0
559,1,,question_only,15,1.0,1.0,1.0,1.0,1.0
559,1,,wrong_answer_conditioned,16,1.0,1.0,1.0,1.0,1.0
559,1,812,shuffled_wrong_answer_control,16,1.0,1.0,1.0,1.0,1.0
559,1,,oracle_corrective,18,1.0,1.0,1.0,1.0,1.0
559,2,,question_only,15,1.0,1.0,1.0,1.0,1.0
559,2,,wrong_answer_conditioned,17,1.0,1.0,1.0,1.0,1.0
559,2,138,shuffled_wrong_answer_control,18,1.0,1.0,1.0,1.0,1.0
559,2,,oracle_corrective,19,1.0,1.0,1.0,1.0,1.0
559,3,,question_only,15,1.0,1.0,1.0,1.0,1.0
559,3,,wrong_answer_conditioned,16,1.0,1.0,1.0,1.0,1.0
559,3,343,shuffled_wrong_answer_control,18,1.0,1.0,1.0,1.0,1.0
559,3,,oracle_corrective,18,1.0,1.0,1.0,1.0,1.0
560,1,,question_only,11,1.0,1.0,1.0,1.0,1.0
560,1,,wrong_answer_conditioned,12,1.0,1.0,1.0,1.0,1.0
560,1,301,shuffled_wrong_answer_control,13,1.0,1.0,1.0,1.0,1.0
560,1,,oracle_corrective,13,1.0,1.0,1.0,1.0,1.0
560,2,,question_only,11,1.0,1.0,1.0,1.0,1.0
560,2,,wrong_answer_conditioned,12,1.0,1.0,1.0,1.0,1.0
560,2,256,shuffled_wrong_answer_control,12,1.0,1.0,1.0,1.0,1.0
560,2,,oracle_corrective,13,1.0,1.0,1.0,1.0,1.0
560,3,,question_only,11,1.0,1.0,1.0,1.0,1.0
560,3,,wrong_answer_conditioned,12,1.0,1.0,1.0,1.0,1.0
560,3,225,shuffled_wrong_answer_control,13,1.0,1.0,1.0,1.0,1.0
560,3,,oracle_corrective,13,1.0,1.0,1.0,1.0,1.0
561,1,,question_only,14,1.0,1.0,1.0,1.0,1.0
561,1,,wrong_answer_conditioned,15,1.0,1.0,1.0,1.0,1.0
561,1,838,shuffled_wrong_answer_control,15,1.0,1.0,1.0,1.0,1.0
561,1,,oracle_corrective,16,1.0,1.0,1.0,1.0,1.0
561,2,,question_only,14,1.0,1.0,1.0,1.0,1.0
561,2,,wrong_answer_conditioned,15,1.0,1.0,1.0,1.0,1.0
561,2,785,shuffled_wrong_answer_control,15,1.0,1.0,1.0,1.0,1.0
561,2,,oracle_corrective,16,1.0,1.0,1.0,1.0,1.0
561,3,,question_only,14,1.0,1.0,1.0,1.0,1.0
561,3,,wrong_answer_conditioned,15,1.0,1.0,1.0,1.0,1.0
561,3,229,shuffled_wrong_answer_control,15,1.0,1.0,1.0,1.0,1.0
561,3,,oracle_corrective,16,1.0,1.0,1.0,1.0,1.0
562,1,,question_only,6,1.0,1.0,1.0,1.0,1.0
562,1,,wrong_answer_conditioned,8,1.0,1.0,1.0,1.0,1.0
562,1,520,shuffled_wrong_answer_control,7,1.0,1.0,1.0,1.0,1.0
562,1,,oracle_corrective,10,1.0,1.0,1.0,1.0,1.0
562,2,,question_only,6,1.0,1.0,1.0,1.0,1.0
562,2,,wrong_answer_conditioned,8,1.0,1.0,1.0,1.0,1.0
562,2,416,shuffled_wrong_answer_control,7,1.0,1.0,1.0,1.0,1.0
562,2,,oracle_corrective,10,1.0,1.0,1.0,1.0,1.0
562,3,,question_only,6,1.0,1.0,1.0,1.0,1.0
562,3,,wrong_answer_conditioned,8,1.0,1.0,1.0,1.0,1.0
562,3,23,shuffled_wrong_answer_control,8,1.0,1.0,1.0,1.0,1.0
562,3,,oracle_corrective,10,1.0,1.0,1.0,1.0,1.0
563,1,,question_only,21,1.0,1.0,1.0,1.0,1.0
563,1,,wrong_answer_conditioned,22,1.0,1.0,1.0,1.0,1.0
563,1,146,shuffled_wrong_answer_control,24,1.0,1.0,1.0,1.0,1.0
563,1,,oracle_corrective,23,1.0,1.0,1.0,1.0,1.0
563,2,,question_only,21,1.0,1.0,1.0,1.0,1.0
563,2,,wrong_answer_conditioned,22,1.0,1.0,1.0,1.0,1.0
563,2,669,shuffled_wrong_answer_control,23,1.0,1.0,1.0,1.0,1.0
563,2,,oracle_corrective,23,1.0,1.0,1.0,1.0,1.0
563,3,,question_only,21,1.0,1.0,1.0,1.0,1.0
563,3,,wrong_answer_conditioned,22,1.0,1.0,1.0,1.0,1.0
563,3,507,shuffled_wrong_answer_control,22,1.0,1.0,1.0,1.0,1.0
563,3,,oracle_corrective,23,1.0,1.0,1.0,1.0,1.0
564,1,,question_only,14,1.0,1.0,1.0,1.0,1.0
564,1,,wrong_answer_conditioned,15,1.0,1.0,1.0,1.0,1.0
564,1,790,shuffled_wrong_answer_control,15,1.0,1.0,1.0,1.0,1.0
564,1,,oracle_corrective,17,1.0,1.0,1.0,1.0,1.0
564,2,,question_only,14,1.0,1.0,1.0,1.0,1.0
564,2,,wrong_answer_conditioned,16,1.0,1.0,1.0,1.0,1.0
564,2,389,shuffled_wrong_answer_control,15,1.0,1.0,1.0,1.0,1.0
564,2,,oracle_corrective,18,1.0,1.0,1.0,1.0,1.0
564,3,,question_only,14,1.0,1.0,1.0,1.0,1.0
564,3,,wrong_answer_conditioned,15,1.0,1.0,1.0,1.0,1.0
564,3,404,shuffled_wrong_answer_control,16,1.0,1.0,1.0,1.0,1.0
564,3,,oracle_corrective,17,1.0,1.0,1.0,1.0,1.0
565,1,,question_only,10,1.0,1.0,1.0,1.0,1.0
565,1,,wrong_answer_conditioned,11,1.0,1.0,1.0,1.0,1.0
565,1,11,shuffled_wrong_answer_control,11,1.0,1.0,1.0,1.0,1.0
565,1,,oracle_corrective,12,1.0,1.0,1.0,1.0,1.0
565,2,,question_only,10,1.0,1.0,1.0,1.0,1.0
565,2,,wrong_answer_conditioned,11,1.0,1.0,1.0,1.0,1.0
565,2,516,shuffled_wrong_answer_control,11,1.0,1.0,1.0,1.0,1.0
565,2,,oracle_corrective,12,1.0,1.0,1.0,1.0,1.0
565,3,,question_only,10,1.0,1.0,1.0,1.0,1.0
565,3,,wrong_answer_conditioned,11,1.0,1.0,1.0,1.0,1.0
565,3,253,shuffled_wrong_answer_control,12,1.0,1.0,1.0,1.0,1.0
565,3,,oracle_corrective,12,1.0,1.0,1.0,1.0,1.0
566,1,,question_only,11,0.0,0.0,0.0,0.0,0.0
566,1,,wrong_answer_conditioned,12,0.3333333333333333,0.0,1.0,1.0,0.5
566,1,319,shuffled_wrong_answer_control,14,0.0,0.0,0.0,0.0,0.0
566,1,,oracle_corrective,13,1.0,1.0,1.0,1.0,1.0
566,2,,question_only,11,0.0,0.0,0.0,0.0,0.0
566,2,,wrong_answer_conditioned,12,0.0,0.0,0.0,0.0,0.0
566,2,766,shuffled_wrong_answer_control,13,0.0,0.0,0.0,0.0,0.0
566,2,,oracle_corrective,13,1.0,1.0,1.0,1.0,1.0
566,3,,question_only,11,0.0,0.0,0.0,0.0,0.0
566,3,,wrong_answer_conditioned,12,0.0,0.0,0.0,0.0,0.0
566,3,223,shuffled_wrong_answer_control,12,0.0,0.0,0.0,0.0,0.0
566,3,,oracle_corrective,13,1.0,1.0,1.0,1.0,1.0
567,1,,question_only,11,0.5,0.0,1.0,1.0,0.6309297535714575
567,1,,wrong_answer_conditioned,13,0.5,0.0,1.0,1.0,0.6309297535714575
567,1,537,shuffled_wrong_answer_control,12,0.5,0.0,1.0,1.0,0.6309297535714575
567,1,,oracle_corrective,15,1.0,1.0,1.0,1.0,1.0
567,2,,question_only,11,0.5,0.0,1.0,1.0,0.6309297535714575
567,2,,wrong_answer_conditioned,13,0.5,0.0,1.0,1.0,0.6309297535714575
567,2,194,shuffled_wrong_answer_control,12,0.5,0.0,1.0,1.0,0.6309297535714575
567,2,,oracle_corrective,15,1.0,1.0,1.0,1.0,1.0
567,3,,question_only,11,0.5,0.0,1.0,1.0,0.6309297535714575
567,3,,wrong_answer_conditioned,14,0.5,0.0,1.0,1.0,0.6309297535714575
567,3,203,shuffled_wrong_answer_control,12,0.5,0.0,1.0,1.0,0.6309297535714575
567,3,,oracle_corrective,16,1.0,1.0,1.0,1.0,1.0
568,1,,question_only,12,1.0,1.0,1.0,1.0,1.0
568,1,,wrong_answer_conditioned,15,1.0,1.0,1.0,1.0,1.0
568,1,229,shuffled_wrong_answer_control,13,1.0,1.0,1.0,1.0,1.0
568,1,,oracle_corrective,18,1.0,1.0,1.0,1.0,1.0
568,2,,question_only,12,1.0,1.0,1.0,1.0,1.0
568,2,,wrong_answer_conditioned,14,1.0,1.0,1.0,1.0,1.0
568,2,232,shuffled_wrong_answer_control,13,1.0,1.0,1.0,1.0,1.0
568,2,,oracle_corrective,17,1.0,1.0,1.0,1.0,1.0
568,3,,question_only,12,1.0,1.0,1.0,1.0,1.0
568,3,,wrong_answer_conditioned,15,1.0,1.0,1.0,1.0,1.0
568,3,110,shuffled_wrong_answer_control,14,1.0,1.0,1.0,1.0,1.0
568,3,,oracle_corrective,18,1.0,1.0,1.0,1.0,1.0
569,1,,question_only,13,1.0,1.0,1.0,1.0,1.0
569,1,,wrong_answer_conditioned,14,1.0,1.0,1.0,1.0,1.0
569,1,840,shuffled_wrong_answer_control,15,1.0,1.0,1.0,1.0,1.0
569,1,,oracle_corrective,15,1.0,1.0,1.0,1.0,1.0
569,2,,question_only,13,1.0,1.0,1.0,1.0,1.0
569,2,,wrong_answer_conditioned,14,1.0,1.0,1.0,1.0,1.0
569,2,686,shuffled_wrong_answer_control,17,1.0,1.0,1.0,1.0,1.0
569,2,,oracle_corrective,15,0.5,0.0,1.0,1.0,0.6309297535714575
569,3,,question_only,13,1.0,1.0,1.0,1.0,1.0
569,3,,wrong_answer_conditioned,14,1.0,1.0,1.0,1.0,1.0
569,3,750,shuffled_wrong_answer_control,15,1.0,1.0,1.0,1.0,1.0
569,3,,oracle_corrective,15,0.5,0.0,1.0,1.0,0.6309297535714575
570,1,,question_only,11,1.0,1.0,1.0,1.0,1.0
570,1,,wrong_answer_conditioned,15,1.0,1.0,1.0,1.0,1.0
570,1,736,shuffled_wrong_answer_control,13,1.0,1.0,1.0,1.0,1.0
570,1,,oracle_corrective,19,1.0,1.0,1.0,1.0,1.0
570,2,,question_only,11,1.0,1.0,1.0,1.0,1.0
570,2,,wrong_answer_conditioned,14,1.0,1.0,1.0,1.0,1.0
570,2,832,shuffled_wrong_answer_control,12,1.0,1.0,1.0,1.0,1.0
570,2,,oracle_corrective,18,1.0,1.0,1.0,1.0,1.0
570,3,,question_only,11,1.0,1.0,1.0,1.0,1.0
570,3,,wrong_answer_conditioned,15,1.0,1.0,1.0,1.0,1.0
570,3,67,shuffled_wrong_answer_control,12,1.0,1.0,1.0,1.0,1.0
570,3,,oracle_corrective,19,1.0,1.0,1.0,1.0,1.0
571,1,,question_only,10,1.0,1.0,1.0,1.0,1.0
571,1,,wrong_answer_conditioned,11,1.0,1.0,1.0,1.0,1.0
571,1,141,shuffled_wrong_answer_control,11,1.0,1.0,1.0,1.0,1.0
571,1,,oracle_corrective,12,1.0,1.0,1.0,1.0,1.0
571,2,,question_only,10,1.0,1.0,1.0,1.0,1.0
571,2,,wrong_answer_conditioned,11,1.0,1.0,1.0,1.0,1.0
571,2,822,shuffled_wrong_answer_control,11,1.0,1.0,1.0,1.0,1.0
571,2,,oracle_corrective,12,1.0,1.0,1.0,1.0,1.0
571,3,,question_only,10,1.0,1.0,1.0,1.0,1.0
571,3,,wrong_answer_conditioned,11,1.0,1.0,1.0,1.0,1.0
571,3,589,shuffled_wrong_answer_control,12,1.0,1.0,1.0,1.0,1.0
571,3,,oracle_corrective,12,1.0,1.0,1.0,1.0,1.0
572,1,,question_only,8,1.0,1.0,1.0,1.0,1.0
572,1,,wrong_answer_conditioned,9,1.0,1.0,1.0,1.0,1.0
572,1,101,shuffled_wrong_answer_control,9,1.0,1.0,1.0,1.0,1.0
572,1,,oracle_corrective,10,1.0,1.0,1.0,1.0,1.0
572,2,,question_only,8,1.0,1.0,1.0,1.0,1.0
572,2,,wrong_answer_conditioned,9,1.0,1.0,1.0,1.0,1.0
572,2,25,shuffled_wrong_answer_control,10,1.0,1.0,1.0,1.0,1.0
572,2,,oracle_corrective,10,1.0,1.0,1.0,1.0,1.0
572,3,,question_only,8,1.0,1.0,1.0,1.0,1.0
572,3,,wrong_answer_conditioned,9,1.0,1.0,1.0,1.0,1.0
572,3,278,shuffled_wrong_answer_control,10,1.0,1.0,1.0,1.0,1.0
572,3,,oracle_corrective,10,1.0,1.0,1.0,1.0,1.0
573,1,,question_only,16,1.0,1.0,1.0,1.0,1.0
573,1,,wrong_answer_conditioned,18,1.0,1.0,1.0,1.0,1.0
573,1,325,shuffled_wrong_answer_control,17,1.0,1.0,1.0,1.0,1.0
573,1,,oracle_corrective,20,1.0,1.0,1.0,1.0,1.0
573,2,,question_only,16,1.0,1.0,1.0,1.0,1.0
573,2,,wrong_answer_conditioned,18,1.0,1.0,1.0,1.0,1.0
573,2,806,shuffled_wrong_answer_control,17,1.0,1.0,1.0,1.0,1.0
573,2,,oracle_corrective,20,1.0,1.0,1.0,1.0,1.0
573,3,,question_only,16,1.0,1.0,1.0,1.0,1.0
573,3,,wrong_answer_conditioned,18,1.0,1.0,1.0,1.0,1.0
573,3,61,shuffled_wrong_answer_control,19,1.0,1.0,1.0,1.0,1.0
573,3,,oracle_corrective,20,1.0,1.0,1.0,1.0,1.0
574,1,,question_only,11,1.0,1.0,1.0,1.0,1.0
574,1,,wrong_answer_conditioned,12,1.0,1.0,1.0,1.0,1.0
574,1,341,shuffled_wrong_answer_control,12,1.0,1.0,1.0,1.0,1.0
574,1,,oracle_corrective,13,1.0,1.0,1.0,1.0,1.0
574,2,,question_only,11,1.0,1.0,1.0,1.0,1.0
574,2,,wrong_answer_conditioned,12,1.0,1.0,1.0,1.0,1.0
574,2,505,shuffled_wrong_answer_control,12,1.0,1.0,1.0,1.0,1.0
574,2,,oracle_corrective,13,1.0,1.0,1.0,1.0,1.0
574,3,,question_only,11,1.0,1.0,1.0,1.0,1.0
574,3,,wrong_answer_conditioned,12,1.0,1.0,1.0,1.0,1.0
574,3,654,shuffled_wrong_answer_control,12,1.0,1.0,1.0,1.0,1.0
574,3,,oracle_corrective,13,1.0,1.0,1.0,1.0,1.0
575,1,,question_only,8,1.0,1.0,1.0,1.0,1.0
575,1,,wrong_answer_conditioned,9,1.0,1.0,1.0,1.0,1.0
575,1,586,shuffled_wrong_answer_control,9,1.0,1.0,1.0,1.0,1.0
575,1,,oracle_corrective,10,1.0,1.0,1.0,1.0,1.0
575,2,,question_only,8,1.0,1.0,1.0,1.0,1.0
575,2,,wrong_answer_conditioned,9,1.0,1.0,1.0,1.0,1.0
575,2,825,shuffled_wrong_answer_control,10,1.0,1.0,1.0,1.0,1.0
575,2,,oracle_corrective,10,1.0,1.0,1.0,1.0,1.0
575,3,,question_only,8,1.0,1.0,1.0,1.0,1.0
575,3,,wrong_answer_conditioned,9,1.0,1.0,1.0,1.0,1.0
575,3,165,shuffled_wrong_answer_control,10,1.0,1.0,1.0,1.0,1.0
575,3,,oracle_corrective,10,1.0,1.0,1.0,1.0,1.0
576,1,,question_only,10,1.0,1.0,1.0,1.0,1.0
576,1,,wrong_answer_conditioned,11,1.0,1.0,1.0,1.0,1.0
576,1,312,shuffled_wrong_answer_control,12,1.0,1.0,1.0,1.0,1.0
576,1,,oracle_corrective,12,1.0,1.0,1.0,1.0,1.0
576,2,,question_only,10,1.0,1.0,1.0,1.0,1.0
576,2,,wrong_answer_conditioned,11,1.0,1.0,1.0,1.0,1.0
576,2,614,shuffled_wrong_answer_control,12,1.0,1.0,1.0,1.0,1.0
576,2,,oracle_corrective,12,1.0,1.0,1.0,1.0,1.0
576,3,,question_only,10,1.0,1.0,1.0,1.0,1.0
576,3,,wrong_answer_conditioned,11,1.0,1.0,1.0,1.0,1.0
576,3,113,shuffled_wrong_answer_control,11,1.0,1.0,1.0,1.0,1.0
576,3,,oracle_corrective,12,1.0,1.0,1.0,1.0,1.0
577,1,,question_only,17,1.0,1.0,1.0,1.0,1.0
577,1,,wrong_answer_conditioned,18,1.0,1.0,1.0,1.0,1.0
577,1,142,shuffled_wrong_answer_control,18,1.0,1.0,1.0,1.0,1.0
577,1,,oracle_corrective,19,1.0,1.0,1.0,1.0,1.0
577,2,,question_only,17,1.0,1.0,1.0,1.0,1.0
577,2,,wrong_answer_conditioned,18,1.0,1.0,1.0,1.0,1.0
577,2,635,shuffled_wrong_answer_control,19,1.0,1.0,1.0,1.0,1.0
577,2,,oracle_corrective,19,1.0,1.0,1.0,1.0,1.0
577,3,,question_only,17,1.0,1.0,1.0,1.0,1.0
577,3,,wrong_answer_conditioned,18,1.0,1.0,1.0,1.0,1.0
577,3,721,shuffled_wrong_answer_control,18,1.0,1.0,1.0,1.0,1.0
577,3,,oracle_corrective,19,1.0,1.0,1.0,1.0,1.0
578,1,,question_only,9,1.0,1.0,1.0,1.0,1.0
578,1,,wrong_answer_conditioned,10,1.0,1.0,1.0,1.0,1.0
578,1,191,shuffled_wrong_answer_control,11,1.0,1.0,1.0,1.0,1.0
578,1,,oracle_corrective,11,1.0,1.0,1.0,1.0,1.0
578,2,,question_only,9,1.0,1.0,1.0,1.0,1.0
578,2,,wrong_answer_conditioned,10,1.0,1.0,1.0,1.0,1.0
578,2,661,shuffled_wrong_answer_control,10,1.0,1.0,1.0,1.0,1.0
578,2,,oracle_corrective,11,1.0,1.0,1.0,1.0,1.0
578,3,,question_only,9,1.0,1.0,1.0,1.0,1.0
578,3,,wrong_answer_conditioned,10,1.0,1.0,1.0,1.0,1.0
578,3,195,shuffled_wrong_answer_control,11,1.0,1.0,1.0,1.0,1.0
578,3,,oracle_corrective,11,1.0,1.0,1.0,1.0,1.0
579,1,,question_only,11,1.0,1.0,1.0,1.0,1.0
579,1,,wrong_answer_conditioned,12,1.0,1.0,1.0,1.0,1.0
579,1,500,shuffled_wrong_answer_control,12,1.0,1.0,1.0,1.0,1.0
579,1,,oracle_corrective,13,1.0,1.0,1.0,1.0,1.0
579,2,,question_only,11,1.0,1.0,1.0,1.0,1.0
579,2,,wrong_answer_conditioned,12,1.0,1.0,1.0,1.0,1.0
579,2,366,shuffled_wrong_answer_control,13,1.0,1.0,1.0,1.0,1.0
579,2,,oracle_corrective,13,1.0,1.0,1.0,1.0,1.0
579,3,,question_only,11,1.0,1.0,1.0,1.0,1.0
579,3,,wrong_answer_conditioned,12,1.0,1.0,1.0,1.0,1.0
579,3,312,shuffled_wrong_answer_control,12,1.0,1.0,1.0,1.0,1.0
579,3,,oracle_corrective,13,1.0,1.0,1.0,1.0,1.0
580,1,,question_only,9,1.0,1.0,1.0,1.0,1.0
580,1,,wrong_answer_conditioned,10,1.0,1.0,1.0,1.0,1.0
580,1,265,shuffled_wrong_answer_control,12,1.0,1.0,1.0,1.0,1.0
580,1,,oracle_corrective,11,1.0,1.0,1.0,1.0,1.0
580,2,,question_only,9,1.0,1.0,1.0,1.0,1.0
580,2,,wrong_answer_conditioned,10,1.0,1.0,1.0,1.0,1.0
580,2,778,shuffled_wrong_answer_control,10,1.0,1.0,1.0,1.0,1.0
580,2,,oracle_corrective,11,1.0,1.0,1.0,1.0,1.0
580,3,,question_only,9,1.0,1.0,1.0,1.0,1.0
580,3,,wrong_answer_conditioned,10,1.0,1.0,1.0,1.0,1.0
580,3,293,shuffled_wrong_answer_control,10,1.0,1.0,1.0,1.0,1.0
580,3,,oracle_corrective,11,1.0,1.0,1.0,1.0,1.0
581,1,,question_only,15,1.0,1.0,1.0,1.0,1.0
581,1,,wrong_answer_conditioned,16,1.0,1.0,1.0,1.0,1.0
581,1,127,shuffled_wrong_answer_control,17,1.0,1.0,1.0,1.0,1.0
581,1,,oracle_corrective,17,1.0,1.0,1.0,1.0,1.0
581,2,,question_only,15,1.0,1.0,1.0,1.0,1.0
581,2,,wrong_answer_conditioned,16,1.0,1.0,1.0,1.0,1.0
581,2,344,shuffled_wrong_answer_control,16,1.0,1.0,1.0,1.0,1.0
581,2,,oracle_corrective,17,1.0,1.0,1.0,1.0,1.0
581,3,,question_only,15,1.0,1.0,1.0,1.0,1.0
581,3,,wrong_answer_conditioned,17,1.0,1.0,1.0,1.0,1.0
581,3,560,shuffled_wrong_answer_control,16,1.0,1.0,1.0,1.0,1.0
581,3,,oracle_corrective,18,1.0,1.0,1.0,1.0,1.0
582,1,,question_only,9,1.0,1.0,1.0,1.0,1.0
582,1,,wrong_answer_conditioned,10,1.0,1.0,1.0,1.0,1.0
582,1,177,shuffled_wrong_answer_control,10,1.0,1.0,1.0,1.0,1.0
582,1,,oracle_corrective,12,1.0,1.0,1.0,1.0,1.0
582,2,,question_only,9,1.0,1.0,1.0,1.0,1.0
582,2,,wrong_answer_conditioned,10,1.0,1.0,1.0,1.0,1.0
582,2,40,shuffled_wrong_answer_control,10,1.0,1.0,1.0,1.0,1.0
582,2,,oracle_corrective,12,1.0,1.0,1.0,1.0,1.0
582,3,,question_only,9,1.0,1.0,1.0,1.0,1.0
582,3,,wrong_answer_conditioned,10,1.0,1.0,1.0,1.0,1.0
582,3,259,shuffled_wrong_answer_control,10,1.0,1.0,1.0,1.0,1.0
582,3,,oracle_corrective,12,1.0,1.0,1.0,1.0,1.0
583,1,,question_only,9,1.0,1.0,1.0,1.0,1.0
583,1,,wrong_answer_conditioned,10,1.0,1.0,1.0,1.0,1.0
583,1,420,shuffled_wrong_answer_control,11,1.0,1.0,1.0,1.0,1.0
583,1,,oracle_corrective,11,1.0,1.0,1.0,1.0,1.0
583,2,,question_only,9,1.0,1.0,1.0,1.0,1.0
583,2,,wrong_answer_conditioned,10,1.0,1.0,1.0,1.0,1.0
583,2,784,shuffled_wrong_answer_control,11,1.0,1.0,1.0,1.0,1.0
583,2,,oracle_corrective,11,1.0,1.0,1.0,1.0,1.0
583,3,,question_only,9,1.0,1.0,1.0,1.0,1.0
583,3,,wrong_answer_conditioned,10,1.0,1.0,1.0,1.0,1.0
583,3,677,shuffled_wrong_answer_control,11,1.0,1.0,1.0,1.0,1.0
583,3,,oracle_corrective,11,1.0,1.0,1.0,1.0,1.0
584,1,,question_only,15,0.25,0.0,0.0,1.0,0.43067655807339306
584,1,,wrong_answer_conditioned,16,0.3333333333333333,0.0,1.0,1.0,0.5
584,1,496,shuffled_wrong_answer_control,17,0.25,0.0,0.0,1.0,0.43067655807339306
584,1,,oracle_corrective,17,1.0,1.0,1.0,1.0,1.0
584,2,,question_only,15,0.25,0.0,0.0,1.0,0.43067655807339306
584,2,,wrong_answer_conditioned,16,0.5,0.0,1.0,1.0,0.6309297535714575
584,2,662,shuffled_wrong_answer_control,16,0.25,0.0,0.0,1.0,0.43067655807339306
584,2,,oracle_corrective,17,1.0,1.0,1.0,1.0,1.0
584,3,,question_only,15,0.25,0.0,0.0,1.0,0.43067655807339306
584,3,,wrong_answer_conditioned,16,0.2,0.0,0.0,1.0,0.38685280723454163
584,3,99,shuffled_wrong_answer_control,16,0.25,0.0,0.0,1.0,0.43067655807339306
584,3,,oracle_corrective,17,0.5,0.0,1.0,1.0,0.6309297535714575
585,1,,question_only,15,1.0,1.0,1.0,1.0,1.0
585,1,,wrong_answer_conditioned,16,1.0,1.0,1.0,1.0,1.0
585,1,236,shuffled_wrong_answer_control,16,1.0,1.0,1.0,1.0,1.0
585,1,,oracle_corrective,17,1.0,1.0,1.0,1.0,1.0
585,2,,question_only,15,1.0,1.0,1.0,1.0,1.0
585,2,,wrong_answer_conditioned,16,1.0,1.0,1.0,1.0,1.0
585,2,459,shuffled_wrong_answer_control,16,1.0,1.0,1.0,1.0,1.0
585,2,,oracle_corrective,17,1.0,1.0,1.0,1.0,1.0
585,3,,question_only,15,1.0,1.0,1.0,1.0,1.0
585,3,,wrong_answer_conditioned,17,1.0,1.0,1.0,1.0,1.0
585,3,557,shuffled_wrong_answer_control,16,1.0,1.0,1.0,1.0,1.0
585,3,,oracle_corrective,18,1.0,1.0,1.0,1.0,1.0
586,1,,question_only,14,1.0,1.0,1.0,1.0,1.0
586,1,,wrong_answer_conditioned,15,1.0,1.0,1.0,1.0,1.0
586,1,138,shuffled_wrong_answer_control,17,1.0,1.0,1.0,1.0,1.0
586,1,,oracle_corrective,16,1.0,1.0,1.0,1.0,1.0
586,2,,question_only,14,1.0,1.0,1.0,1.0,1.0
586,2,,wrong_answer_conditioned,15,1.0,1.0,1.0,1.0,1.0
586,2,153,shuffled_wrong_answer_control,15,1.0,1.0,1.0,1.0,1.0
586,2,,oracle_corrective,16,1.0,1.0,1.0,1.0,1.0
586,3,,question_only,14,1.0,1.0,1.0,1.0,1.0
586,3,,wrong_answer_conditioned,15,1.0,1.0,1.0,1.0,1.0
586,3,186,shuffled_wrong_answer_control,17,1.0,1.0,1.0,1.0,1.0
586,3,,oracle_corrective,16,1.0,1.0,1.0,1.0,1.0
587,1,,question_only,7,1.0,1.0,1.0,1.0,1.0
587,1,,wrong_answer_conditioned,8,1.0,1.0,1.0,1.0,1.0
587,1,390,shuffled_wrong_answer_control,9,1.0,1.0,1.0,1.0,1.0
587,1,,oracle_corrective,9,1.0,1.0,1.0,1.0,1.0
587,2,,question_only,7,1.0,1.0,1.0,1.0,1.0
587,2,,wrong_answer_conditioned,8,1.0,1.0,1.0,1.0,1.0
587,2,571,shuffled_wrong_answer_control,8,1.0,1.0,1.0,1.0,1.0
587,2,,oracle_corrective,9,1.0,1.0,1.0,1.0,1.0
587,3,,question_only,7,1.0,1.0,1.0,1.0,1.0
587,3,,wrong_answer_conditioned,8,1.0,1.0,1.0,1.0,1.0
587,3,822,shuffled_wrong_answer_control,10,1.0,1.0,1.0,1.0,1.0
587,3,,oracle_corrective,9,1.0,1.0,1.0,1.0,1.0
588,1,,question_only,10,1.0,1.0,1.0,1.0,1.0
588,1,,wrong_answer_conditioned,11,1.0,1.0,1.0,1.0,1.0
588,1,689,shuffled_wrong_answer_control,11,1.0,1.0,1.0,1.0,1.0
588,1,,oracle_corrective,12,1.0,1.0,1.0,1.0,1.0
588,2,,question_only,10,1.0,1.0,1.0,1.0,1.0
588,2,,wrong_answer_conditioned,11,1.0,1.0,1.0,1.0,1.0
588,2,150,shuffled_wrong_answer_control,11,1.0,1.0,1.0,1.0,1.0
588,2,,oracle_corrective,12,1.0,1.0,1.0,1.0,1.0
588,3,,question_only,10,1.0,1.0,1.0,1.0,1.0
588,3,,wrong_answer_conditioned,11,1.0,1.0,1.0,1.0,1.0
588,3,438,shuffled_wrong_answer_control,12,1.0,1.0,1.0,1.0,1.0
588,3,,oracle_corrective,12,1.0,1.0,1.0,1.0,1.0
589,1,,question_only,10,1.0,1.0,1.0,1.0,1.0
589,1,,wrong_answer_conditioned,12,1.0,1.0,1.0,1.0,1.0
589,1,328,shuffled_wrong_answer_control,11,1.0,1.0,1.0,1.0,1.0
589,1,,oracle_corrective,14,1.0,1.0,1.0,1.0,1.0
589,2,,question_only,10,1.0,1.0,1.0,1.0,1.0
589,2,,wrong_answer_conditioned,11,1.0,1.0,1.0,1.0,1.0
589,2,605,shuffled_wrong_answer_control,12,1.0,1.0,1.0,1.0,1.0
589,2,,oracle_corrective,13,1.0,1.0,1.0,1.0,1.0
589,3,,question_only,10,1.0,1.0,1.0,1.0,1.0
589,3,,wrong_answer_conditioned,12,1.0,1.0,1.0,1.0,1.0
589,3,738,shuffled_wrong_answer_control,11,1.0,1.0,1.0,1.0,1.0
589,3,,oracle_corrective,14,1.0,1.0,1.0,1.0,1.0
590,1,,question_only,16,1.0,1.0,1.0,1.0,1.0
590,1,,wrong_answer_conditioned,18,1.0,1.0,1.0,1.0,1.0
590,1,267,shuffled_wrong_answer_control,17,1.0,1.0,1.0,1.0,1.0
590,1,,oracle_corrective,20,1.0,1.0,1.0,1.0,1.0
590,2,,question_only,16,1.0,1.0,1.0,1.0,1.0
590,2,,wrong_answer_conditioned,17,1.0,1.0,1.0,1.0,1.0
590,2,858,shuffled_wrong_answer_control,18,1.0,1.0,1.0,1.0,1.0
590,2,,oracle_corrective,19,1.0,1.0,1.0,1.0,1.0
590,3,,question_only,16,1.0,1.0,1.0,1.0,1.0
590,3,,wrong_answer_conditioned,18,1.0,1.0,1.0,1.0,1.0
590,3,783,shuffled_wrong_answer_control,19,1.0,1.0,1.0,1.0,1.0
590,3,,oracle_corrective,20,1.0,1.0,1.0,1.0,1.0
591,1,,question_only,6,1.0,1.0,1.0,1.0,1.0
591,1,,wrong_answer_conditioned,8,1.0,1.0,1.0,1.0,1.0
591,1,1,shuffled_wrong_answer_control,7,1.0,1.0,1.0,1.0,1.0
591,1,,oracle_corrective,10,1.0,1.0,1.0,1.0,1.0
591,2,,question_only,6,1.0,1.0,1.0,1.0,1.0
591,2,,wrong_answer_conditioned,8,1.0,1.0,1.0,1.0,1.0
591,2,688,shuffled_wrong_answer_control,7,1.0,1.0,1.0,1.0,1.0
591,2,,oracle_corrective,10,1.0,1.0,1.0,1.0,1.0
591,3,,question_only,6,1.0,1.0,1.0,1.0,1.0
591,3,,wrong_answer_conditioned,8,1.0,1.0,1.0,1.0,1.0
591,3,764,shuffled_wrong_answer_control,7,1.0,1.0,1.0,1.0,1.0
591,3,,oracle_corrective,10,1.0,1.0,1.0,1.0,1.0
592,1,,question_only,15,1.0,1.0,1.0,1.0,1.0
592,1,,wrong_answer_conditioned,16,1.0,1.0,1.0,1.0,1.0
592,1,875,shuffled_wrong_answer_control,17,1.0,1.0,1.0,1.0,1.0
592,1,,oracle_corrective,17,1.0,1.0,1.0,1.0,1.0
592,2,,question_only,15,1.0,1.0,1.0,1.0,1.0
592,2,,wrong_answer_conditioned,16,1.0,1.0,1.0,1.0,1.0
592,2,633,shuffled_wrong_answer_control,16,1.0,1.0,1.0,1.0,1.0
592,2,,oracle_corrective,17,1.0,1.0,1.0,1.0,1.0
592,3,,question_only,15,1.0,1.0,1.0,1.0,1.0
592,3,,wrong_answer_conditioned,16,1.0,1.0,1.0,1.0,1.0
592,3,254,shuffled_wrong_answer_control,16,1.0,1.0,1.0,1.0,1.0
592,3,,oracle_corrective,17,1.0,1.0,1.0,1.0,1.0
593,1,,question_only,6,1.0,1.0,1.0,1.0,1.0
593,1,,wrong_answer_conditioned,7,1.0,1.0,1.0,1.0,1.0
593,1,582,shuffled_wrong_answer_control,7,1.0,1.0,1.0,1.0,1.0
593,1,,oracle_corrective,8,1.0,1.0,1.0,1.0,1.0
593,2,,question_only,6,1.0,1.0,1.0,1.0,1.0
593,2,,wrong_answer_conditioned,8,1.0,1.0,1.0,1.0,1.0
593,2,7,shuffled_wrong_answer_control,7,1.0,1.0,1.0,1.0,1.0
593,2,,oracle_corrective,9,1.0,1.0,1.0,1.0,1.0
593,3,,question_only,6,1.0,1.0,1.0,1.0,1.0
593,3,,wrong_answer_conditioned,7,1.0,1.0,1.0,1.0,1.0
593,3,305,shuffled_wrong_answer_control,7,1.0,1.0,1.0,1.0,1.0
593,3,,oracle_corrective,8,1.0,1.0,1.0,1.0,1.0
594,1,,question_only,11,1.0,1.0,1.0,1.0,1.0
594,1,,wrong_answer_conditioned,12,1.0,1.0,1.0,1.0,1.0
594,1,161,shuffled_wrong_answer_control,12,1.0,1.0,1.0,1.0,1.0
594,1,,oracle_corrective,13,1.0,1.0,1.0,1.0,1.0
594,2,,question_only,11,1.0,1.0,1.0,1.0,1.0
594,2,,wrong_answer_conditioned,12,1.0,1.0,1.0,1.0,1.0
594,2,212,shuffled_wrong_answer_control,12,1.0,1.0,1.0,1.0,1.0
594,2,,oracle_corrective,13,1.0,1.0,1.0,1.0,1.0
594,3,,question_only,11,1.0,1.0,1.0,1.0,1.0
594,3,,wrong_answer_conditioned,12,1.0,1.0,1.0,1.0,1.0
594,3,409,shuffled_wrong_answer_control,12,1.0,1.0,1.0,1.0,1.0
594,3,,oracle_corrective,13,1.0,1.0,1.0,1.0,1.0
595,1,,question_only,13,1.0,1.0,1.0,1.0,1.0
595,1,,wrong_answer_conditioned,14,1.0,1.0,1.0,1.0,1.0
595,1,578,shuffled_wrong_answer_control,14,1.0,1.0,1.0,1.0,1.0
595,1,,oracle_corrective,15,1.0,1.0,1.0,1.0,1.0
595,2,,question_only,13,1.0,1.0,1.0,1.0,1.0
595,2,,wrong_answer_conditioned,14,1.0,1.0,1.0,1.0,1.0
595,2,874,shuffled_wrong_answer_control,14,1.0,1.0,1.0,1.0,1.0
595,2,,oracle_corrective,15,1.0,1.0,1.0,1.0,1.0
595,3,,question_only,13,1.0,1.0,1.0,1.0,1.0
595,3,,wrong_answer_conditioned,14,1.0,1.0,1.0,1.0,1.0
595,3,423,shuffled_wrong_answer_control,14,1.0,1.0,1.0,1.0,1.0
595,3,,oracle_corrective,15,1.0,1.0,1.0,1.0,1.0
596,1,,question_only,12,1.0,1.0,1.0,1.0,1.0
596,1,,wrong_answer_conditioned,13,1.0,1.0,1.0,1.0,1.0
596,1,874,shuffled_wrong_answer_control,13,1.0,1.0,1.0,1.0,1.0
596,1,,oracle_corrective,14,1.0,1.0,1.0,1.0,1.0
596,2,,question_only,12,1.0,1.0,1.0,1.0,1.0
596,2,,wrong_answer_conditioned,13,1.0,1.0,1.0,1.0,1.0
596,2,863,shuffled_wrong_answer_control,14,1.0,1.0,1.0,1.0,1.0
596,2,,oracle_corrective,14,1.0,1.0,1.0,1.0,1.0
596,3,,question_only,12,1.0,1.0,1.0,1.0,1.0
596,3,,wrong_answer_conditioned,13,1.0,1.0,1.0,1.0,1.0
596,3,410,shuffled_wrong_answer_control,15,1.0,1.0,1.0,1.0,1.0
596,3,,oracle_corrective,14,1.0,1.0,1.0,1.0,1.0
597,1,,question_only,9,1.0,1.0,1.0,1.0,1.0
597,1,,wrong_answer_conditioned,11,0.5,0.0,1.0,1.0,0.6309297535714575
597,1,626,shuffled_wrong_answer_control,10,1.0,1.0,1.0,1.0,1.0
597,1,,oracle_corrective,12,0.5,0.0,1.0,1.0,0.6309297535714575
597,2,,question_only,9,1.0,1.0,1.0,1.0,1.0
597,2,,wrong_answer_conditioned,10,1.0,1.0,1.0,1.0,1.0
597,2,565,shuffled_wrong_answer_control,10,1.0,1.0,1.0,1.0,1.0
597,2,,oracle_corrective,11,1.0,1.0,1.0,1.0,1.0
597,3,,question_only,9,1.0,1.0,1.0,1.0,1.0
597,3,,wrong_answer_conditioned,10,1.0,1.0,1.0,1.0,1.0
597,3,311,shuffled_wrong_answer_control,12,0.5,0.0,1.0,1.0,0.6309297535714575
597,3,,oracle_corrective,11,1.0,1.0,1.0,1.0,1.0
598,1,,question_only,12,0.0,0.0,0.0,0.0,0.0
598,1,,wrong_answer_conditioned,13,0.0,0.0,0.0,0.0,0.0
598,1,691,shuffled_wrong_answer_control,14,0.0,0.0,0.0,0.0,0.0
598,1,,oracle_corrective,14,0.0,0.0,0.0,0.0,0.0
598,2,,question_only,12,0.0,0.0,0.0,0.0,0.0
598,2,,wrong_answer_conditioned,13,0.0,0.0,0.0,0.0,0.0
598,2,270,shuffled_wrong_answer_control,13,0.0,0.0,0.0,0.0,0.0
598,2,,oracle_corrective,14,0.0,0.0,0.0,0.0,0.0
598,3,,question_only,12,0.0,0.0,0.0,0.0,0.0
598,3,,wrong_answer_conditioned,13,0.0,0.0,0.0,0.0,0.0
598,3,533,shuffled_wrong_answer_control,13,0.0,0.0,0.0,0.0,0.0
598,3,,oracle_corrective,14,0.0,0.0,0.0,0.0,0.0
599,1,,question_only,11,1.0,1.0,1.0,1.0,1.0
599,1,,wrong_answer_conditioned,13,1.0,1.0,1.0,1.0,1.0
599,1,881,shuffled_wrong_answer_control,13,1.0,1.0,1.0,1.0,1.0
599,1,,oracle_corrective,15,1.0,1.0,1.0,1.0,1.0
599,2,,question_only,11,1.0,1.0,1.0,1.0,1.0
599,2,,wrong_answer_conditioned,13,1.0,1.0,1.0,1.0,1.0
599,2,142,shuffled_wrong_answer_control,12,1.0,1.0,1.0,1.0,1.0
599,2,,oracle_corrective,15,1.0,1.0,1.0,1.0,1.0
599,3,,question_only,11,1.0,1.0,1.0,1.0,1.0
599,3,,wrong_answer_conditioned,13,1.0,1.0,1.0,1.0,1.0
599,3,371,shuffled_wrong_answer_control,12,1.0,1.0,1.0,1.0,1.0
599,3,,oracle_corrective,15,1.0,1.0,1.0,1.0,1.0
600,1,,question_only,6,1.0,1.0,1.0,1.0,1.0
600,1,,wrong_answer_conditioned,7,1.0,1.0,1.0,1.0,1.0
600,1,704,shuffled_wrong_answer_control,8,1.0,1.0,1.0,1.0,1.0
600,1,,oracle_corrective,10,1.0,1.0,1.0,1.0,1.0
600,2,,question_only,6,1.0,1.0,1.0,1.0,1.0
600,2,,wrong_answer_conditioned,7,1.0,1.0,1.0,1.0,1.0
600,2,57,shuffled_wrong_answer_control,7,1.0,1.0,1.0,1.0,1.0
600,2,,oracle_corrective,10,1.0,1.0,1.0,1.0,1.0
600,3,,question_only,6,1.0,1.0,1.0,1.0,1.0
600,3,,wrong_answer_conditioned,9,1.0,1.0,1.0,1.0,1.0
600,3,83,shuffled_wrong_answer_control,7,1.0,1.0,1.0,1.0,1.0
600,3,,oracle_corrective,12,1.0,1.0,1.0,1.0,1.0
601,1,,question_only,10,1.0,1.0,1.0,1.0,1.0
601,1,,wrong_answer_conditioned,11,1.0,1.0,1.0,1.0,1.0
601,1,262,shuffled_wrong_answer_control,12,1.0,1.0,1.0,1.0,1.0
601,1,,oracle_corrective,12,1.0,1.0,1.0,1.0,1.0
601,2,,question_only,10,1.0,1.0,1.0,1.0,1.0
601,2,,wrong_answer_conditioned,11,1.0,1.0,1.0,1.0,1.0
601,2,848,shuffled_wrong_answer_control,11,1.0,1.0,1.0,1.0,1.0
601,2,,oracle_corrective,12,1.0,1.0,1.0,1.0,1.0
601,3,,question_only,10,1.0,1.0,1.0,1.0,1.0
601,3,,wrong_answer_conditioned,11,1.0,1.0,1.0,1.0,1.0
601,3,78,shuffled_wrong_answer_control,11,1.0,1.0,1.0,1.0,1.0
601,3,,oracle_corrective,12,1.0,1.0,1.0,1.0,1.0
602,1,,question_only,6,0.0,0.0,0.0,0.0,0.0
602,1,,wrong_answer_conditioned,8,0.0,0.0,0.0,0.0,0.0
602,1,466,shuffled_wrong_answer_control,7,0.0,0.0,0.0,0.0,0.0
602,1,,oracle_corrective,11,0.0,0.0,0.0,0.0,0.0
602,2,,question_only,6,0.0,0.0,0.0,0.0,0.0
602,2,,wrong_answer_conditioned,8,0.0,0.0,0.0,0.0,0.0
602,2,821,shuffled_wrong_answer_control,7,0.0,0.0,0.0,0.0,0.0
602,2,,oracle_corrective,11,0.0,0.0,0.0,0.0,0.0
602,3,,question_only,6,0.0,0.0,0.0,0.0,0.0
602,3,,wrong_answer_conditioned,8,0.0,0.0,0.0,0.0,0.0
602,3,422,shuffled_wrong_answer_control,7,0.0,0.0,0.0,0.0,0.0
602,3,,oracle_corrective,11,0.0,0.0,0.0,0.0,0.0
603,1,,question_only,8,1.0,1.0,1.0,1.0,1.0
603,1,,wrong_answer_conditioned,9,1.0,1.0,1.0,1.0,1.0
603,1,495,shuffled_wrong_answer_control,10,1.0,1.0,1.0,1.0,1.0
603,1,,oracle_corrective,10,1.0,1.0,1.0,1.0,1.0
603,2,,question_only,8,1.0,1.0,1.0,1.0,1.0
603,2,,wrong_answer_conditioned,9,1.0,1.0,1.0,1.0,1.0
603,2,312,shuffled_wrong_answer_control,9,1.0,1.0,1.0,1.0,1.0
603,2,,oracle_corrective,10,1.0,1.0,1.0,1.0,1.0
603,3,,question_only,8,1.0,1.0,1.0,1.0,1.0
603,3,,wrong_answer_conditioned,9,1.0,1.0,1.0,1.0,1.0
603,3,526,shuffled_wrong_answer_control,9,1.0,1.0,1.0,1.0,1.0
603,3,,oracle_corrective,10,1.0,1.0,1.0,1.0,1.0
604,1,,question_only,5,0.5,0.0,1.0,1.0,0.6309297535714575
604,1,,wrong_answer_conditioned,7,0.0,0.0,0.0,0.0,0.0
604,1,211,shuffled_wrong_answer_control,7,0.5,0.0,1.0,1.0,0.6309297535714575
604,1,,oracle_corrective,10,1.0,1.0,1.0,1.0,1.0
604,2,,question_only,5,0.5,0.0,1.0,1.0,0.6309297535714575
604,2,,wrong_answer_conditioned,8,0.5,0.0,1.0,1.0,0.6309297535714575
604,2,298,shuffled_wrong_answer_control,6,0.5,0.0,1.0,1.0,0.6309297535714575
604,2,,oracle_corrective,11,1.0,1.0,1.0,1.0,1.0
604,3,,question_only,5,0.5,0.0,1.0,1.0,0.6309297535714575
604,3,,wrong_answer_conditioned,7,0.25,0.0,0.0,1.0,0.43067655807339306
604,3,96,shuffled_wrong_answer_control,6,0.5,0.0,1.0,1.0,0.6309297535714575
604,3,,oracle_corrective,10,1.0,1.0,1.0,1.0,1.0
605,1,,question_only,14,1.0,1.0,1.0,1.0,1.0
605,1,,wrong_answer_conditioned,16,1.0,1.0,1.0,1.0,1.0
605,1,384,shuffled_wrong_answer_control,16,1.0,1.0,1.0,1.0,1.0
605,1,,oracle_corrective,18,1.0,1.0,1.0,1.0,1.0
605,2,,question_only,14,1.0,1.0,1.0,1.0,1.0
605,2,,wrong_answer_conditioned,16,1.0,1.0,1.0,1.0,1.0
605,2,589,shuffled_wrong_answer_control,15,1.0,1.0,1.0,1.0,1.0
605,2,,oracle_corrective,18,1.0,1.0,1.0,1.0,1.0
605,3,,question_only,14,1.0,1.0,1.0,1.0,1.0
605,3,,wrong_answer_conditioned,16,1.0,1.0,1.0,1.0,1.0
605,3,578,shuffled_wrong_answer_control,15,1.0,1.0,1.0,1.0,1.0
605,3,,oracle_corrective,18,1.0,1.0,1.0,1.0,1.0
606,1,,question_only,16,1.0,1.0,1.0,1.0,1.0
606,1,,wrong_answer_conditioned,17,1.0,1.0,1.0,1.0,1.0
606,1,241,shuffled_wrong_answer_control,17,1.0,1.0,1.0,1.0,1.0
606,1,,oracle_corrective,18,1.0,1.0,1.0,1.0,1.0
606,2,,question_only,16,1.0,1.0,1.0,1.0,1.0
606,2,,wrong_answer_conditioned,17,1.0,1.0,1.0,1.0,1.0
606,2,726,shuffled_wrong_answer_control,17,1.0,1.0,1.0,1.0,1.0
606,2,,oracle_corrective,18,1.0,1.0,1.0,1.0,1.0
606,3,,question_only,16,1.0,1.0,1.0,1.0,1.0
606,3,,wrong_answer_conditioned,17,1.0,1.0,1.0,1.0,1.0
606,3,649,shuffled_wrong_answer_control,17,1.0,1.0,1.0,1.0,1.0
606,3,,oracle_corrective,18,1.0,1.0,1.0,1.0,1.0
607,1,,question_only,16,1.0,1.0,1.0,1.0,1.0
607,1,,wrong_answer_conditioned,17,1.0,1.0,1.0,1.0,1.0
607,1,499,shuffled_wrong_answer_control,17,1.0,1.0,1.0,1.0,1.0
607,1,,oracle_corrective,18,1.0,1.0,1.0,1.0,1.0
607,2,,question_only,16,1.0,1.0,1.0,1.0,1.0
607,2,,wrong_answer_conditioned,17,1.0,1.0,1.0,1.0,1.0
607,2,590,shuffled_wrong_answer_control,17,1.0,1.0,1.0,1.0,1.0
607,2,,oracle_corrective,18,1.0,1.0,1.0,1.0,1.0
607,3,,question_only,16,1.0,1.0,1.0,1.0,1.0
607,3,,wrong_answer_conditioned,17,1.0,1.0,1.0,1.0,1.0
607,3,581,shuffled_wrong_answer_control,18,1.0,1.0,1.0,1.0,1.0
607,3,,oracle_corrective,18,1.0,1.0,1.0,1.0,1.0
608,1,,question_only,8,1.0,1.0,1.0,1.0,1.0
608,1,,wrong_answer_conditioned,11,1.0,1.0,1.0,1.0,1.0
608,1,627,shuffled_wrong_answer_control,9,1.0,1.0,1.0,1.0,1.0
608,1,,oracle_corrective,14,1.0,1.0,1.0,1.0,1.0
608,2,,question_only,8,1.0,1.0,1.0,1.0,1.0
608,2,,wrong_answer_conditioned,12,1.0,1.0,1.0,1.0,1.0
608,2,135,shuffled_wrong_answer_control,10,1.0,1.0,1.0,1.0,1.0
608,2,,oracle_corrective,15,1.0,1.0,1.0,1.0,1.0
608,3,,question_only,8,1.0,1.0,1.0,1.0,1.0
608,3,,wrong_answer_conditioned,12,1.0,1.0,1.0,1.0,1.0
608,3,286,shuffled_wrong_answer_control,9,1.0,1.0,1.0,1.0,1.0
608,3,,oracle_corrective,15,1.0,1.0,1.0,1.0,1.0
609,1,,question_only,8,1.0,1.0,1.0,1.0,1.0
609,1,,wrong_answer_conditioned,9,1.0,1.0,1.0,1.0,1.0
609,1,700,shuffled_wrong_answer_control,9,1.0,1.0,1.0,1.0,1.0
609,1,,oracle_corrective,10,1.0,1.0,1.0,1.0,1.0
609,2,,question_only,8,1.0,1.0,1.0,1.0,1.0
609,2,,wrong_answer_conditioned,9,1.0,1.0,1.0,1.0,1.0
609,2,423,shuffled_wrong_answer_control,9,1.0,1.0,1.0,1.0,1.0
609,2,,oracle_corrective,10,1.0,1.0,1.0,1.0,1.0
609,3,,question_only,8,1.0,1.0,1.0,1.0,1.0
609,3,,wrong_answer_conditioned,9,1.0,1.0,1.0,1.0,1.0
609,3,54,shuffled_wrong_answer_control,9,1.0,1.0,1.0,1.0,1.0
609,3,,oracle_corrective,10,1.0,1.0,1.0,1.0,1.0
610,1,,question_only,12,0.0,0.0,0.0,0.0,0.0
610,1,,wrong_answer_conditioned,13,0.0,0.0,0.0,0.0,0.0
610,1,130,shuffled_wrong_answer_control,13,0.0,0.0,0.0,0.0,0.0
610,1,,oracle_corrective,14,0.0,0.0,0.0,0.0,0.0
610,2,,question_only,12,0.0,0.0,0.0,0.0,0.0
610,2,,wrong_answer_conditioned,14,0.0,0.0,0.0,0.0,0.0
610,2,757,shuffled_wrong_answer_control,14,0.0,0.0,0.0,0.0,0.0
610,2,,oracle_corrective,15,0.0,0.0,0.0,0.0,0.0
610,3,,question_only,12,0.0,0.0,0.0,0.0,0.0
610,3,,wrong_answer_conditioned,14,0.0,0.0,0.0,0.0,0.0
610,3,765,shuffled_wrong_answer_control,13,0.0,0.0,0.0,0.0,0.0
610,3,,oracle_corrective,15,0.0,0.0,0.0,0.0,0.0
611,1,,question_only,18,1.0,1.0,1.0,1.0,1.0
611,1,,wrong_answer_conditioned,19,1.0,1.0,1.0,1.0,1.0
611,1,717,shuffled_wrong_answer_control,19,1.0,1.0,1.0,1.0,1.0
611,1,,oracle_corrective,21,1.0,1.0,1.0,1.0,1.0
611,2,,question_only,18,1.0,1.0,1.0,1.0,1.0
611,2,,wrong_answer_conditioned,20,1.0,1.0,1.0,1.0,1.0
611,2,867,shuffled_wrong_answer_control,20,1.0,1.0,1.0,1.0,1.0
611,2,,oracle_corrective,22,1.0,1.0,1.0,1.0,1.0
611,3,,question_only,18,1.0,1.0,1.0,1.0,1.0
611,3,,wrong_answer_conditioned,19,1.0,1.0,1.0,1.0,1.0
611,3,577,shuffled_wrong_answer_control,19,1.0,1.0,1.0,1.0,1.0
611,3,,oracle_corrective,21,1.0,1.0,1.0,1.0,1.0
612,1,,question_only,8,1.0,1.0,1.0,1.0,1.0
612,1,,wrong_answer_conditioned,11,1.0,1.0,1.0,1.0,1.0
612,1,808,shuffled_wrong_answer_control,9,1.0,1.0,1.0,1.0,1.0
612,1,,oracle_corrective,14,1.0,1.0,1.0,1.0,1.0
612,2,,question_only,8,1.0,1.0,1.0,1.0,1.0
612,2,,wrong_answer_conditioned,11,1.0,1.0,1.0,1.0,1.0
612,2,705,shuffled_wrong_answer_control,9,1.0,1.0,1.0,1.0,1.0
612,2,,oracle_corrective,14,1.0,1.0,1.0,1.0,1.0
612,3,,question_only,8,1.0,1.0,1.0,1.0,1.0
612,3,,wrong_answer_conditioned,11,1.0,1.0,1.0,1.0,1.0
612,3,760,shuffled_wrong_answer_control,9,1.0,1.0,1.0,1.0,1.0
612,3,,oracle_corrective,14,1.0,1.0,1.0,1.0,1.0
613,1,,question_only,10,1.0,1.0,1.0,1.0,1.0
613,1,,wrong_answer_conditioned,11,1.0,1.0,1.0,1.0,1.0
613,1,655,shuffled_wrong_answer_control,11,1.0,1.0,1.0,1.0,1.0
613,1,,oracle_corrective,12,1.0,1.0,1.0,1.0,1.0
613,2,,question_only,10,1.0,1.0,1.0,1.0,1.0
613,2,,wrong_answer_conditioned,12,1.0,1.0,1.0,1.0,1.0
613,2,353,shuffled_wrong_answer_control,11,1.0,1.0,1.0,1.0,1.0
613,2,,oracle_corrective,13,1.0,1.0,1.0,1.0,1.0
613,3,,question_only,10,1.0,1.0,1.0,1.0,1.0
613,3,,wrong_answer_conditioned,11,1.0,1.0,1.0,1.0,1.0
613,3,117,shuffled_wrong_answer_control,11,1.0,1.0,1.0,1.0,1.0
613,3,,oracle_corrective,12,1.0,1.0,1.0,1.0,1.0
614,1,,question_only,10,1.0,1.0,1.0,1.0,1.0
614,1,,wrong_answer_conditioned,11,1.0,1.0,1.0,1.0,1.0
614,1,382,shuffled_wrong_answer_control,12,1.0,1.0,1.0,1.0,1.0
614,1,,oracle_corrective,14,1.0,1.0,1.0,1.0,1.0
614,2,,question_only,10,1.0,1.0,1.0,1.0,1.0
614,2,,wrong_answer_conditioned,12,1.0,1.0,1.0,1.0,1.0
614,2,503,shuffled_wrong_answer_control,11,1.0,1.0,1.0,1.0,1.0
614,2,,oracle_corrective,15,1.0,1.0,1.0,1.0,1.0
614,3,,question_only,10,1.0,1.0,1.0,1.0,1.0
614,3,,wrong_answer_conditioned,11,1.0,1.0,1.0,1.0,1.0
614,3,831,shuffled_wrong_answer_control,12,1.0,1.0,1.0,1.0,1.0
614,3,,oracle_corrective,14,1.0,1.0,1.0,1.0,1.0
615,1,,question_only,8,1.0,1.0,1.0,1.0,1.0
615,1,,wrong_answer_conditioned,9,1.0,1.0,1.0,1.0,1.0
615,1,648,shuffled_wrong_answer_control,10,1.0,1.0,1.0,1.0,1.0
615,1,,oracle_corrective,10,1.0,1.0,1.0,1.0,1.0
615,2,,question_only,8,1.0,1.0,1.0,1.0,1.0
615,2,,wrong_answer_conditioned,9,1.0,1.0,1.0,1.0,1.0
615,2,553,shuffled_wrong_answer_control,9,1.0,1.0,1.0,1.0,1.0
615,2,,oracle_corrective,10,1.0,1.0,1.0,1.0,1.0
615,3,,question_only,8,1.0,1.0,1.0,1.0,1.0
615,3,,wrong_answer_conditioned,9,1.0,1.0,1.0,1.0,1.0
615,3,600,shuffled_wrong_answer_control,11,1.0,1.0,1.0,1.0,1.0
615,3,,oracle_corrective,10,1.0,1.0,1.0,1.0,1.0
616,1,,question_only,10,1.0,1.0,1.0,1.0,1.0
616,1,,wrong_answer_conditioned,11,0.5,0.0,1.0,1.0,0.6309297535714575
616,1,27,shuffled_wrong_answer_control,11,1.0,1.0,1.0,1.0,1.0
616,1,,oracle_corrective,12,1.0,1.0,1.0,1.0,1.0
616,2,,question_only,10,1.0,1.0,1.0,1.0,1.0
616,2,,wrong_answer_conditioned,11,1.0,1.0,1.0,1.0,1.0
616,2,559,shuffled_wrong_answer_control,12,1.0,1.0,1.0,1.0,1.0
616,2,,oracle_corrective,12,1.0,1.0,1.0,1.0,1.0
616,3,,question_only,10,1.0,1.0,1.0,1.0,1.0
616,3,,wrong_answer_conditioned,11,1.0,1.0,1.0,1.0,1.0
616,3,289,shuffled_wrong_answer_control,11,1.0,1.0,1.0,1.0,1.0
616,3,,oracle_corrective,12,1.0,1.0,1.0,1.0,1.0
617,1,,question_only,12,1.0,1.0,1.0,1.0,1.0
617,1,,wrong_answer_conditioned,13,1.0,1.0,1.0,1.0,1.0
617,1,824,shuffled_wrong_answer_control,13,1.0,1.0,1.0,1.0,1.0
617,1,,oracle_corrective,14,1.0,1.0,1.0,1.0,1.0
617,2,,question_only,12,1.0,1.0,1.0,1.0,1.0
617,2,,wrong_answer_conditioned,13,1.0,1.0,1.0,1.0,1.0
617,2,98,shuffled_wrong_answer_control,14,1.0,1.0,1.0,1.0,1.0
617,2,,oracle_corrective,14,1.0,1.0,1.0,1.0,1.0
617,3,,question_only,12,1.0,1.0,1.0,1.0,1.0
617,3,,wrong_answer_conditioned,13,1.0,1.0,1.0,1.0,1.0
617,3,199,shuffled_wrong_answer_control,14,1.0,1.0,1.0,1.0,1.0
617,3,,oracle_corrective,14,1.0,1.0,1.0,1.0,1.0
618,1,,question_only,12,0.5,0.0,1.0,1.0,0.6309297535714575
618,1,,wrong_answer_conditioned,13,0.5,0.0,1.0,1.0,0.6309297535714575
618,1,114,shuffled_wrong_answer_control,13,0.5,0.0,1.0,1.0,0.6309297535714575
618,1,,oracle_corrective,14,1.0,1.0,1.0,1.0,1.0
618,2,,question_only,12,0.5,0.0,1.0,1.0,0.6309297535714575
618,2,,wrong_answer_conditioned,13,0.5,0.0,1.0,1.0,0.6309297535714575
618,2,118,shuffled_wrong_answer_control,13,0.5,0.0,1.0,1.0,0.6309297535714575
618,2,,oracle_corrective,14,1.0,1.0,1.0,1.0,1.0
618,3,,question_only,12,0.5,0.0,1.0,1.0,0.6309297535714575
618,3,,wrong_answer_conditioned,13,0.5,0.0,1.0,1.0,0.6309297535714575
618,3,702,shuffled_wrong_answer_control,13,0.5,0.0,1.0,1.0,0.6309297535714575
618,3,,oracle_corrective,14,1.0,1.0,1.0,1.0,1.0
619,1,,question_only,18,0.3333333333333333,0.0,1.0,1.0,0.5
619,1,,wrong_answer_conditioned,19,0.2,0.0,0.0,1.0,0.38685280723454163
619,1,524,shuffled_wrong_answer_control,24,0.25,0.0,0.0,1.0,0.43067655807339306
619,1,,oracle_corrective,20,0.2,0.0,0.0,1.0,0.38685280723454163
619,2,,question_only,18,0.3333333333333333,0.0,1.0,1.0,0.5
619,2,,wrong_answer_conditioned,19,0.3333333333333333,0.0,1.0,1.0,0.5
619,2,220,shuffled_wrong_answer_control,20,0.3333333333333333,0.0,1.0,1.0,0.5
619,2,,oracle_corrective,20,0.3333333333333333,0.0,1.0,1.0,0.5
619,3,,question_only,18,0.3333333333333333,0.0,1.0,1.0,0.5
619,3,,wrong_answer_conditioned,19,0.3333333333333333,0.0,1.0,1.0,0.5
619,3,468,shuffled_wrong_answer_control,21,0.25,0.0,0.0,1.0,0.43067655807339306
619,3,,oracle_corrective,20,0.3333333333333333,0.0,1.0,1.0,0.5
620,1,,question_only,18,1.0,1.0,1.0,1.0,1.0
620,1,,wrong_answer_conditioned,19,1.0,1.0,1.0,1.0,1.0
620,1,269,shuffled_wrong_answer_control,19,1.0,1.0,1.0,1.0,1.0
620,1,,oracle_corrective,20,1.0,1.0,1.0,1.0,1.0
620,2,,question_only,18,1.0,1.0,1.0,1.0,1.0
620,2,,wrong_answer_conditioned,19,1.0,1.0,1.0,1.0,1.0
620,2,478,shuffled_wrong_answer_control,19,1.0,1.0,1.0,1.0,1.0
620,2,,oracle_corrective,20,1.0,1.0,1.0,1.0,1.0
620,3,,question_only,18,1.0,1.0,1.0,1.0,1.0
620,3,,wrong_answer_conditioned,19,1.0,1.0,1.0,1.0,1.0
620,3,128,shuffled_wrong_answer_control,19,1.0,1.0,1.0,1.0,1.0
620,3,,oracle_corrective,20,1.0,1.0,1.0,1.0,1.0
621,1,,question_only,13,1.0,1.0,1.0,1.0,1.0
621,1,,wrong_answer_conditioned,14,1.0,1.0,1.0,1.0,1.0
621,1,224,shuffled_wrong_answer_control,14,1.0,1.0,1.0,1.0,1.0
621,1,,oracle_corrective,15,1.0,1.0,1.0,1.0,1.0
621,2,,question_only,13,1.0,1.0,1.0,1.0,1.0
621,2,,wrong_answer_conditioned,14,1.0,1.0,1.0,1.0,1.0
621,2,851,shuffled_wrong_answer_control,15,1.0,1.0,1.0,1.0,1.0
621,2,,oracle_corrective,15,1.0,1.0,1.0,1.0,1.0
621,3,,question_only,13,1.0,1.0,1.0,1.0,1.0
621,3,,wrong_answer_conditioned,14,1.0,1.0,1.0,1.0,1.0
621,3,228,shuffled_wrong_answer_control,14,1.0,1.0,1.0,1.0,1.0
621,3,,oracle_corrective,15,1.0,1.0,1.0,1.0,1.0
622,1,,question_only,11,1.0,1.0,1.0,1.0,1.0
622,1,,wrong_answer_conditioned,13,1.0,1.0,1.0,1.0,1.0
622,1,820,shuffled_wrong_answer_control,12,1.0,1.0,1.0,1.0,1.0
622,1,,oracle_corrective,15,1.0,1.0,1.0,1.0,1.0
622,2,,question_only,11,1.0,1.0,1.0,1.0,1.0
622,2,,wrong_answer_conditioned,13,1.0,1.0,1.0,1.0,1.0
622,2,284,shuffled_wrong_answer_control,12,1.0,1.0,1.0,1.0,1.0
622,2,,oracle_corrective,15,1.0,1.0,1.0,1.0,1.0
622,3,,question_only,11,1.0,1.0,1.0,1.0,1.0
622,3,,wrong_answer_conditioned,13,1.0,1.0,1.0,1.0,1.0
622,3,240,shuffled_wrong_answer_control,13,1.0,1.0,1.0,1.0,1.0
622,3,,oracle_corrective,15,1.0,1.0,1.0,1.0,1.0
623,1,,question_only,14,1.0,1.0,1.0,1.0,1.0
623,1,,wrong_answer_conditioned,15,1.0,1.0,1.0,1.0,1.0
623,1,355,shuffled_wrong_answer_control,15,1.0,1.0,1.0,1.0,1.0
623,1,,oracle_corrective,16,1.0,1.0,1.0,1.0,1.0
623,2,,question_only,14,1.0,1.0,1.0,1.0,1.0
623,2,,wrong_answer_conditioned,15,1.0,1.0,1.0,1.0,1.0
623,2,56,shuffled_wrong_answer_control,15,1.0,1.0,1.0,1.0,1.0
623,2,,oracle_corrective,16,1.0,1.0,1.0,1.0,1.0
623,3,,question_only,14,1.0,1.0,1.0,1.0,1.0
623,3,,wrong_answer_conditioned,15,1.0,1.0,1.0,1.0,1.0
623,3,386,shuffled_wrong_answer_control,15,1.0,1.0,1.0,1.0,1.0
623,3,,oracle_corrective,16,1.0,1.0,1.0,1.0,1.0
624,1,,question_only,12,1.0,1.0,1.0,1.0,1.0
624,1,,wrong_answer_conditioned,13,1.0,1.0,1.0,1.0,1.0
624,1,581,shuffled_wrong_answer_control,13,1.0,1.0,1.0,1.0,1.0
624,1,,oracle_corrective,15,1.0,1.0,1.0,1.0,1.0
624,2,,question_only,12,1.0,1.0,1.0,1.0,1.0
624,2,,wrong_answer_conditioned,13,1.0,1.0,1.0,1.0,1.0
624,2,120,shuffled_wrong_answer_control,15,1.0,1.0,1.0,1.0,1.0
624,2,,oracle_corrective,15,1.0,1.0,1.0,1.0,1.0
624,3,,question_only,12,1.0,1.0,1.0,1.0,1.0
624,3,,wrong_answer_conditioned,14,1.0,1.0,1.0,1.0,1.0
624,3,547,shuffled_wrong_answer_control,13,1.0,1.0,1.0,1.0,1.0
624,3,,oracle_corrective,16,1.0,1.0,1.0,1.0,1.0
625,1,,question_only,11,1.0,1.0,1.0,1.0,1.0
625,1,,wrong_answer_conditioned,13,1.0,1.0,1.0,1.0,1.0
625,1,754,shuffled_wrong_answer_control,13,1.0,1.0,1.0,1.0,1.0
625,1,,oracle_corrective,15,1.0,1.0,1.0,1.0,1.0
625,2,,question_only,11,1.0,1.0,1.0,1.0,1.0
625,2,,wrong_answer_conditioned,13,1.0,1.0,1.0,1.0,1.0
625,2,734,shuffled_wrong_answer_control,14,1.0,1.0,1.0,1.0,1.0
625,2,,oracle_corrective,15,1.0,1.0,1.0,1.0,1.0
625,3,,question_only,11,1.0,1.0,1.0,1.0,1.0
625,3,,wrong_answer_conditioned,13,1.0,1.0,1.0,1.0,1.0
625,3,204,shuffled_wrong_answer_control,12,1.0,1.0,1.0,1.0,1.0
625,3,,oracle_corrective,15,1.0,1.0,1.0,1.0,1.0
626,1,,question_only,7,1.0,1.0,1.0,1.0,1.0
626,1,,wrong_answer_conditioned,8,1.0,1.0,1.0,1.0,1.0
626,1,276,shuffled_wrong_answer_control,8,1.0,1.0,1.0,1.0,1.0
626,1,,oracle_corrective,9,1.0,1.0,1.0,1.0,1.0
626,2,,question_only,7,1.0,1.0,1.0,1.0,1.0
626,2,,wrong_answer_conditioned,8,1.0,1.0,1.0,1.0,1.0
626,2,141,shuffled_wrong_answer_control,8,1.0,1.0,1.0,1.0,1.0
626,2,,oracle_corrective,9,1.0,1.0,1.0,1.0,1.0
626,3,,question_only,7,1.0,1.0,1.0,1.0,1.0
626,3,,wrong_answer_conditioned,8,1.0,1.0,1.0,1.0,1.0
626,3,741,shuffled_wrong_answer_control,9,1.0,1.0,1.0,1.0,1.0
626,3,,oracle_corrective,9,1.0,1.0,1.0,1.0,1.0
627,1,,question_only,8,1.0,1.0,1.0,1.0,1.0
627,1,,wrong_answer_conditioned,9,1.0,1.0,1.0,1.0,1.0
627,1,631,shuffled_wrong_answer_control,10,1.0,1.0,1.0,1.0,1.0
627,1,,oracle_corrective,10,1.0,1.0,1.0,1.0,1.0
627,2,,question_only,8,1.0,1.0,1.0,1.0,1.0
627,2,,wrong_answer_conditioned,9,1.0,1.0,1.0,1.0,1.0
627,2,347,shuffled_wrong_answer_control,9,1.0,1.0,1.0,1.0,1.0
627,2,,oracle_corrective,10,1.0,1.0,1.0,1.0,1.0
627,3,,question_only,8,1.0,1.0,1.0,1.0,1.0
627,3,,wrong_answer_conditioned,9,1.0,1.0,1.0,1.0,1.0
627,3,616,shuffled_wrong_answer_control,9,1.0,1.0,1.0,1.0,1.0
627,3,,oracle_corrective,10,1.0,1.0,1.0,1.0,1.0
628,1,,question_only,20,1.0,1.0,1.0,1.0,1.0
628,1,,wrong_answer_conditioned,21,1.0,1.0,1.0,1.0,1.0
628,1,643,shuffled_wrong_answer_control,22,1.0,1.0,1.0,1.0,1.0
628,1,,oracle_corrective,22,1.0,1.0,1.0,1.0,1.0
628,2,,question_only,20,1.0,1.0,1.0,1.0,1.0
628,2,,wrong_answer_conditioned,21,1.0,1.0,1.0,1.0,1.0
628,2,869,shuffled_wrong_answer_control,21,1.0,1.0,1.0,1.0,1.0
628,2,,oracle_corrective,22,1.0,1.0,1.0,1.0,1.0
628,3,,question_only,20,1.0,1.0,1.0,1.0,1.0
628,3,,wrong_answer_conditioned,21,1.0,1.0,1.0,1.0,1.0
628,3,303,shuffled_wrong_answer_control,21,1.0,1.0,1.0,1.0,1.0
628,3,,oracle_corrective,22,1.0,1.0,1.0,1.0,1.0
629,1,,question_only,12,1.0,1.0,1.0,1.0,1.0
629,1,,wrong_answer_conditioned,13,1.0,1.0,1.0,1.0,1.0
629,1,242,shuffled_wrong_answer_control,13,1.0,1.0,1.0,1.0,1.0
629,1,,oracle_corrective,14,1.0,1.0,1.0,1.0,1.0
629,2,,question_only,12,1.0,1.0,1.0,1.0,1.0
629,2,,wrong_answer_conditioned,13,1.0,1.0,1.0,1.0,1.0
629,2,740,shuffled_wrong_answer_control,13,1.0,1.0,1.0,1.0,1.0
629,2,,oracle_corrective,14,1.0,1.0,1.0,1.0,1.0
629,3,,question_only,12,1.0,1.0,1.0,1.0,1.0
629,3,,wrong_answer_conditioned,13,1.0,1.0,1.0,1.0,1.0
629,3,871,shuffled_wrong_answer_control,14,1.0,1.0,1.0,1.0,1.0
629,3,,oracle_corrective,14,1.0,1.0,1.0,1.0,1.0
630,1,,question_only,7,1.0,1.0,1.0,1.0,1.0
630,1,,wrong_answer_conditioned,10,1.0,1.0,1.0,1.0,1.0
630,1,878,shuffled_wrong_answer_control,8,1.0,1.0,1.0,1.0,1.0
630,1,,oracle_corrective,13,1.0,1.0,1.0,1.0,1.0
630,2,,question_only,7,1.0,1.0,1.0,1.0,1.0
630,2,,wrong_answer_conditioned,10,1.0,1.0,1.0,1.0,1.0
630,2,519,shuffled_wrong_answer_control,9,1.0,1.0,1.0,1.0,1.0
630,2,,oracle_corrective,13,1.0,1.0,1.0,1.0,1.0
630,3,,question_only,7,1.0,1.0,1.0,1.0,1.0
630,3,,wrong_answer_conditioned,10,1.0,1.0,1.0,1.0,1.0
630,3,426,shuffled_wrong_answer_control,8,1.0,1.0,1.0,1.0,1.0
630,3,,oracle_corrective,13,1.0,1.0,1.0,1.0,1.0
631,1,,question_only,14,1.0,1.0,1.0,1.0,1.0
631,1,,wrong_answer_conditioned,16,1.0,1.0,1.0,1.0,1.0
631,1,147,shuffled_wrong_answer_control,16,1.0,1.0,1.0,1.0,1.0
631,1,,oracle_corrective,18,1.0,1.0,1.0,1.0,1.0
631,2,,question_only,14,1.0,1.0,1.0,1.0,1.0
631,2,,wrong_answer_conditioned,16,1.0,1.0,1.0,1.0,1.0
631,2,221,shuffled_wrong_answer_control,16,1.0,1.0,1.0,1.0,1.0
631,2,,oracle_corrective,18,1.0,1.0,1.0,1.0,1.0
631,3,,question_only,14,1.0,1.0,1.0,1.0,1.0
631,3,,wrong_answer_conditioned,16,1.0,1.0,1.0,1.0,1.0
631,3,456,shuffled_wrong_answer_control,15,1.0,1.0,1.0,1.0,1.0
631,3,,oracle_corrective,18,1.0,1.0,1.0,1.0,1.0
632,1,,question_only,14,1.0,1.0,1.0,1.0,1.0
632,1,,wrong_answer_conditioned,15,1.0,1.0,1.0,1.0,1.0
632,1,198,shuffled_wrong_answer_control,15,1.0,1.0,1.0,1.0,1.0
632,1,,oracle_corrective,16,1.0,1.0,1.0,1.0,1.0
632,2,,question_only,14,1.0,1.0,1.0,1.0,1.0
632,2,,wrong_answer_conditioned,15,1.0,1.0,1.0,1.0,1.0
632,2,350,shuffled_wrong_answer_control,15,1.0,1.0,1.0,1.0,1.0
632,2,,oracle_corrective,16,1.0,1.0,1.0,1.0,1.0
632,3,,question_only,14,1.0,1.0,1.0,1.0,1.0
632,3,,wrong_answer_conditioned,15,1.0,1.0,1.0,1.0,1.0
632,3,538,shuffled_wrong_answer_control,15,1.0,1.0,1.0,1.0,1.0
632,3,,oracle_corrective,16,1.0,1.0,1.0,1.0,1.0
633,1,,question_only,9,1.0,1.0,1.0,1.0,1.0
633,1,,wrong_answer_conditioned,10,1.0,1.0,1.0,1.0,1.0
633,1,183,shuffled_wrong_answer_control,12,1.0,1.0,1.0,1.0,1.0
633,1,,oracle_corrective,11,1.0,1.0,1.0,1.0,1.0
633,2,,question_only,9,1.0,1.0,1.0,1.0,1.0
633,2,,wrong_answer_conditioned,10,1.0,1.0,1.0,1.0,1.0
633,2,507,shuffled_wrong_answer_control,10,1.0,1.0,1.0,1.0,1.0
633,2,,oracle_corrective,11,1.0,1.0,1.0,1.0,1.0
633,3,,question_only,9,1.0,1.0,1.0,1.0,1.0
633,3,,wrong_answer_conditioned,10,1.0,1.0,1.0,1.0,1.0
633,3,694,shuffled_wrong_answer_control,10,1.0,1.0,1.0,1.0,1.0
633,3,,oracle_corrective,11,1.0,1.0,1.0,1.0,1.0
634,1,,question_only,19,1.0,1.0,1.0,1.0,1.0
634,1,,wrong_answer_conditioned,21,1.0,1.0,1.0,1.0,1.0
634,1,671,shuffled_wrong_answer_control,20,1.0,1.0,1.0,1.0,1.0
634,1,,oracle_corrective,23,1.0,1.0,1.0,1.0,1.0
634,2,,question_only,19,1.0,1.0,1.0,1.0,1.0
634,2,,wrong_answer_conditioned,21,1.0,1.0,1.0,1.0,1.0
634,2,291,shuffled_wrong_answer_control,21,1.0,1.0,1.0,1.0,1.0
634,2,,oracle_corrective,23,1.0,1.0,1.0,1.0,1.0
634,3,,question_only,19,1.0,1.0,1.0,1.0,1.0
634,3,,wrong_answer_conditioned,21,1.0,1.0,1.0,1.0,1.0
634,3,56,shuffled_wrong_answer_control,21,1.0,1.0,1.0,1.0,1.0
634,3,,oracle_corrective,23,1.0,1.0,1.0,1.0,1.0
635,1,,question_only,12,1.0,1.0,1.0,1.0,1.0
635,1,,wrong_answer_conditioned,14,1.0,1.0,1.0,1.0,1.0
635,1,113,shuffled_wrong_answer_control,13,1.0,1.0,1.0,1.0,1.0
635,1,,oracle_corrective,16,1.0,1.0,1.0,1.0,1.0
635,2,,question_only,12,1.0,1.0,1.0,1.0,1.0
635,2,,wrong_answer_conditioned,14,1.0,1.0,1.0,1.0,1.0
635,2,218,shuffled_wrong_answer_control,14,1.0,1.0,1.0,1.0,1.0
635,2,,oracle_corrective,16,1.0,1.0,1.0,1.0,1.0
635,3,,question_only,12,1.0,1.0,1.0,1.0,1.0
635,3,,wrong_answer_conditioned,14,1.0,1.0,1.0,1.0,1.0
635,3,381,shuffled_wrong_answer_control,13,1.0,1.0,1.0,1.0,1.0
635,3,,oracle_corrective,16,1.0,1.0,1.0,1.0,1.0
636,1,,question_only,11,1.0,1.0,1.0,1.0,1.0
636,1,,wrong_answer_conditioned,12,1.0,1.0,1.0,1.0,1.0
636,1,108,shuffled_wrong_answer_control,12,1.0,1.0,1.0,1.0,1.0
636,1,,oracle_corrective,13,1.0,1.0,1.0,1.0,1.0
636,2,,question_only,11,1.0,1.0,1.0,1.0,1.0
636,2,,wrong_answer_conditioned,12,1.0,1.0,1.0,1.0,1.0
636,2,797,shuffled_wrong_answer_control,12,1.0,1.0,1.0,1.0,1.0
636,2,,oracle_corrective,13,1.0,1.0,1.0,1.0,1.0
636,3,,question_only,11,1.0,1.0,1.0,1.0,1.0
636,3,,wrong_answer_conditioned,12,1.0,1.0,1.0,1.0,1.0
636,3,142,shuffled_wrong_answer_control,12,1.0,1.0,1.0,1.0,1.0
636,3,,oracle_corrective,13,1.0,1.0,1.0,1.0,1.0
637,1,,question_only,9,1.0,1.0,1.0,1.0,1.0
637,1,,wrong_answer_conditioned,11,1.0,1.0,1.0,1.0,1.0
637,1,425,shuffled_wrong_answer_control,10,1.0,1.0,1.0,1.0,1.0
637,1,,oracle_corrective,16,1.0,1.0,1.0,1.0,1.0
637,2,,question_only,9,1.0,1.0,1.0,1.0,1.0
637,2,,wrong_answer_conditioned,11,1.0,1.0,1.0,1.0,1.0
637,2,517,shuffled_wrong_answer_control,10,1.0,1.0,1.0,1.0,1.0
637,2,,oracle_corrective,16,1.0,1.0,1.0,1.0,1.0
637,3,,question_only,9,1.0,1.0,1.0,1.0,1.0
637,3,,wrong_answer_conditioned,12,1.0,1.0,1.0,1.0,1.0
637,3,149,shuffled_wrong_answer_control,10,1.0,1.0,1.0,1.0,1.0
637,3,,oracle_corrective,17,1.0,1.0,1.0,1.0,1.0
638,1,,question_only,13,1.0,1.0,1.0,1.0,1.0
638,1,,wrong_answer_conditioned,14,1.0,1.0,1.0,1.0,1.0
638,1,136,shuffled_wrong_answer_control,14,1.0,1.0,1.0,1.0,1.0
638,1,,oracle_corrective,15,1.0,1.0,1.0,1.0,1.0
638,2,,question_only,13,1.0,1.0,1.0,1.0,1.0
638,2,,wrong_answer_conditioned,14,1.0,1.0,1.0,1.0,1.0
638,2,130,shuffled_wrong_answer_control,14,1.0,1.0,1.0,1.0,1.0
638,2,,oracle_corrective,15,1.0,1.0,1.0,1.0,1.0
638,3,,question_only,13,1.0,1.0,1.0,1.0,1.0
638,3,,wrong_answer_conditioned,14,1.0,1.0,1.0,1.0,1.0
638,3,779,shuffled_wrong_answer_control,15,1.0,1.0,1.0,1.0,1.0
638,3,,oracle_corrective,15,1.0,1.0,1.0,1.0,1.0
639,1,,question_only,13,1.0,1.0,1.0,1.0,1.0
639,1,,wrong_answer_conditioned,14,1.0,1.0,1.0,1.0,1.0
639,1,260,shuffled_wrong_answer_control,15,1.0,1.0,1.0,1.0,1.0
639,1,,oracle_corrective,15,1.0,1.0,1.0,1.0,1.0
639,2,,question_only,13,1.0,1.0,1.0,1.0,1.0
639,2,,wrong_answer_conditioned,14,1.0,1.0,1.0,1.0,1.0
639,2,549,shuffled_wrong_answer_control,14,1.0,1.0,1.0,1.0,1.0
639,2,,oracle_corrective,15,1.0,1.0,1.0,1.0,1.0
639,3,,question_only,13,1.0,1.0,1.0,1.0,1.0
639,3,,wrong_answer_conditioned,14,1.0,1.0,1.0,1.0,1.0
639,3,171,shuffled_wrong_answer_control,14,1.0,1.0,1.0,1.0,1.0
639,3,,oracle_corrective,15,1.0,1.0,1.0,1.0,1.0
640,1,,question_only,18,1.0,1.0,1.0,1.0,1.0
640,1,,wrong_answer_conditioned,19,1.0,1.0,1.0,1.0,1.0
640,1,416,shuffled_wrong_answer_control,19,1.0,1.0,1.0,1.0,1.0
640,1,,oracle_corrective,20,1.0,1.0,1.0,1.0,1.0
640,2,,question_only,18,1.0,1.0,1.0,1.0,1.0
640,2,,wrong_answer_conditioned,19,1.0,1.0,1.0,1.0,1.0
640,2,207,shuffled_wrong_answer_control,19,1.0,1.0,1.0,1.0,1.0
640,2,,oracle_corrective,20,1.0,1.0,1.0,1.0,1.0
640,3,,question_only,18,1.0,1.0,1.0,1.0,1.0
640,3,,wrong_answer_conditioned,19,1.0,1.0,1.0,1.0,1.0
640,3,88,shuffled_wrong_answer_control,19,1.0,1.0,1.0,1.0,1.0
640,3,,oracle_corrective,20,1.0,1.0,1.0,1.0,1.0
641,1,,question_only,13,1.0,1.0,1.0,1.0,1.0
641,1,,wrong_answer_conditioned,15,1.0,1.0,1.0,1.0,1.0
641,1,66,shuffled_wrong_answer_control,14,1.0,1.0,1.0,1.0,1.0
641,1,,oracle_corrective,17,1.0,1.0,1.0,1.0,1.0
641,2,,question_only,13,1.0,1.0,1.0,1.0,1.0
641,2,,wrong_answer_conditioned,15,1.0,1.0,1.0,1.0,1.0
641,2,258,shuffled_wrong_answer_control,15,1.0,1.0,1.0,1.0,1.0
641,2,,oracle_corrective,17,1.0,1.0,1.0,1.0,1.0
641,3,,question_only,13,1.0,1.0,1.0,1.0,1.0
641,3,,wrong_answer_conditioned,15,1.0,1.0,1.0,1.0,1.0
641,3,160,shuffled_wrong_answer_control,14,1.0,1.0,1.0,1.0,1.0
641,3,,oracle_corrective,17,1.0,1.0,1.0,1.0,1.0
642,1,,question_only,10,1.0,1.0,1.0,1.0,1.0
642,1,,wrong_answer_conditioned,13,1.0,1.0,1.0,1.0,1.0
642,1,3,shuffled_wrong_answer_control,11,1.0,1.0,1.0,1.0,1.0
642,1,,oracle_corrective,15,1.0,1.0,1.0,1.0,1.0
642,2,,question_only,10,1.0,1.0,1.0,1.0,1.0
642,2,,wrong_answer_conditioned,11,1.0,1.0,1.0,1.0,1.0
642,2,480,shuffled_wrong_answer_control,11,1.0,1.0,1.0,1.0,1.0
642,2,,oracle_corrective,13,1.0,1.0,1.0,1.0,1.0
642,3,,question_only,10,1.0,1.0,1.0,1.0,1.0
642,3,,wrong_answer_conditioned,12,1.0,1.0,1.0,1.0,1.0
642,3,692,shuffled_wrong_answer_control,12,1.0,1.0,1.0,1.0,1.0
642,3,,oracle_corrective,14,1.0,1.0,1.0,1.0,1.0
643,1,,question_only,22,1.0,1.0,1.0,1.0,1.0
643,1,,wrong_answer_conditioned,24,1.0,1.0,1.0,1.0,1.0
643,1,670,shuffled_wrong_answer_control,23,1.0,1.0,1.0,1.0,1.0
643,1,,oracle_corrective,25,1.0,1.0,1.0,1.0,1.0
643,2,,question_only,22,1.0,1.0,1.0,1.0,1.0
643,2,,wrong_answer_conditioned,23,1.0,1.0,1.0,1.0,1.0
643,2,657,shuffled_wrong_answer_control,24,1.0,1.0,1.0,1.0,1.0
643,2,,oracle_corrective,24,1.0,1.0,1.0,1.0,1.0
643,3,,question_only,22,1.0,1.0,1.0,1.0,1.0
643,3,,wrong_answer_conditioned,24,1.0,1.0,1.0,1.0,1.0
643,3,712,shuffled_wrong_answer_control,24,1.0,1.0,1.0,1.0,1.0
643,3,,oracle_corrective,25,1.0,1.0,1.0,1.0,1.0
644,1,,question_only,13,1.0,1.0,1.0,1.0,1.0
644,1,,wrong_answer_conditioned,15,1.0,1.0,1.0,1.0,1.0
644,1,324,shuffled_wrong_answer_control,15,1.0,1.0,1.0,1.0,1.0
644,1,,oracle_corrective,16,1.0,1.0,1.0,1.0,1.0
644,2,,question_only,13,1.0,1.0,1.0,1.0,1.0
644,2,,wrong_answer_conditioned,14,1.0,1.0,1.0,1.0,1.0
644,2,527,shuffled_wrong_answer_control,14,1.0,1.0,1.0,1.0,1.0
644,2,,oracle_corrective,15,1.0,1.0,1.0,1.0,1.0
644,3,,question_only,13,1.0,1.0,1.0,1.0,1.0
644,3,,wrong_answer_conditioned,14,1.0,1.0,1.0,1.0,1.0
644,3,47,shuffled_wrong_answer_control,14,1.0,1.0,1.0,1.0,1.0
644,3,,oracle_corrective,15,1.0,1.0,1.0,1.0,1.0
645,1,,question_only,8,1.0,1.0,1.0,1.0,1.0
645,1,,wrong_answer_conditioned,9,1.0,1.0,1.0,1.0,1.0
645,1,2,shuffled_wrong_answer_control,9,1.0,1.0,1.0,1.0,1.0
645,1,,oracle_corrective,10,1.0,1.0,1.0,1.0,1.0
645,2,,question_only,8,1.0,1.0,1.0,1.0,1.0
645,2,,wrong_answer_conditioned,9,1.0,1.0,1.0,1.0,1.0
645,2,652,shuffled_wrong_answer_control,9,1.0,1.0,1.0,1.0,1.0
645,2,,oracle_corrective,10,1.0,1.0,1.0,1.0,1.0
645,3,,question_only,8,1.0,1.0,1.0,1.0,1.0
645,3,,wrong_answer_conditioned,9,1.0,1.0,1.0,1.0,1.0
645,3,451,shuffled_wrong_answer_control,10,1.0,1.0,1.0,1.0,1.0
645,3,,oracle_corrective,10,1.0,1.0,1.0,1.0,1.0
646,1,,question_only,9,1.0,1.0,1.0,1.0,1.0
646,1,,wrong_answer_conditioned,10,1.0,1.0,1.0,1.0,1.0
646,1,743,shuffled_wrong_answer_control,10,1.0,1.0,1.0,1.0,1.0
646,1,,oracle_corrective,11,1.0,1.0,1.0,1.0,1.0
646,2,,question_only,9,1.0,1.0,1.0,1.0,1.0
646,2,,wrong_answer_conditioned,10,1.0,1.0,1.0,1.0,1.0
646,2,725,shuffled_wrong_answer_control,11,1.0,1.0,1.0,1.0,1.0
646,2,,oracle_corrective,11,1.0,1.0,1.0,1.0,1.0
646,3,,question_only,9,1.0,1.0,1.0,1.0,1.0
646,3,,wrong_answer_conditioned,10,1.0,1.0,1.0,1.0,1.0
646,3,601,shuffled_wrong_answer_control,10,1.0,1.0,1.0,1.0,1.0
646,3,,oracle_corrective,11,1.0,1.0,1.0,1.0,1.0
647,1,,question_only,3,0.25,0.0,0.0,1.0,0.43067655807339306
647,1,,wrong_answer_conditioned,9,1.0,1.0,1.0,1.0,1.0
647,1,379,shuffled_wrong_answer_control,4,0.25,0.0,0.0,1.0,0.43067655807339306
647,1,,oracle_corrective,15,1.0,1.0,1.0,1.0,1.0
647,2,,question_only,3,0.25,0.0,0.0,1.0,0.43067655807339306
647,2,,wrong_answer_conditioned,7,0.5,0.0,1.0,1.0,0.6309297535714575
647,2,343,shuffled_wrong_answer_control,6,0.0,0.0,0.0,0.0,0.0
647,2,,oracle_corrective,13,1.0,1.0,1.0,1.0,1.0
647,3,,question_only,3,0.25,0.0,0.0,1.0,0.43067655807339306
647,3,,wrong_answer_conditioned,7,0.0,0.0,0.0,0.0,0.0
647,3,454,shuffled_wrong_answer_control,4,0.2,0.0,0.0,1.0,0.38685280723454163
647,3,,oracle_corrective,13,1.0,1.0,1.0,1.0,1.0
648,1,,question_only,14,1.0,1.0,1.0,1.0,1.0
648,1,,wrong_answer_conditioned,16,1.0,1.0,1.0,1.0,1.0
648,1,305,shuffled_wrong_answer_control,15,1.0,1.0,1.0,1.0,1.0
648,1,,oracle_corrective,18,1.0,1.0,1.0,1.0,1.0
648,2,,question_only,14,1.0,1.0,1.0,1.0,1.0
648,2,,wrong_answer_conditioned,16,1.0,1.0,1.0,1.0,1.0
648,2,737,shuffled_wrong_answer_control,15,1.0,1.0,1.0,1.0,1.0
648,2,,oracle_corrective,18,1.0,1.0,1.0,1.0,1.0
648,3,,question_only,14,1.0,1.0,1.0,1.0,1.0
648,3,,wrong_answer_conditioned,16,1.0,1.0,1.0,1.0,1.0
648,3,756,shuffled_wrong_answer_control,15,1.0,1.0,1.0,1.0,1.0
648,3,,oracle_corrective,18,1.0,1.0,1.0,1.0,1.0
649,1,,question_only,17,1.0,1.0,1.0,1.0,1.0
649,1,,wrong_answer_conditioned,18,1.0,1.0,1.0,1.0,1.0
649,1,178,shuffled_wrong_answer_control,18,1.0,1.0,1.0,1.0,1.0
649,1,,oracle_corrective,19,1.0,1.0,1.0,1.0,1.0
649,2,,question_only,17,1.0,1.0,1.0,1.0,1.0
649,2,,wrong_answer_conditioned,18,1.0,1.0,1.0,1.0,1.0
649,2,387,shuffled_wrong_answer_control,18,1.0,1.0,1.0,1.0,1.0
649,2,,oracle_corrective,19,1.0,1.0,1.0,1.0,1.0
649,3,,question_only,17,1.0,1.0,1.0,1.0,1.0
649,3,,wrong_answer_conditioned,18,1.0,1.0,1.0,1.0,1.0
649,3,733,shuffled_wrong_answer_control,22,1.0,1.0,1.0,1.0,1.0
649,3,,oracle_corrective,19,1.0,1.0,1.0,1.0,1.0
650,1,,question_only,20,1.0,1.0,1.0,1.0,1.0
650,1,,wrong_answer_conditioned,21,1.0,1.0,1.0,1.0,1.0
650,1,606,shuffled_wrong_answer_control,21,1.0,1.0,1.0,1.0,1.0
650,1,,oracle_corrective,22,1.0,1.0,1.0,1.0,1.0
650,2,,question_only,20,1.0,1.0,1.0,1.0,1.0
650,2,,wrong_answer_conditioned,21,1.0,1.0,1.0,1.0,1.0
650,2,424,shuffled_wrong_answer_control,21,1.0,1.0,1.0,1.0,1.0
650,2,,oracle_corrective,22,1.0,1.0,1.0,1.0,1.0
650,3,,question_only,20,1.0,1.0,1.0,1.0,1.0
650,3,,wrong_answer_conditioned,21,1.0,1.0,1.0,1.0,1.0
650,3,40,shuffled_wrong_answer_control,21,1.0,1.0,1.0,1.0,1.0
650,3,,oracle_corrective,22,1.0,1.0,1.0,1.0,1.0
651,1,,question_only,9,1.0,1.0,1.0,1.0,1.0
651,1,,wrong_answer_conditioned,11,1.0,1.0,1.0,1.0,1.0
651,1,353,shuffled_wrong_answer_control,11,1.0,1.0,1.0,1.0,1.0
651,1,,oracle_corrective,12,1.0,1.0,1.0,1.0,1.0
651,2,,question_only,9,1.0,1.0,1.0,1.0,1.0
651,2,,wrong_answer_conditioned,10,1.0,1.0,1.0,1.0,1.0
651,2,222,shuffled_wrong_answer_control,13,1.0,1.0,1.0,1.0,1.0
651,2,,oracle_corrective,11,1.0,1.0,1.0,1.0,1.0
651,3,,question_only,9,1.0,1.0,1.0,1.0,1.0
651,3,,wrong_answer_conditioned,11,1.0,1.0,1.0,1.0,1.0
651,3,15,shuffled_wrong_answer_control,10,1.0,1.0,1.0,1.0,1.0
651,3,,oracle_corrective,12,1.0,1.0,1.0,1.0,1.0
652,1,,question_only,8,1.0,1.0,1.0,1.0,1.0
652,1,,wrong_answer_conditioned,9,1.0,1.0,1.0,1.0,1.0
652,1,649,shuffled_wrong_answer_control,9,1.0,1.0,1.0,1.0,1.0
652,1,,oracle_corrective,12,1.0,1.0,1.0,1.0,1.0
652,2,,question_only,8,1.0,1.0,1.0,1.0,1.0
652,2,,wrong_answer_conditioned,9,1.0,1.0,1.0,1.0,1.0
652,2,70,shuffled_wrong_answer_control,10,1.0,1.0,1.0,1.0,1.0
652,2,,oracle_corrective,12,1.0,1.0,1.0,1.0,1.0
652,3,,question_only,8,1.0,1.0,1.0,1.0,1.0
652,3,,wrong_answer_conditioned,11,1.0,1.0,1.0,1.0,1.0
652,3,50,shuffled_wrong_answer_control,10,1.0,1.0,1.0,1.0,1.0
652,3,,oracle_corrective,14,1.0,1.0,1.0,1.0,1.0
653,1,,question_only,23,1.0,1.0,1.0,1.0,1.0
653,1,,wrong_answer_conditioned,25,1.0,1.0,1.0,1.0,1.0
653,1,839,shuffled_wrong_answer_control,25,1.0,1.0,1.0,1.0,1.0
653,1,,oracle_corrective,27,1.0,1.0,1.0,1.0,1.0
653,2,,question_only,23,1.0,1.0,1.0,1.0,1.0
653,2,,wrong_answer_conditioned,25,1.0,1.0,1.0,1.0,1.0
653,2,510,shuffled_wrong_answer_control,25,1.0,1.0,1.0,1.0,1.0
653,2,,oracle_corrective,27,1.0,1.0,1.0,1.0,1.0
653,3,,question_only,23,1.0,1.0,1.0,1.0,1.0
653,3,,wrong_answer_conditioned,25,1.0,1.0,1.0,1.0,1.0
653,3,735,shuffled_wrong_answer_control,26,1.0,1.0,1.0,1.0,1.0
653,3,,oracle_corrective,27,1.0,1.0,1.0,1.0,1.0
654,1,,question_only,14,1.0,1.0,1.0,1.0,1.0
654,1,,wrong_answer_conditioned,15,1.0,1.0,1.0,1.0,1.0
654,1,200,shuffled_wrong_answer_control,16,1.0,1.0,1.0,1.0,1.0
654,1,,oracle_corrective,16,1.0,1.0,1.0,1.0,1.0
654,2,,question_only,14,1.0,1.0,1.0,1.0,1.0
654,2,,wrong_answer_conditioned,15,1.0,1.0,1.0,1.0,1.0
654,2,375,shuffled_wrong_answer_control,16,1.0,1.0,1.0,1.0,1.0
654,2,,oracle_corrective,16,1.0,1.0,1.0,1.0,1.0
654,3,,question_only,14,1.0,1.0,1.0,1.0,1.0
654,3,,wrong_answer_conditioned,15,1.0,1.0,1.0,1.0,1.0
654,3,836,shuffled_wrong_answer_control,15,1.0,1.0,1.0,1.0,1.0
654,3,,oracle_corrective,16,1.0,1.0,1.0,1.0,1.0
655,1,,question_only,7,0.0,0.0,0.0,0.0,0.0
655,1,,wrong_answer_conditioned,8,0.0,0.0,0.0,0.0,0.0
655,1,637,shuffled_wrong_answer_control,9,0.0,0.0,0.0,0.0,0.0
655,1,,oracle_corrective,10,0.0,0.0,0.0,0.0,0.0
655,2,,question_only,7,0.0,0.0,0.0,0.0,0.0
655,2,,wrong_answer_conditioned,8,0.0,0.0,0.0,0.0,0.0
655,2,196,shuffled_wrong_answer_control,9,0.0,0.0,0.0,0.0,0.0
655,2,,oracle_corrective,10,0.0,0.0,0.0,0.0,0.0
655,3,,question_only,7,0.0,0.0,0.0,0.0,0.0
655,3,,wrong_answer_conditioned,9,0.0,0.0,0.0,0.0,0.0
655,3,145,shuffled_wrong_answer_control,9,0.0,0.0,0.0,0.0,0.0
655,3,,oracle_corrective,11,0.0,0.0,0.0,0.0,0.0
656,1,,question_only,10,0.5,0.0,1.0,1.0,0.6309297535714575
656,1,,wrong_answer_conditioned,12,1.0,1.0,1.0,1.0,1.0
656,1,250,shuffled_wrong_answer_control,11,0.5,0.0,1.0,1.0,0.6309297535714575
656,1,,oracle_corrective,14,1.0,1.0,1.0,1.0,1.0
656,2,,question_only,10,0.5,0.0,1.0,1.0,0.6309297535714575
656,2,,wrong_answer_conditioned,12,1.0,1.0,1.0,1.0,1.0
656,2,515,shuffled_wrong_answer_control,11,0.5,0.0,1.0,1.0,0.6309297535714575
656,2,,oracle_corrective,14,1.0,1.0,1.0,1.0,1.0
656,3,,question_only,10,0.5,0.0,1.0,1.0,0.6309297535714575
656,3,,wrong_answer_conditioned,12,1.0,1.0,1.0,1.0,1.0
656,3,159,shuffled_wrong_answer_control,11,0.5,0.0,1.0,1.0,0.6309297535714575
656,3,,oracle_corrective,14,1.0,1.0,1.0,1.0,1.0
657,1,,question_only,17,1.0,1.0,1.0,1.0,1.0
657,1,,wrong_answer_conditioned,19,1.0,1.0,1.0,1.0,1.0
657,1,857,shuffled_wrong_answer_control,18,1.0,1.0,1.0,1.0,1.0
657,1,,oracle_corrective,21,1.0,1.0,1.0,1.0,1.0
657,2,,question_only,17,1.0,1.0,1.0,1.0,1.0
657,2,,wrong_answer_conditioned,19,1.0,1.0,1.0,1.0,1.0
657,2,371,shuffled_wrong_answer_control,18,1.0,1.0,1.0,1.0,1.0
657,2,,oracle_corrective,21,1.0,1.0,1.0,1.0,1.0
657,3,,question_only,17,1.0,1.0,1.0,1.0,1.0
657,3,,wrong_answer_conditioned,19,1.0,1.0,1.0,1.0,1.0
657,3,370,shuffled_wrong_answer_control,18,1.0,1.0,1.0,1.0,1.0
657,3,,oracle_corrective,21,1.0,1.0,1.0,1.0,1.0
658,1,,question_only,19,1.0,1.0,1.0,1.0,1.0
658,1,,wrong_answer_conditioned,21,1.0,1.0,1.0,1.0,1.0
658,1,221,shuffled_wrong_answer_control,21,1.0,1.0,1.0,1.0,1.0
658,1,,oracle_corrective,23,1.0,1.0,1.0,1.0,1.0
658,2,,question_only,19,1.0,1.0,1.0,1.0,1.0
658,2,,wrong_answer_conditioned,21,1.0,1.0,1.0,1.0,1.0
658,2,401,shuffled_wrong_answer_control,22,1.0,1.0,1.0,1.0,1.0
658,2,,oracle_corrective,23,1.0,1.0,1.0,1.0,1.0
658,3,,question_only,19,1.0,1.0,1.0,1.0,1.0
658,3,,wrong_answer_conditioned,21,1.0,1.0,1.0,1.0,1.0
658,3,457,shuffled_wrong_answer_control,20,1.0,1.0,1.0,1.0,1.0
658,3,,oracle_corrective,23,1.0,1.0,1.0,1.0,1.0
659,1,,question_only,7,1.0,1.0,1.0,1.0,1.0
659,1,,wrong_answer_conditioned,8,1.0,1.0,1.0,1.0,1.0
659,1,282,shuffled_wrong_answer_control,8,1.0,1.0,1.0,1.0,1.0
659,1,,oracle_corrective,9,1.0,1.0,1.0,1.0,1.0
659,2,,question_only,7,1.0,1.0,1.0,1.0,1.0
659,2,,wrong_answer_conditioned,9,1.0,1.0,1.0,1.0,1.0
659,2,199,shuffled_wrong_answer_control,9,1.0,1.0,1.0,1.0,1.0
659,2,,oracle_corrective,10,1.0,1.0,1.0,1.0,1.0
659,3,,question_only,7,1.0,1.0,1.0,1.0,1.0
659,3,,wrong_answer_conditioned,8,1.0,1.0,1.0,1.0,1.0
659,3,123,shuffled_wrong_answer_control,8,1.0,1.0,1.0,1.0,1.0
659,3,,oracle_corrective,9,1.0,1.0,1.0,1.0,1.0
660,1,,question_only,9,1.0,1.0,1.0,1.0,1.0
660,1,,wrong_answer_conditioned,10,1.0,1.0,1.0,1.0,1.0
660,1,830,shuffled_wrong_answer_control,11,1.0,1.0,1.0,1.0,1.0
660,1,,oracle_corrective,11,1.0,1.0,1.0,1.0,1.0
660,2,,question_only,9,1.0,1.0,1.0,1.0,1.0
660,2,,wrong_answer_conditioned,10,1.0,1.0,1.0,1.0,1.0
660,2,139,shuffled_wrong_answer_control,10,1.0,1.0,1.0,1.0,1.0
660,2,,oracle_corrective,11,1.0,1.0,1.0,1.0,1.0
660,3,,question_only,9,1.0,1.0,1.0,1.0,1.0
660,3,,wrong_answer_conditioned,10,1.0,1.0,1.0,1.0,1.0
660,3,430,shuffled_wrong_answer_control,10,1.0,1.0,1.0,1.0,1.0
660,3,,oracle_corrective,11,1.0,1.0,1.0,1.0,1.0
661,1,,question_only,19,1.0,1.0,1.0,1.0,1.0
661,1,,wrong_answer_conditioned,20,1.0,1.0,1.0,1.0,1.0
661,1,273,shuffled_wrong_answer_control,20,1.0,1.0,1.0,1.0,1.0
661,1,,oracle_corrective,21,1.0,1.0,1.0,1.0,1.0
661,2,,question_only,19,1.0,1.0,1.0,1.0,1.0
661,2,,wrong_answer_conditioned,20,1.0,1.0,1.0,1.0,1.0
661,2,99,shuffled_wrong_answer_control,20,1.0,1.0,1.0,1.0,1.0
661,2,,oracle_corrective,21,1.0,1.0,1.0,1.0,1.0
661,3,,question_only,19,1.0,1.0,1.0,1.0,1.0
661,3,,wrong_answer_conditioned,20,1.0,1.0,1.0,1.0,1.0
661,3,475,shuffled_wrong_answer_control,21,1.0,1.0,1.0,1.0,1.0
661,3,,oracle_corrective,21,1.0,1.0,1.0,1.0,1.0
662,1,,question_only,13,0.5,0.0,1.0,1.0,0.6309297535714575
662,1,,wrong_answer_conditioned,14,0.5,0.0,1.0,1.0,0.6309297535714575
662,1,532,shuffled_wrong_answer_control,14,0.5,0.0,1.0,1.0,0.6309297535714575
662,1,,oracle_corrective,15,1.0,1.0,1.0,1.0,1.0
662,2,,question_only,13,0.5,0.0,1.0,1.0,0.6309297535714575
662,2,,wrong_answer_conditioned,14,0.5,0.0,1.0,1.0,0.6309297535714575
662,2,818,shuffled_wrong_answer_control,14,0.5,0.0,1.0,1.0,0.6309297535714575
662,2,,oracle_corrective,15,0.5,0.0,1.0,1.0,0.6309297535714575
662,3,,question_only,13,0.5,0.0,1.0,1.0,0.6309297535714575
662,3,,wrong_answer_conditioned,14,0.5,0.0,1.0,1.0,0.6309297535714575
662,3,213,shuffled_wrong_answer_control,14,0.5,0.0,1.0,1.0,0.6309297535714575
662,3,,oracle_corrective,15,0.5,0.0,1.0,1.0,0.6309297535714575
663,1,,question_only,10,0.25,0.0,0.0,1.0,0.43067655807339306
663,1,,wrong_answer_conditioned,11,0.2,0.0,0.0,1.0,0.38685280723454163
663,1,702,shuffled_wrong_answer_control,11,0.25,0.0,0.0,1.0,0.43067655807339306
663,1,,oracle_corrective,12,0.5,0.0,1.0,1.0,0.6309297535714575
663,2,,question_only,10,0.25,0.0,0.0,1.0,0.43067655807339306
663,2,,wrong_answer_conditioned,11,0.25,0.0,0.0,1.0,0.43067655807339306
663,2,533,shuffled_wrong_answer_control,11,0.5,0.0,1.0,1.0,0.6309297535714575
663,2,,oracle_corrective,12,0.5,0.0,1.0,1.0,0.6309297535714575
663,3,,question_only,10,0.25,0.0,0.0,1.0,0.43067655807339306
663,3,,wrong_answer_conditioned,11,0.25,0.0,0.0,1.0,0.43067655807339306
663,3,92,shuffled_wrong_answer_control,12,0.25,0.0,0.0,1.0,0.43067655807339306
663,3,,oracle_corrective,12,0.5,0.0,1.0,1.0,0.6309297535714575
664,1,,question_only,10,1.0,1.0,1.0,1.0,1.0
664,1,,wrong_answer_conditioned,11,1.0,1.0,1.0,1.0,1.0
664,1,880,shuffled_wrong_answer_control,11,1.0,1.0,1.0,1.0,1.0
664,1,,oracle_corrective,12,1.0,1.0,1.0,1.0,1.0
664,2,,question_only,10,1.0,1.0,1.0,1.0,1.0
664,2,,wrong_answer_conditioned,11,1.0,1.0,1.0,1.0,1.0
664,2,345,shuffled_wrong_answer_control,11,1.0,1.0,1.0,1.0,1.0
664,2,,oracle_corrective,12,1.0,1.0,1.0,1.0,1.0
664,3,,question_only,10,1.0,1.0,1.0,1.0,1.0
664,3,,wrong_answer_conditioned,11,1.0,1.0,1.0,1.0,1.0
664,3,274,shuffled_wrong_answer_control,11,1.0,1.0,1.0,1.0,1.0
664,3,,oracle_corrective,12,1.0,1.0,1.0,1.0,1.0
665,1,,question_only,16,1.0,1.0,1.0,1.0,1.0
665,1,,wrong_answer_conditioned,18,1.0,1.0,1.0,1.0,1.0
665,1,248,shuffled_wrong_answer_control,18,1.0,1.0,1.0,1.0,1.0
665,1,,oracle_corrective,20,1.0,1.0,1.0,1.0,1.0
665,2,,question_only,16,1.0,1.0,1.0,1.0,1.0
665,2,,wrong_answer_conditioned,18,1.0,1.0,1.0,1.0,1.0
665,2,786,shuffled_wrong_answer_control,17,1.0,1.0,1.0,1.0,1.0
665,2,,oracle_corrective,20,1.0,1.0,1.0,1.0,1.0
665,3,,question_only,16,1.0,1.0,1.0,1.0,1.0
665,3,,wrong_answer_conditioned,18,1.0,1.0,1.0,1.0,1.0
665,3,214,shuffled_wrong_answer_control,17,1.0,1.0,1.0,1.0,1.0
665,3,,oracle_corrective,20,1.0,1.0,1.0,1.0,1.0
666,1,,question_only,7,1.0,1.0,1.0,1.0,1.0
666,1,,wrong_answer_conditioned,9,1.0,1.0,1.0,1.0,1.0
666,1,299,shuffled_wrong_answer_control,9,1.0,1.0,1.0,1.0,1.0
666,1,,oracle_corrective,10,1.0,1.0,1.0,1.0,1.0
666,2,,question_only,7,1.0,1.0,1.0,1.0,1.0
666,2,,wrong_answer_conditioned,8,1.0,1.0,1.0,1.0,1.0
666,2,64,shuffled_wrong_answer_control,9,1.0,1.0,1.0,1.0,1.0
666,2,,oracle_corrective,9,1.0,1.0,1.0,1.0,1.0
666,3,,question_only,7,1.0,1.0,1.0,1.0,1.0
666,3,,wrong_answer_conditioned,8,1.0,1.0,1.0,1.0,1.0
666,3,224,shuffled_wrong_answer_control,9,1.0,1.0,1.0,1.0,1.0
666,3,,oracle_corrective,9,1.0,1.0,1.0,1.0,1.0
667,1,,question_only,7,1.0,1.0,1.0,1.0,1.0
667,1,,wrong_answer_conditioned,10,1.0,1.0,1.0,1.0,1.0
667,1,366,shuffled_wrong_answer_control,9,1.0,1.0,1.0,1.0,1.0
667,1,,oracle_corrective,13,1.0,1.0,1.0,1.0,1.0
667,2,,question_only,7,1.0,1.0,1.0,1.0,1.0
667,2,,wrong_answer_conditioned,8,1.0,1.0,1.0,1.0,1.0
667,2,79,shuffled_wrong_answer_control,8,1.0,1.0,1.0,1.0,1.0
667,2,,oracle_corrective,11,1.0,1.0,1.0,1.0,1.0
667,3,,question_only,7,1.0,1.0,1.0,1.0,1.0
667,3,,wrong_answer_conditioned,9,1.0,1.0,1.0,1.0,1.0
667,3,421,shuffled_wrong_answer_control,9,1.0,1.0,1.0,1.0,1.0
667,3,,oracle_corrective,12,1.0,1.0,1.0,1.0,1.0
668,1,,question_only,11,1.0,1.0,1.0,1.0,1.0
668,1,,wrong_answer_conditioned,13,1.0,1.0,1.0,1.0,1.0
668,1,196,shuffled_wrong_answer_control,13,1.0,1.0,1.0,1.0,1.0
668,1,,oracle_corrective,15,1.0,1.0,1.0,1.0,1.0
668,2,,question_only,11,1.0,1.0,1.0,1.0,1.0
668,2,,wrong_answer_conditioned,14,1.0,1.0,1.0,1.0,1.0
668,2,554,shuffled_wrong_answer_control,12,1.0,1.0,1.0,1.0,1.0
668,2,,oracle_corrective,16,1.0,1.0,1.0,1.0,1.0
668,3,,question_only,11,1.0,1.0,1.0,1.0,1.0
668,3,,wrong_answer_conditioned,13,1.0,1.0,1.0,1.0,1.0
668,3,661,shuffled_wrong_answer_control,12,1.0,1.0,1.0,1.0,1.0
668,3,,oracle_corrective,15,1.0,1.0,1.0,1.0,1.0
669,1,,question_only,17,1.0,1.0,1.0,1.0,1.0
669,1,,wrong_answer_conditioned,19,1.0,1.0,1.0,1.0,1.0
669,1,525,shuffled_wrong_answer_control,18,1.0,1.0,1.0,1.0,1.0
669,1,,oracle_corrective,21,1.0,1.0,1.0,1.0,1.0
669,2,,question_only,17,1.0,1.0,1.0,1.0,1.0
669,2,,wrong_answer_conditioned,19,1.0,1.0,1.0,1.0,1.0
669,2,111,shuffled_wrong_answer_control,18,1.0,1.0,1.0,1.0,1.0
669,2,,oracle_corrective,21,1.0,1.0,1.0,1.0,1.0
669,3,,question_only,17,1.0,1.0,1.0,1.0,1.0
669,3,,wrong_answer_conditioned,19,1.0,1.0,1.0,1.0,1.0
669,3,606,shuffled_wrong_answer_control,18,1.0,1.0,1.0,1.0,1.0
669,3,,oracle_corrective,21,1.0,1.0,1.0,1.0,1.0
670,1,,question_only,16,1.0,1.0,1.0,1.0,1.0
670,1,,wrong_answer_conditioned,17,1.0,1.0,1.0,1.0,1.0
670,1,230,shuffled_wrong_answer_control,18,1.0,1.0,1.0,1.0,1.0
670,1,,oracle_corrective,18,1.0,1.0,1.0,1.0,1.0
670,2,,question_only,16,1.0,1.0,1.0,1.0,1.0
670,2,,wrong_answer_conditioned,17,1.0,1.0,1.0,1.0,1.0
670,2,289,shuffled_wrong_answer_control,17,1.0,1.0,1.0,1.0,1.0
670,2,,oracle_corrective,18,1.0,1.0,1.0,1.0,1.0
670,3,,question_only,16,1.0,1.0,1.0,1.0,1.0
670,3,,wrong_answer_conditioned,17,1.0,1.0,1.0,1.0,1.0
670,3,487,shuffled_wrong_answer_control,17,1.0,1.0,1.0,1.0,1.0
670,3,,oracle_corrective,18,1.0,1.0,1.0,1.0,1.0
671,1,,question_only,12,1.0,1.0,1.0,1.0,1.0
671,1,,wrong_answer_conditioned,13,1.0,1.0,1.0,1.0,1.0
671,1,203,shuffled_wrong_answer_control,13,1.0,1.0,1.0,1.0,1.0
671,1,,oracle_corrective,16,1.0,1.0,1.0,1.0,1.0
671,2,,question_only,12,1.0,1.0,1.0,1.0,1.0
671,2,,wrong_answer_conditioned,15,1.0,1.0,1.0,1.0,1.0
671,2,602,shuffled_wrong_answer_control,14,1.0,1.0,1.0,1.0,1.0
671,2,,oracle_corrective,18,1.0,1.0,1.0,1.0,1.0
671,3,,question_only,12,1.0,1.0,1.0,1.0,1.0
671,3,,wrong_answer_conditioned,13,1.0,1.0,1.0,1.0,1.0
671,3,327,shuffled_wrong_answer_control,14,1.0,1.0,1.0,1.0,1.0
671,3,,oracle_corrective,16,1.0,1.0,1.0,1.0,1.0
672,1,,question_only,8,1.0,1.0,1.0,1.0,1.0
672,1,,wrong_answer_conditioned,9,1.0,1.0,1.0,1.0,1.0
672,1,192,shuffled_wrong_answer_control,9,1.0,1.0,1.0,1.0,1.0
672,1,,oracle_corrective,10,1.0,1.0,1.0,1.0,1.0
672,2,,question_only,8,1.0,1.0,1.0,1.0,1.0
672,2,,wrong_answer_conditioned,9,1.0,1.0,1.0,1.0,1.0
672,2,245,shuffled_wrong_answer_control,10,1.0,1.0,1.0,1.0,1.0
672,2,,oracle_corrective,10,1.0,1.0,1.0,1.0,1.0
672,3,,question_only,8,1.0,1.0,1.0,1.0,1.0
672,3,,wrong_answer_conditioned,9,1.0,1.0,1.0,1.0,1.0
672,3,802,shuffled_wrong_answer_control,10,1.0,1.0,1.0,1.0,1.0
672,3,,oracle_corrective,10,1.0,1.0,1.0,1.0,1.0
673,1,,question_only,9,1.0,1.0,1.0,1.0,1.0
673,1,,wrong_answer_conditioned,10,1.0,1.0,1.0,1.0,1.0
673,1,179,shuffled_wrong_answer_control,10,1.0,1.0,1.0,1.0,1.0
673,1,,oracle_corrective,11,1.0,1.0,1.0,1.0,1.0
673,2,,question_only,9,1.0,1.0,1.0,1.0,1.0
673,2,,wrong_answer_conditioned,10,1.0,1.0,1.0,1.0,1.0
673,2,272,shuffled_wrong_answer_control,11,1.0,1.0,1.0,1.0,1.0
673,2,,oracle_corrective,11,1.0,1.0,1.0,1.0,1.0
673,3,,question_only,9,1.0,1.0,1.0,1.0,1.0
673,3,,wrong_answer_conditioned,10,1.0,1.0,1.0,1.0,1.0
673,3,629,shuffled_wrong_answer_control,10,1.0,1.0,1.0,1.0,1.0
673,3,,oracle_corrective,11,1.0,1.0,1.0,1.0,1.0
674,1,,question_only,11,1.0,1.0,1.0,1.0,1.0
674,1,,wrong_answer_conditioned,12,1.0,1.0,1.0,1.0,1.0
674,1,258,shuffled_wrong_answer_control,13,1.0,1.0,1.0,1.0,1.0
674,1,,oracle_corrective,13,1.0,1.0,1.0,1.0,1.0
674,2,,question_only,11,1.0,1.0,1.0,1.0,1.0
674,2,,wrong_answer_conditioned,12,1.0,1.0,1.0,1.0,1.0
674,2,358,shuffled_wrong_answer_control,12,1.0,1.0,1.0,1.0,1.0
674,2,,oracle_corrective,13,1.0,1.0,1.0,1.0,1.0
674,3,,question_only,11,1.0,1.0,1.0,1.0,1.0
674,3,,wrong_answer_conditioned,12,1.0,1.0,1.0,1.0,1.0
674,3,390,shuffled_wrong_answer_control,13,1.0,1.0,1.0,1.0,1.0
674,3,,oracle_corrective,13,1.0,1.0,1.0,1.0,1.0
675,1,,question_only,8,1.0,1.0,1.0,1.0,1.0
675,1,,wrong_answer_conditioned,10,1.0,1.0,1.0,1.0,1.0
675,1,683,shuffled_wrong_answer_control,9,1.0,1.0,1.0,1.0,1.0
675,1,,oracle_corrective,12,1.0,1.0,1.0,1.0,1.0
675,2,,question_only,8,1.0,1.0,1.0,1.0,1.0
675,2,,wrong_answer_conditioned,10,1.0,1.0,1.0,1.0,1.0
675,2,331,shuffled_wrong_answer_control,9,1.0,1.0,1.0,1.0,1.0
675,2,,oracle_corrective,12,1.0,1.0,1.0,1.0,1.0
675,3,,question_only,8,1.0,1.0,1.0,1.0,1.0
675,3,,wrong_answer_conditioned,10,1.0,1.0,1.0,1.0,1.0
675,3,664,shuffled_wrong_answer_control,9,1.0,1.0,1.0,1.0,1.0
675,3,,oracle_corrective,12,1.0,1.0,1.0,1.0,1.0
676,1,,question_only,14,1.0,1.0,1.0,1.0,1.0
676,1,,wrong_answer_conditioned,15,1.0,1.0,1.0,1.0,1.0
676,1,850,shuffled_wrong_answer_control,15,1.0,1.0,1.0,1.0,1.0
676,1,,oracle_corrective,16,1.0,1.0,1.0,1.0,1.0
676,2,,question_only,14,1.0,1.0,1.0,1.0,1.0
676,2,,wrong_answer_conditioned,16,1.0,1.0,1.0,1.0,1.0
676,2,143,shuffled_wrong_answer_control,17,1.0,1.0,1.0,1.0,1.0
676,2,,oracle_corrective,17,1.0,1.0,1.0,1.0,1.0
676,3,,question_only,14,1.0,1.0,1.0,1.0,1.0
676,3,,wrong_answer_conditioned,15,1.0,1.0,1.0,1.0,1.0
676,3,792,shuffled_wrong_answer_control,15,1.0,1.0,1.0,1.0,1.0
676,3,,oracle_corrective,16,1.0,1.0,1.0,1.0,1.0
677,1,,question_only,9,1.0,1.0,1.0,1.0,1.0
677,1,,wrong_answer_conditioned,12,1.0,1.0,1.0,1.0,1.0
677,1,731,shuffled_wrong_answer_control,10,1.0,1.0,1.0,1.0,1.0
677,1,,oracle_corrective,15,1.0,1.0,1.0,1.0,1.0
677,2,,question_only,9,1.0,1.0,1.0,1.0,1.0
677,2,,wrong_answer_conditioned,11,1.0,1.0,1.0,1.0,1.0
677,2,716,shuffled_wrong_answer_control,10,1.0,1.0,1.0,1.0,1.0
677,2,,oracle_corrective,14,1.0,1.0,1.0,1.0,1.0
677,3,,question_only,9,1.0,1.0,1.0,1.0,1.0
677,3,,wrong_answer_conditioned,11,1.0,1.0,1.0,1.0,1.0
677,3,98,shuffled_wrong_answer_control,11,1.0,1.0,1.0,1.0,1.0
677,3,,oracle_corrective,14,1.0,1.0,1.0,1.0,1.0
678,1,,question_only,10,1.0,1.0,1.0,1.0,1.0
678,1,,wrong_answer_conditioned,11,1.0,1.0,1.0,1.0,1.0
678,1,389,shuffled_wrong_answer_control,11,1.0,1.0,1.0,1.0,1.0
678,1,,oracle_corrective,12,1.0,1.0,1.0,1.0,1.0
678,2,,question_only,10,1.0,1.0,1.0,1.0,1.0
678,2,,wrong_answer_conditioned,11,1.0,1.0,1.0,1.0,1.0
678,2,0,shuffled_wrong_answer_control,11,1.0,1.0,1.0,1.0,1.0
678,2,,oracle_corrective,12,1.0,1.0,1.0,1.0,1.0
678,3,,question_only,10,1.0,1.0,1.0,1.0,1.0
678,3,,wrong_answer_conditioned,11,1.0,1.0,1.0,1.0,1.0
678,3,734,shuffled_wrong_answer_control,13,1.0,1.0,1.0,1.0,1.0
678,3,,oracle_corrective,12,1.0,1.0,1.0,1.0,1.0
679,1,,question_only,15,1.0,1.0,1.0,1.0,1.0
679,1,,wrong_answer_conditioned,16,1.0,1.0,1.0,1.0,1.0
679,1,219,shuffled_wrong_answer_control,17,1.0,1.0,1.0,1.0,1.0
679,1,,oracle_corrective,17,1.0,1.0,1.0,1.0,1.0
679,2,,question_only,15,1.0,1.0,1.0,1.0,1.0
679,2,,wrong_answer_conditioned,16,1.0,1.0,1.0,1.0,1.0
679,2,457,shuffled_wrong_answer_control,16,1.0,1.0,1.0,1.0,1.0
679,2,,oracle_corrective,17,1.0,1.0,1.0,1.0,1.0
679,3,,question_only,15,1.0,1.0,1.0,1.0,1.0
679,3,,wrong_answer_conditioned,16,1.0,1.0,1.0,1.0,1.0
679,3,103,shuffled_wrong_answer_control,16,1.0,1.0,1.0,1.0,1.0
679,3,,oracle_corrective,17,1.0,1.0,1.0,1.0,1.0
680,1,,question_only,9,0.0,0.0,0.0,0.0,0.0
680,1,,wrong_answer_conditioned,10,0.0,0.0,0.0,0.0,0.0
680,1,172,shuffled_wrong_answer_control,11,0.0,0.0,0.0,0.0,0.0
680,1,,oracle_corrective,11,0.2,0.0,0.0,1.0,0.38685280723454163
680,2,,question_only,9,0.0,0.0,0.0,0.0,0.0
680,2,,wrong_answer_conditioned,10,0.0,0.0,0.0,0.0,0.0
680,2,798,shuffled_wrong_answer_control,10,0.3333333333333333,0.0,1.0,1.0,0.5
680,2,,oracle_corrective,11,0.3333333333333333,0.0,1.0,1.0,0.5
680,3,,question_only,9,0.0,0.0,0.0,0.0,0.0
680,3,,wrong_answer_conditioned,10,0.0,0.0,0.0,0.0,0.0
680,3,638,shuffled_wrong_answer_control,10,0.0,0.0,0.0,0.0,0.0
680,3,,oracle_corrective,11,0.3333333333333333,0.0,1.0,1.0,0.5
681,1,,question_only,15,1.0,1.0,1.0,1.0,1.0
681,1,,wrong_answer_conditioned,16,1.0,1.0,1.0,1.0,1.0
681,1,570,shuffled_wrong_answer_control,19,1.0,1.0,1.0,1.0,1.0
681,1,,oracle_corrective,17,1.0,1.0,1.0,1.0,1.0
681,2,,question_only,15,1.0,1.0,1.0,1.0,1.0
681,2,,wrong_answer_conditioned,16,1.0,1.0,1.0,1.0,1.0
681,2,619,shuffled_wrong_answer_control,16,1.0,1.0,1.0,1.0,1.0
681,2,,oracle_corrective,17,1.0,1.0,1.0,1.0,1.0
681,3,,question_only,15,1.0,1.0,1.0,1.0,1.0
681,3,,wrong_answer_conditioned,16,1.0,1.0,1.0,1.0,1.0
681,3,354,shuffled_wrong_answer_control,17,1.0,1.0,1.0,1.0,1.0
681,3,,oracle_corrective,17,1.0,1.0,1.0,1.0,1.0
682,1,,question_only,35,1.0,1.0,1.0,1.0,1.0
682,1,,wrong_answer_conditioned,36,1.0,1.0,1.0,1.0,1.0
682,1,132,shuffled_wrong_answer_control,36,1.0,1.0,1.0,1.0,1.0
682,1,,oracle_corrective,37,1.0,1.0,1.0,1.0,1.0
682,2,,question_only,35,1.0,1.0,1.0,1.0,1.0
682,2,,wrong_answer_conditioned,36,1.0,1.0,1.0,1.0,1.0
682,2,91,shuffled_wrong_answer_control,36,1.0,1.0,1.0,1.0,1.0
682,2,,oracle_corrective,37,1.0,1.0,1.0,1.0,1.0
682,3,,question_only,35,1.0,1.0,1.0,1.0,1.0
682,3,,wrong_answer_conditioned,36,1.0,1.0,1.0,1.0,1.0
682,3,246,shuffled_wrong_answer_control,36,1.0,1.0,1.0,1.0,1.0
682,3,,oracle_corrective,37,1.0,1.0,1.0,1.0,1.0
683,1,,question_only,11,1.0,1.0,1.0,1.0,1.0
683,1,,wrong_answer_conditioned,12,1.0,1.0,1.0,1.0,1.0
683,1,414,shuffled_wrong_answer_control,13,1.0,1.0,1.0,1.0,1.0
683,1,,oracle_corrective,13,1.0,1.0,1.0,1.0,1.0
683,2,,question_only,11,1.0,1.0,1.0,1.0,1.0
683,2,,wrong_answer_conditioned,12,1.0,1.0,1.0,1.0,1.0
683,2,342,shuffled_wrong_answer_control,13,1.0,1.0,1.0,1.0,1.0
683,2,,oracle_corrective,13,1.0,1.0,1.0,1.0,1.0
683,3,,question_only,11,1.0,1.0,1.0,1.0,1.0
683,3,,wrong_answer_conditioned,12,1.0,1.0,1.0,1.0,1.0
683,3,853,shuffled_wrong_answer_control,12,1.0,1.0,1.0,1.0,1.0
683,3,,oracle_corrective,13,1.0,1.0,1.0,1.0,1.0
684,1,,question_only,20,1.0,1.0,1.0,1.0,1.0
684,1,,wrong_answer_conditioned,21,1.0,1.0,1.0,1.0,1.0
684,1,519,shuffled_wrong_answer_control,21,1.0,1.0,1.0,1.0,1.0
684,1,,oracle_corrective,22,1.0,1.0,1.0,1.0,1.0
684,2,,question_only,20,1.0,1.0,1.0,1.0,1.0
684,2,,wrong_answer_conditioned,21,1.0,1.0,1.0,1.0,1.0
684,2,717,shuffled_wrong_answer_control,21,1.0,1.0,1.0,1.0,1.0
684,2,,oracle_corrective,22,1.0,1.0,1.0,1.0,1.0
684,3,,question_only,20,1.0,1.0,1.0,1.0,1.0
684,3,,wrong_answer_conditioned,21,1.0,1.0,1.0,1.0,1.0
684,3,626,shuffled_wrong_answer_control,21,1.0,1.0,1.0,1.0,1.0
684,3,,oracle_corrective,22,1.0,1.0,1.0,1.0,1.0
685,1,,question_only,13,1.0,1.0,1.0,1.0,1.0
685,1,,wrong_answer_conditioned,14,1.0,1.0,1.0,1.0,1.0
685,1,803,shuffled_wrong_answer_control,14,1.0,1.0,1.0,1.0,1.0
685,1,,oracle_corrective,15,1.0,1.0,1.0,1.0,1.0
685,2,,question_only,13,1.0,1.0,1.0,1.0,1.0
685,2,,wrong_answer_conditioned,14,1.0,1.0,1.0,1.0,1.0
685,2,349,shuffled_wrong_answer_control,14,1.0,1.0,1.0,1.0,1.0
685,2,,oracle_corrective,15,1.0,1.0,1.0,1.0,1.0
685,3,,question_only,13,1.0,1.0,1.0,1.0,1.0
685,3,,wrong_answer_conditioned,14,1.0,1.0,1.0,1.0,1.0
685,3,38,shuffled_wrong_answer_control,17,1.0,1.0,1.0,1.0,1.0
685,3,,oracle_corrective,15,1.0,1.0,1.0,1.0,1.0
686,1,,question_only,11,1.0,1.0,1.0,1.0,1.0
686,1,,wrong_answer_conditioned,14,1.0,1.0,1.0,1.0,1.0
686,1,329,shuffled_wrong_answer_control,12,1.0,1.0,1.0,1.0,1.0
686,1,,oracle_corrective,17,1.0,1.0,1.0,1.0,1.0
686,2,,question_only,11,1.0,1.0,1.0,1.0,1.0
686,2,,wrong_answer_conditioned,15,1.0,1.0,1.0,1.0,1.0
686,2,542,shuffled_wrong_answer_control,12,1.0,1.0,1.0,1.0,1.0
686,2,,oracle_corrective,18,1.0,1.0,1.0,1.0,1.0
686,3,,question_only,11,1.0,1.0,1.0,1.0,1.0
686,3,,wrong_answer_conditioned,14,1.0,1.0,1.0,1.0,1.0
686,3,643,shuffled_wrong_answer_control,13,1.0,1.0,1.0,1.0,1.0
686,3,,oracle_corrective,17,1.0,1.0,1.0,1.0,1.0
687,1,,question_only,10,1.0,1.0,1.0,1.0,1.0
687,1,,wrong_answer_conditioned,12,1.0,1.0,1.0,1.0,1.0
687,1,681,shuffled_wrong_answer_control,11,1.0,1.0,1.0,1.0,1.0
687,1,,oracle_corrective,14,1.0,1.0,1.0,1.0,1.0
687,2,,question_only,10,1.0,1.0,1.0,1.0,1.0
687,2,,wrong_answer_conditioned,12,1.0,1.0,1.0,1.0,1.0
687,2,749,shuffled_wrong_answer_control,11,1.0,1.0,1.0,1.0,1.0
687,2,,oracle_corrective,14,1.0,1.0,1.0,1.0,1.0
687,3,,question_only,10,1.0,1.0,1.0,1.0,1.0
687,3,,wrong_answer_conditioned,12,1.0,1.0,1.0,1.0,1.0
687,3,673,shuffled_wrong_answer_control,11,1.0,1.0,1.0,1.0,1.0
687,3,,oracle_corrective,14,1.0,1.0,1.0,1.0,1.0
688,1,,question_only,12,0.3333333333333333,0.0,1.0,1.0,0.5
688,1,,wrong_answer_conditioned,13,0.3333333333333333,0.0,1.0,1.0,0.5
688,1,317,shuffled_wrong_answer_control,13,0.3333333333333333,0.0,1.0,1.0,0.5
688,1,,oracle_corrective,14,0.3333333333333333,0.0,1.0,1.0,0.5
688,2,,question_only,12,0.3333333333333333,0.0,1.0,1.0,0.5
688,2,,wrong_answer_conditioned,13,0.3333333333333333,0.0,1.0,1.0,0.5
688,2,211,shuffled_wrong_answer_control,14,0.3333333333333333,0.0,1.0,1.0,0.5
688,2,,oracle_corrective,14,0.3333333333333333,0.0,1.0,1.0,0.5
688,3,,question_only,12,0.3333333333333333,0.0,1.0,1.0,0.5
688,3,,wrong_answer_conditioned,13,0.3333333333333333,0.0,1.0,1.0,0.5
688,3,554,shuffled_wrong_answer_control,13,0.3333333333333333,0.0,1.0,1.0,0.5
688,3,,oracle_corrective,14,0.3333333333333333,0.0,1.0,1.0,0.5
689,1,,question_only,16,1.0,1.0,1.0,1.0,1.0
689,1,,wrong_answer_conditioned,17,1.0,1.0,1.0,1.0,1.0
689,1,795,shuffled_wrong_answer_control,19,1.0,1.0,1.0,1.0,1.0
689,1,,oracle_corrective,18,1.0,1.0,1.0,1.0,1.0
689,2,,question_only,16,1.0,1.0,1.0,1.0,1.0
689,2,,wrong_answer_conditioned,17,1.0,1.0,1.0,1.0,1.0
689,2,355,shuffled_wrong_answer_control,17,1.0,1.0,1.0,1.0,1.0
689,2,,oracle_corrective,18,1.0,1.0,1.0,1.0,1.0
689,3,,question_only,16,1.0,1.0,1.0,1.0,1.0
689,3,,wrong_answer_conditioned,17,1.0,1.0,1.0,1.0,1.0
689,3,178,shuffled_wrong_answer_control,17,1.0,1.0,1.0,1.0,1.0
689,3,,oracle_corrective,18,1.0,1.0,1.0,1.0,1.0
690,1,,question_only,12,1.0,1.0,1.0,1.0,1.0
690,1,,wrong_answer_conditioned,13,1.0,1.0,1.0,1.0,1.0
690,1,261,shuffled_wrong_answer_control,13,1.0,1.0,1.0,1.0,1.0
690,1,,oracle_corrective,14,1.0,1.0,1.0,1.0,1.0
690,2,,question_only,12,1.0,1.0,1.0,1.0,1.0
690,2,,wrong_answer_conditioned,13,1.0,1.0,1.0,1.0,1.0
690,2,435,shuffled_wrong_answer_control,14,1.0,1.0,1.0,1.0,1.0
690,2,,oracle_corrective,14,1.0,1.0,1.0,1.0,1.0
690,3,,question_only,12,1.0,1.0,1.0,1.0,1.0
690,3,,wrong_answer_conditioned,13,1.0,1.0,1.0,1.0,1.0
690,3,594,shuffled_wrong_answer_control,13,1.0,1.0,1.0,1.0,1.0
690,3,,oracle_corrective,14,1.0,1.0,1.0,1.0,1.0
691,1,,question_only,16,1.0,1.0,1.0,1.0,1.0
691,1,,wrong_answer_conditioned,18,1.0,1.0,1.0,1.0,1.0
691,1,692,shuffled_wrong_answer_control,18,1.0,1.0,1.0,1.0,1.0
691,1,,oracle_corrective,20,1.0,1.0,1.0,1.0,1.0
691,2,,question_only,16,1.0,1.0,1.0,1.0,1.0
691,2,,wrong_answer_conditioned,18,1.0,1.0,1.0,1.0,1.0
691,2,730,shuffled_wrong_answer_control,18,1.0,1.0,1.0,1.0,1.0
691,2,,oracle_corrective,20,1.0,1.0,1.0,1.0,1.0
691,3,,question_only,16,1.0,1.0,1.0,1.0,1.0
691,3,,wrong_answer_conditioned,18,1.0,1.0,1.0,1.0,1.0
691,3,416,shuffled_wrong_answer_control,17,1.0,1.0,1.0,1.0,1.0
691,3,,oracle_corrective,20,1.0,1.0,1.0,1.0,1.0
692,1,,question_only,14,1.0,1.0,1.0,1.0,1.0
692,1,,wrong_answer_conditioned,16,1.0,1.0,1.0,1.0,1.0
692,1,724,shuffled_wrong_answer_control,15,1.0,1.0,1.0,1.0,1.0
692,1,,oracle_corrective,19,1.0,1.0,1.0,1.0,1.0
692,2,,question_only,14,1.0,1.0,1.0,1.0,1.0
692,2,,wrong_answer_conditioned,15,1.0,1.0,1.0,1.0,1.0
692,2,631,shuffled_wrong_answer_control,16,1.0,1.0,1.0,1.0,1.0
692,2,,oracle_corrective,18,1.0,1.0,1.0,1.0,1.0
692,3,,question_only,14,1.0,1.0,1.0,1.0,1.0
692,3,,wrong_answer_conditioned,16,1.0,1.0,1.0,1.0,1.0
692,3,527,shuffled_wrong_answer_control,15,1.0,1.0,1.0,1.0,1.0
692,3,,oracle_corrective,19,1.0,1.0,1.0,1.0,1.0
693,1,,question_only,9,1.0,1.0,1.0,1.0,1.0
693,1,,wrong_answer_conditioned,10,1.0,1.0,1.0,1.0,1.0
693,1,162,shuffled_wrong_answer_control,11,1.0,1.0,1.0,1.0,1.0
693,1,,oracle_corrective,11,1.0,1.0,1.0,1.0,1.0
693,2,,question_only,9,1.0,1.0,1.0,1.0,1.0
693,2,,wrong_answer_conditioned,10,1.0,1.0,1.0,1.0,1.0
693,2,243,shuffled_wrong_answer_control,10,1.0,1.0,1.0,1.0,1.0
693,2,,oracle_corrective,11,1.0,1.0,1.0,1.0,1.0
693,3,,question_only,9,1.0,1.0,1.0,1.0,1.0
693,3,,wrong_answer_conditioned,10,1.0,1.0,1.0,1.0,1.0
693,3,378,shuffled_wrong_answer_control,10,1.0,1.0,1.0,1.0,1.0
693,3,,oracle_corrective,11,1.0,1.0,1.0,1.0,1.0
694,1,,question_only,10,1.0,1.0,1.0,1.0,1.0
694,1,,wrong_answer_conditioned,12,1.0,1.0,1.0,1.0,1.0
694,1,0,shuffled_wrong_answer_control,11,1.0,1.0,1.0,1.0,1.0
694,1,,oracle_corrective,14,1.0,1.0,1.0,1.0,1.0
694,2,,question_only,10,1.0,1.0,1.0,1.0,1.0
694,2,,wrong_answer_conditioned,12,1.0,1.0,1.0,1.0,1.0
694,2,249,shuffled_wrong_answer_control,11,1.0,1.0,1.0,1.0,1.0
694,2,,oracle_corrective,14,1.0,1.0,1.0,1.0,1.0
694,3,,question_only,10,1.0,1.0,1.0,1.0,1.0
694,3,,wrong_answer_conditioned,11,1.0,1.0,1.0,1.0,1.0
694,3,500,shuffled_wrong_answer_control,11,1.0,1.0,1.0,1.0,1.0
694,3,,oracle_corrective,13,1.0,1.0,1.0,1.0,1.0
695,1,,question_only,8,1.0,1.0,1.0,1.0,1.0
695,1,,wrong_answer_conditioned,9,1.0,1.0,1.0,1.0,1.0
695,1,158,shuffled_wrong_answer_control,9,1.0,1.0,1.0,1.0,1.0
695,1,,oracle_corrective,10,1.0,1.0,1.0,1.0,1.0
695,2,,question_only,8,1.0,1.0,1.0,1.0,1.0
695,2,,wrong_answer_conditioned,9,1.0,1.0,1.0,1.0,1.0
695,2,4,shuffled_wrong_answer_control,9,1.0,1.0,1.0,1.0,1.0
695,2,,oracle_corrective,10,1.0,1.0,1.0,1.0,1.0
695,3,,question_only,8,1.0,1.0,1.0,1.0,1.0
695,3,,wrong_answer_conditioned,9,1.0,1.0,1.0,1.0,1.0
695,3,553,shuffled_wrong_answer_control,9,1.0,1.0,1.0,1.0,1.0
695,3,,oracle_corrective,10,1.0,1.0,1.0,1.0,1.0
696,1,,question_only,7,1.0,1.0,1.0,1.0,1.0
696,1,,wrong_answer_conditioned,8,1.0,1.0,1.0,1.0,1.0
696,1,90,shuffled_wrong_answer_control,9,1.0,1.0,1.0,1.0,1.0
696,1,,oracle_corrective,9,1.0,1.0,1.0,1.0,1.0
696,2,,question_only,7,1.0,1.0,1.0,1.0,1.0
696,2,,wrong_answer_conditioned,8,1.0,1.0,1.0,1.0,1.0
696,2,866,shuffled_wrong_answer_control,10,1.0,1.0,1.0,1.0,1.0
696,2,,oracle_corrective,9,1.0,1.0,1.0,1.0,1.0
696,3,,question_only,7,1.0,1.0,1.0,1.0,1.0
696,3,,wrong_answer_conditioned,8,1.0,1.0,1.0,1.0,1.0
696,3,146,shuffled_wrong_answer_control,10,1.0,1.0,1.0,1.0,1.0
696,3,,oracle_corrective,9,1.0,1.0,1.0,1.0,1.0
697,1,,question_only,28,1.0,1.0,1.0,1.0,1.0
697,1,,wrong_answer_conditioned,29,1.0,1.0,1.0,1.0,1.0
697,1,757,shuffled_wrong_answer_control,30,1.0,1.0,1.0,1.0,1.0
697,1,,oracle_corrective,30,1.0,1.0,1.0,1.0,1.0
697,2,,question_only,28,1.0,1.0,1.0,1.0,1.0
697,2,,wrong_answer_conditioned,29,1.0,1.0,1.0,1.0,1.0
697,2,126,shuffled_wrong_answer_control,30,1.0,1.0,1.0,1.0,1.0
697,2,,oracle_corrective,30,1.0,1.0,1.0,1.0,1.0
697,3,,question_only,28,1.0,1.0,1.0,1.0,1.0
697,3,,wrong_answer_conditioned,29,1.0,1.0,1.0,1.0,1.0
697,3,208,shuffled_wrong_answer_control,29,1.0,1.0,1.0,1.0,1.0
697,3,,oracle_corrective,30,1.0,1.0,1.0,1.0,1.0
698,1,,question_only,15,1.0,1.0,1.0,1.0,1.0
698,1,,wrong_answer_conditioned,16,1.0,1.0,1.0,1.0,1.0
698,1,428,shuffled_wrong_answer_control,16,1.0,1.0,1.0,1.0,1.0
698,1,,oracle_corrective,17,1.0,1.0,1.0,1.0,1.0
698,2,,question_only,15,1.0,1.0,1.0,1.0,1.0
698,2,,wrong_answer_conditioned,16,1.0,1.0,1.0,1.0,1.0
698,2,489,shuffled_wrong_answer_control,16,1.0,1.0,1.0,1.0,1.0
698,2,,oracle_corrective,17,1.0,1.0,1.0,1.0,1.0
698,3,,question_only,15,1.0,1.0,1.0,1.0,1.0
698,3,,wrong_answer_conditioned,16,1.0,1.0,1.0,1.0,1.0
698,3,655,shuffled_wrong_answer_control,17,1.0,1.0,1.0,1.0,1.0
698,3,,oracle_corrective,17,1.0,1.0,1.0,1.0,1.0
699,1,,question_only,12,1.0,1.0,1.0,1.0,1.0
699,1,,wrong_answer_conditioned,13,1.0,1.0,1.0,1.0,1.0
699,1,125,shuffled_wrong_answer_control,13,1.0,1.0,1.0,1.0,1.0
699,1,,oracle_corrective,14,1.0,1.0,1.0,1.0,1.0
699,2,,question_only,12,1.0,1.0,1.0,1.0,1.0
699,2,,wrong_answer_conditioned,13,1.0,1.0,1.0,1.0,1.0
699,2,731,shuffled_wrong_answer_control,13,1.0,1.0,1.0,1.0,1.0
699,2,,oracle_corrective,14,1.0,1.0,1.0,1.0,1.0
699,3,,question_only,12,1.0,1.0,1.0,1.0,1.0
699,3,,wrong_answer_conditioned,13,1.0,1.0,1.0,1.0,1.0
699,3,474,shuffled_wrong_answer_control,13,1.0,1.0,1.0,1.0,1.0
699,3,,oracle_corrective,14,1.0,1.0,1.0,1.0,1.0
700,1,,question_only,15,1.0,1.0,1.0,1.0,1.0
700,1,,wrong_answer_conditioned,16,1.0,1.0,1.0,1.0,1.0
700,1,313,shuffled_wrong_answer_control,16,1.0,1.0,1.0,1.0,1.0
700,1,,oracle_corrective,17,1.0,1.0,1.0,1.0,1.0
700,2,,question_only,15,1.0,1.0,1.0,1.0,1.0
700,2,,wrong_answer_conditioned,16,1.0,1.0,1.0,1.0,1.0
700,2,655,shuffled_wrong_answer_control,16,1.0,1.0,1.0,1.0,1.0
700,2,,oracle_corrective,17,1.0,1.0,1.0,1.0,1.0
700,3,,question_only,15,1.0,1.0,1.0,1.0,1.0
700,3,,wrong_answer_conditioned,17,1.0,1.0,1.0,1.0,1.0
700,3,372,shuffled_wrong_answer_control,16,1.0,1.0,1.0,1.0,1.0
700,3,,oracle_corrective,18,1.0,1.0,1.0,1.0,1.0
701,1,,question_only,22,1.0,1.0,1.0,1.0,1.0
701,1,,wrong_answer_conditioned,23,1.0,1.0,1.0,1.0,1.0
701,1,159,shuffled_wrong_answer_control,23,1.0,1.0,1.0,1.0,1.0
701,1,,oracle_corrective,24,1.0,1.0,1.0,1.0,1.0
701,2,,question_only,22,1.0,1.0,1.0,1.0,1.0
701,2,,wrong_answer_conditioned,23,1.0,1.0,1.0,1.0,1.0
701,2,240,shuffled_wrong_answer_control,24,1.0,1.0,1.0,1.0,1.0
701,2,,oracle_corrective,24,1.0,1.0,1.0,1.0,1.0
701,3,,question_only,22,1.0,1.0,1.0,1.0,1.0
701,3,,wrong_answer_conditioned,23,1.0,1.0,1.0,1.0,1.0
701,3,94,shuffled_wrong_answer_control,23,1.0,1.0,1.0,1.0,1.0
701,3,,oracle_corrective,24,1.0,1.0,1.0,1.0,1.0
702,1,,question_only,21,1.0,1.0,1.0,1.0,1.0
702,1,,wrong_answer_conditioned,22,1.0,1.0,1.0,1.0,1.0
702,1,659,shuffled_wrong_answer_control,22,1.0,1.0,1.0,1.0,1.0
702,1,,oracle_corrective,23,1.0,1.0,1.0,1.0,1.0
702,2,,question_only,21,1.0,1.0,1.0,1.0,1.0
702,2,,wrong_answer_conditioned,22,1.0,1.0,1.0,1.0,1.0
702,2,566,shuffled_wrong_answer_control,22,1.0,1.0,1.0,1.0,1.0
702,2,,oracle_corrective,23,1.0,1.0,1.0,1.0,1.0
702,3,,question_only,21,1.0,1.0,1.0,1.0,1.0
702,3,,wrong_answer_conditioned,22,1.0,1.0,1.0,1.0,1.0
702,3,361,shuffled_wrong_answer_control,22,1.0,1.0,1.0,1.0,1.0
702,3,,oracle_corrective,23,1.0,1.0,1.0,1.0,1.0
703,1,,question_only,16,1.0,1.0,1.0,1.0,1.0
703,1,,wrong_answer_conditioned,17,1.0,1.0,1.0,1.0,1.0
703,1,854,shuffled_wrong_answer_control,17,1.0,1.0,1.0,1.0,1.0
703,1,,oracle_corrective,18,1.0,1.0,1.0,1.0,1.0
703,2,,question_only,16,1.0,1.0,1.0,1.0,1.0
703,2,,wrong_answer_conditioned,17,1.0,1.0,1.0,1.0,1.0
703,2,146,shuffled_wrong_answer_control,19,1.0,1.0,1.0,1.0,1.0
703,2,,oracle_corrective,18,1.0,1.0,1.0,1.0,1.0
703,3,,question_only,16,1.0,1.0,1.0,1.0,1.0
703,3,,wrong_answer_conditioned,17,1.0,1.0,1.0,1.0,1.0
703,3,20,shuffled_wrong_answer_control,17,1.0,1.0,1.0,1.0,1.0
703,3,,oracle_corrective,18,1.0,1.0,1.0,1.0,1.0
704,1,,question_only,12,1.0,1.0,1.0,1.0,1.0
704,1,,wrong_answer_conditioned,14,1.0,1.0,1.0,1.0,1.0
704,1,285,shuffled_wrong_answer_control,13,1.0,1.0,1.0,1.0,1.0
704,1,,oracle_corrective,16,1.0,1.0,1.0,1.0,1.0
704,2,,question_only,12,1.0,1.0,1.0,1.0,1.0
704,2,,wrong_answer_conditioned,14,1.0,1.0,1.0,1.0,1.0
704,2,643,shuffled_wrong_answer_control,13,1.0,1.0,1.0,1.0,1.0
704,2,,oracle_corrective,16,1.0,1.0,1.0,1.0,1.0
704,3,,question_only,12,1.0,1.0,1.0,1.0,1.0
704,3,,wrong_answer_conditioned,14,1.0,1.0,1.0,1.0,1.0
704,3,867,shuffled_wrong_answer_control,14,1.0,1.0,1.0,1.0,1.0
704,3,,oracle_corrective,16,1.0,1.0,1.0,1.0,1.0
705,1,,question_only,10,1.0,1.0,1.0,1.0,1.0
705,1,,wrong_answer_conditioned,11,1.0,1.0,1.0,1.0,1.0
705,1,607,shuffled_wrong_answer_control,11,1.0,1.0,1.0,1.0,1.0
705,1,,oracle_corrective,13,1.0,1.0,1.0,1.0,1.0
705,2,,question_only,10,1.0,1.0,1.0,1.0,1.0
705,2,,wrong_answer_conditioned,11,1.0,1.0,1.0,1.0,1.0
705,2,843,shuffled_wrong_answer_control,11,1.0,1.0,1.0,1.0,1.0
705,2,,oracle_corrective,13,1.0,1.0,1.0,1.0,1.0
705,3,,question_only,10,1.0,1.0,1.0,1.0,1.0
705,3,,wrong_answer_conditioned,11,1.0,1.0,1.0,1.0,1.0
705,3,9,shuffled_wrong_answer_control,12,1.0,1.0,1.0,1.0,1.0
705,3,,oracle_corrective,13,1.0,1.0,1.0,1.0,1.0
706,1,,question_only,8,1.0,1.0,1.0,1.0,1.0
706,1,,wrong_answer_conditioned,9,1.0,1.0,1.0,1.0,1.0
706,1,817,shuffled_wrong_answer_control,9,1.0,1.0,1.0,1.0,1.0
706,1,,oracle_corrective,10,1.0,1.0,1.0,1.0,1.0
706,2,,question_only,8,1.0,1.0,1.0,1.0,1.0
706,2,,wrong_answer_conditioned,9,1.0,1.0,1.0,1.0,1.0
706,2,436,shuffled_wrong_answer_control,9,1.0,1.0,1.0,1.0,1.0
706,2,,oracle_corrective,10,1.0,1.0,1.0,1.0,1.0
706,3,,question_only,8,1.0,1.0,1.0,1.0,1.0
706,3,,wrong_answer_conditioned,9,1.0,1.0,1.0,1.0,1.0
706,3,502,shuffled_wrong_answer_control,10,1.0,1.0,1.0,1.0,1.0
706,3,,oracle_corrective,10,1.0,1.0,1.0,1.0,1.0
707,1,,question_only,11,1.0,1.0,1.0,1.0,1.0
707,1,,wrong_answer_conditioned,13,1.0,1.0,1.0,1.0,1.0
707,1,375,shuffled_wrong_answer_control,13,1.0,1.0,1.0,1.0,1.0
707,1,,oracle_corrective,15,1.0,1.0,1.0,1.0,1.0
707,2,,question_only,11,1.0,1.0,1.0,1.0,1.0
707,2,,wrong_answer_conditioned,13,1.0,1.0,1.0,1.0,1.0
707,2,492,shuffled_wrong_answer_control,13,1.0,1.0,1.0,1.0,1.0
707,2,,oracle_corrective,15,1.0,1.0,1.0,1.0,1.0
707,3,,question_only,11,1.0,1.0,1.0,1.0,1.0
707,3,,wrong_answer_conditioned,13,1.0,1.0,1.0,1.0,1.0
707,3,121,shuffled_wrong_answer_control,12,1.0,1.0,1.0,1.0,1.0
707,3,,oracle_corrective,15,1.0,1.0,1.0,1.0,1.0
708,1,,question_only,12,1.0,1.0,1.0,1.0,1.0
708,1,,wrong_answer_conditioned,13,1.0,1.0,1.0,1.0,1.0
708,1,474,shuffled_wrong_answer_control,13,1.0,1.0,1.0,1.0,1.0
708,1,,oracle_corrective,14,1.0,1.0,1.0,1.0,1.0
708,2,,question_only,12,1.0,1.0,1.0,1.0,1.0
708,2,,wrong_answer_conditioned,13,1.0,1.0,1.0,1.0,1.0
708,2,593,shuffled_wrong_answer_control,14,1.0,1.0,1.0,1.0,1.0
708,2,,oracle_corrective,14,1.0,1.0,1.0,1.0,1.0
708,3,,question_only,12,1.0,1.0,1.0,1.0,1.0
708,3,,wrong_answer_conditioned,13,1.0,1.0,1.0,1.0,1.0
708,3,429,shuffled_wrong_answer_control,13,1.0,1.0,1.0,1.0,1.0
708,3,,oracle_corrective,14,1.0,1.0,1.0,1.0,1.0
709,1,,question_only,13,1.0,1.0,1.0,1.0,1.0
709,1,,wrong_answer_conditioned,15,1.0,1.0,1.0,1.0,1.0
709,1,796,shuffled_wrong_answer_control,14,1.0,1.0,1.0,1.0,1.0
709,1,,oracle_corrective,16,1.0,1.0,1.0,1.0,1.0
709,2,,question_only,13,1.0,1.0,1.0,1.0,1.0
709,2,,wrong_answer_conditioned,15,1.0,1.0,1.0,1.0,1.0
709,2,49,shuffled_wrong_answer_control,15,1.0,1.0,1.0,1.0,1.0
709,2,,oracle_corrective,16,1.0,1.0,1.0,1.0,1.0
709,3,,question_only,13,1.0,1.0,1.0,1.0,1.0
709,3,,wrong_answer_conditioned,14,1.0,1.0,1.0,1.0,1.0
709,3,407,shuffled_wrong_answer_control,14,1.0,1.0,1.0,1.0,1.0
709,3,,oracle_corrective,15,1.0,1.0,1.0,1.0,1.0
710,1,,question_only,10,1.0,1.0,1.0,1.0,1.0
710,1,,wrong_answer_conditioned,12,1.0,1.0,1.0,1.0,1.0
710,1,39,shuffled_wrong_answer_control,12,1.0,1.0,1.0,1.0,1.0
710,1,,oracle_corrective,15,1.0,1.0,1.0,1.0,1.0
710,2,,question_only,10,1.0,1.0,1.0,1.0,1.0
710,2,,wrong_answer_conditioned,12,1.0,1.0,1.0,1.0,1.0
710,2,309,shuffled_wrong_answer_control,11,1.0,1.0,1.0,1.0,1.0
710,2,,oracle_corrective,15,1.0,1.0,1.0,1.0,1.0
710,3,,question_only,10,1.0,1.0,1.0,1.0,1.0
710,3,,wrong_answer_conditioned,12,1.0,1.0,1.0,1.0,1.0
710,3,70,shuffled_wrong_answer_control,11,1.0,1.0,1.0,1.0,1.0
710,3,,oracle_corrective,15,1.0,1.0,1.0,1.0,1.0
711,1,,question_only,20,1.0,1.0,1.0,1.0,1.0
711,1,,wrong_answer_conditioned,21,1.0,1.0,1.0,1.0,1.0
711,1,110,shuffled_wrong_answer_control,21,1.0,1.0,1.0,1.0,1.0
711,1,,oracle_corrective,22,1.0,1.0,1.0,1.0,1.0
711,2,,question_only,20,1.0,1.0,1.0,1.0,1.0
711,2,,wrong_answer_conditioned,21,1.0,1.0,1.0,1.0,1.0
711,2,96,shuffled_wrong_answer_control,21,1.0,1.0,1.0,1.0,1.0
711,2,,oracle_corrective,22,1.0,1.0,1.0,1.0,1.0
711,3,,question_only,20,1.0,1.0,1.0,1.0,1.0
711,3,,wrong_answer_conditioned,21,1.0,1.0,1.0,1.0,1.0
711,3,193,shuffled_wrong_answer_control,21,1.0,1.0,1.0,1.0,1.0
711,3,,oracle_corrective,22,1.0,1.0,1.0,1.0,1.0
712,1,,question_only,11,1.0,1.0,1.0,1.0,1.0
712,1,,wrong_answer_conditioned,13,1.0,1.0,1.0,1.0,1.0
712,1,404,shuffled_wrong_answer_control,13,1.0,1.0,1.0,1.0,1.0
712,1,,oracle_corrective,15,1.0,1.0,1.0,1.0,1.0
712,2,,question_only,11,1.0,1.0,1.0,1.0,1.0
712,2,,wrong_answer_conditioned,13,1.0,1.0,1.0,1.0,1.0
712,2,491,shuffled_wrong_answer_control,12,1.0,1.0,1.0,1.0,1.0
712,2,,oracle_corrective,15,1.0,1.0,1.0,1.0,1.0
712,3,,question_only,11,1.0,1.0,1.0,1.0,1.0
712,3,,wrong_answer_conditioned,13,1.0,1.0,1.0,1.0,1.0
712,3,615,shuffled_wrong_answer_control,12,1.0,1.0,1.0,1.0,1.0
712,3,,oracle_corrective,15,1.0,1.0,1.0,1.0,1.0
713,1,,question_only,14,1.0,1.0,1.0,1.0,1.0
713,1,,wrong_answer_conditioned,16,1.0,1.0,1.0,1.0,1.0
713,1,216,shuffled_wrong_answer_control,16,1.0,1.0,1.0,1.0,1.0
713,1,,oracle_corrective,19,1.0,1.0,1.0,1.0,1.0
713,2,,question_only,14,1.0,1.0,1.0,1.0,1.0
713,2,,wrong_answer_conditioned,17,1.0,1.0,1.0,1.0,1.0
713,2,24,shuffled_wrong_answer_control,16,1.0,1.0,1.0,1.0,1.0
713,2,,oracle_corrective,20,1.0,1.0,1.0,1.0,1.0
713,3,,question_only,14,1.0,1.0,1.0,1.0,1.0
713,3,,wrong_answer_conditioned,17,1.0,1.0,1.0,1.0,1.0
713,3,710,shuffled_wrong_answer_control,16,1.0,1.0,1.0,1.0,1.0
713,3,,oracle_corrective,20,1.0,1.0,1.0,1.0,1.0
714,1,,question_only,11,1.0,1.0,1.0,1.0,1.0
714,1,,wrong_answer_conditioned,12,1.0,1.0,1.0,1.0,1.0
714,1,770,shuffled_wrong_answer_control,13,1.0,1.0,1.0,1.0,1.0
714,1,,oracle_corrective,13,1.0,1.0,1.0,1.0,1.0
714,2,,question_only,11,1.0,1.0,1.0,1.0,1.0
714,2,,wrong_answer_conditioned,12,1.0,1.0,1.0,1.0,1.0
714,2,630,shuffled_wrong_answer_control,14,1.0,1.0,1.0,1.0,1.0
714,2,,oracle_corrective,13,1.0,1.0,1.0,1.0,1.0
714,3,,question_only,11,1.0,1.0,1.0,1.0,1.0
714,3,,wrong_answer_conditioned,12,1.0,1.0,1.0,1.0,1.0
714,3,851,shuffled_wrong_answer_control,13,1.0,1.0,1.0,1.0,1.0
714,3,,oracle_corrective,13,1.0,1.0,1.0,1.0,1.0
715,1,,question_only,15,1.0,1.0,1.0,1.0,1.0
715,1,,wrong_answer_conditioned,16,1.0,1.0,1.0,1.0,1.0
715,1,559,shuffled_wrong_answer_control,16,1.0,1.0,1.0,1.0,1.0
715,1,,oracle_corrective,17,1.0,1.0,1.0,1.0,1.0
715,2,,question_only,15,1.0,1.0,1.0,1.0,1.0
715,2,,wrong_answer_conditioned,16,1.0,1.0,1.0,1.0,1.0
715,2,247,shuffled_wrong_answer_control,16,1.0,1.0,1.0,1.0,1.0
715,2,,oracle_corrective,17,1.0,1.0,1.0,1.0,1.0
715,3,,question_only,15,1.0,1.0,1.0,1.0,1.0
715,3,,wrong_answer_conditioned,16,1.0,1.0,1.0,1.0,1.0
715,3,137,shuffled_wrong_answer_control,17,1.0,1.0,1.0,1.0,1.0
715,3,,oracle_corrective,17,1.0,1.0,1.0,1.0,1.0
716,1,,question_only,14,1.0,1.0,1.0,1.0,1.0
716,1,,wrong_answer_conditioned,15,1.0,1.0,1.0,1.0,1.0
716,1,116,shuffled_wrong_answer_control,16,1.0,1.0,1.0,1.0,1.0
716,1,,oracle_corrective,16,1.0,1.0,1.0,1.0,1.0
716,2,,question_only,14,1.0,1.0,1.0,1.0,1.0
716,2,,wrong_answer_conditioned,15,1.0,1.0,1.0,1.0,1.0
716,2,834,shuffled_wrong_answer_control,15,1.0,1.0,1.0,1.0,1.0
716,2,,oracle_corrective,16,1.0,1.0,1.0,1.0,1.0
716,3,,question_only,14,1.0,1.0,1.0,1.0,1.0
716,3,,wrong_answer_conditioned,15,1.0,1.0,1.0,1.0,1.0
716,3,656,shuffled_wrong_answer_control,16,1.0,1.0,1.0,1.0,1.0
716,3,,oracle_corrective,16,1.0,1.0,1.0,1.0,1.0
717,1,,question_only,13,1.0,1.0,1.0,1.0,1.0
717,1,,wrong_answer_conditioned,14,1.0,1.0,1.0,1.0,1.0
717,1,381,shuffled_wrong_answer_control,14,1.0,1.0,1.0,1.0,1.0
717,1,,oracle_corrective,15,1.0,1.0,1.0,1.0,1.0
717,2,,question_only,13,1.0,1.0,1.0,1.0,1.0
717,2,,wrong_answer_conditioned,14,1.0,1.0,1.0,1.0,1.0
717,2,448,shuffled_wrong_answer_control,14,1.0,1.0,1.0,1.0,1.0
717,2,,oracle_corrective,15,1.0,1.0,1.0,1.0,1.0
717,3,,question_only,13,1.0,1.0,1.0,1.0,1.0
717,3,,wrong_answer_conditioned,14,1.0,1.0,1.0,1.0,1.0
717,3,623,shuffled_wrong_answer_control,14,1.0,1.0,1.0,1.0,1.0
717,3,,oracle_corrective,15,1.0,1.0,1.0,1.0,1.0
718,1,,question_only,16,1.0,1.0,1.0,1.0,1.0
718,1,,wrong_answer_conditioned,17,1.0,1.0,1.0,1.0,1.0
718,1,636,shuffled_wrong_answer_control,17,1.0,1.0,1.0,1.0,1.0
718,1,,oracle_corrective,19,1.0,1.0,1.0,1.0,1.0
718,2,,question_only,16,1.0,1.0,1.0,1.0,1.0
718,2,,wrong_answer_conditioned,17,1.0,1.0,1.0,1.0,1.0
718,2,495,shuffled_wrong_answer_control,18,1.0,1.0,1.0,1.0,1.0
718,2,,oracle_corrective,19,1.0,1.0,1.0,1.0,1.0
718,3,,question_only,16,1.0,1.0,1.0,1.0,1.0
718,3,,wrong_answer_conditioned,17,1.0,1.0,1.0,1.0,1.0
718,3,32,shuffled_wrong_answer_control,17,1.0,1.0,1.0,1.0,1.0
718,3,,oracle_corrective,19,1.0,1.0,1.0,1.0,1.0
719,1,,question_only,11,1.0,1.0,1.0,1.0,1.0
719,1,,wrong_answer_conditioned,12,1.0,1.0,1.0,1.0,1.0
719,1,148,shuffled_wrong_answer_control,12,1.0,1.0,1.0,1.0,1.0
719,1,,oracle_corrective,13,1.0,1.0,1.0,1.0,1.0
719,2,,question_only,11,1.0,1.0,1.0,1.0,1.0
719,2,,wrong_answer_conditioned,13,1.0,1.0,1.0,1.0,1.0
719,2,452,shuffled_wrong_answer_control,12,1.0,1.0,1.0,1.0,1.0
719,2,,oracle_corrective,14,1.0,1.0,1.0,1.0,1.0
719,3,,question_only,11,1.0,1.0,1.0,1.0,1.0
719,3,,wrong_answer_conditioned,12,1.0,1.0,1.0,1.0,1.0
719,3,39,shuffled_wrong_answer_control,13,1.0,1.0,1.0,1.0,1.0
719,3,,oracle_corrective,13,1.0,1.0,1.0,1.0,1.0
720,1,,question_only,11,1.0,1.0,1.0,1.0,1.0
720,1,,wrong_answer_conditioned,12,1.0,1.0,1.0,1.0,1.0
720,1,239,shuffled_wrong_answer_control,14,1.0,1.0,1.0,1.0,1.0
720,1,,oracle_corrective,14,1.0,1.0,1.0,1.0,1.0
720,2,,question_only,11,1.0,1.0,1.0,1.0,1.0
720,2,,wrong_answer_conditioned,13,1.0,1.0,1.0,1.0,1.0
720,2,723,shuffled_wrong_answer_control,12,1.0,1.0,1.0,1.0,1.0
720,2,,oracle_corrective,15,1.0,1.0,1.0,1.0,1.0
720,3,,question_only,11,1.0,1.0,1.0,1.0,1.0
720,3,,wrong_answer_conditioned,13,1.0,1.0,1.0,1.0,1.0
720,3,260,shuffled_wrong_answer_control,12,1.0,1.0,1.0,1.0,1.0
720,3,,oracle_corrective,15,1.0,1.0,1.0,1.0,1.0
721,1,,question_only,11,1.0,1.0,1.0,1.0,1.0
721,1,,wrong_answer_conditioned,12,1.0,1.0,1.0,1.0,1.0
721,1,105,shuffled_wrong_answer_control,12,1.0,1.0,1.0,1.0,1.0
721,1,,oracle_corrective,13,1.0,1.0,1.0,1.0,1.0
721,2,,question_only,11,1.0,1.0,1.0,1.0,1.0
721,2,,wrong_answer_conditioned,12,1.0,1.0,1.0,1.0,1.0
721,2,315,shuffled_wrong_answer_control,13,1.0,1.0,1.0,1.0,1.0
721,2,,oracle_corrective,13,1.0,1.0,1.0,1.0,1.0
721,3,,question_only,11,1.0,1.0,1.0,1.0,1.0
721,3,,wrong_answer_conditioned,12,1.0,1.0,1.0,1.0,1.0
721,3,238,shuffled_wrong_answer_control,13,1.0,1.0,1.0,1.0,1.0
721,3,,oracle_corrective,13,1.0,1.0,1.0,1.0,1.0
722,1,,question_only,13,1.0,1.0,1.0,1.0,1.0
722,1,,wrong_answer_conditioned,15,1.0,1.0,1.0,1.0,1.0
722,1,538,shuffled_wrong_answer_control,14,1.0,1.0,1.0,1.0,1.0
722,1,,oracle_corrective,17,1.0,1.0,1.0,1.0,1.0
722,2,,question_only,13,1.0,1.0,1.0,1.0,1.0
722,2,,wrong_answer_conditioned,15,1.0,1.0,1.0,1.0,1.0
722,2,650,shuffled_wrong_answer_control,14,1.0,1.0,1.0,1.0,1.0
722,2,,oracle_corrective,17,1.0,1.0,1.0,1.0,1.0
722,3,,question_only,13,1.0,1.0,1.0,1.0,1.0
722,3,,wrong_answer_conditioned,15,1.0,1.0,1.0,1.0,1.0
722,3,669,shuffled_wrong_answer_control,15,1.0,1.0,1.0,1.0,1.0
722,3,,oracle_corrective,17,1.0,1.0,1.0,1.0,1.0
723,1,,question_only,10,1.0,1.0,1.0,1.0,1.0
723,1,,wrong_answer_conditioned,11,1.0,1.0,1.0,1.0,1.0
723,1,96,shuffled_wrong_answer_control,11,1.0,1.0,1.0,1.0,1.0
723,1,,oracle_corrective,12,1.0,1.0,1.0,1.0,1.0
723,2,,question_only,10,1.0,1.0,1.0,1.0,1.0
723,2,,wrong_answer_conditioned,11,1.0,1.0,1.0,1.0,1.0
723,2,513,shuffled_wrong_answer_control,12,1.0,1.0,1.0,1.0,1.0
723,2,,oracle_corrective,12,1.0,1.0,1.0,1.0,1.0
723,3,,question_only,10,1.0,1.0,1.0,1.0,1.0
723,3,,wrong_answer_conditioned,11,1.0,1.0,1.0,1.0,1.0
723,3,275,shuffled_wrong_answer_control,11,1.0,1.0,1.0,1.0,1.0
723,3,,oracle_corrective,12,1.0,1.0,1.0,1.0,1.0
724,1,,question_only,12,1.0,1.0,1.0,1.0,1.0
724,1,,wrong_answer_conditioned,13,1.0,1.0,1.0,1.0,1.0
724,1,755,shuffled_wrong_answer_control,15,1.0,1.0,1.0,1.0,1.0
724,1,,oracle_corrective,16,1.0,1.0,1.0,1.0,1.0
724,2,,question_only,12,1.0,1.0,1.0,1.0,1.0
724,2,,wrong_answer_conditioned,13,1.0,1.0,1.0,1.0,1.0
724,2,700,shuffled_wrong_answer_control,13,1.0,1.0,1.0,1.0,1.0
724,2,,oracle_corrective,16,1.0,1.0,1.0,1.0,1.0
724,3,,question_only,12,1.0,1.0,1.0,1.0,1.0
724,3,,wrong_answer_conditioned,15,1.0,1.0,1.0,1.0,1.0
724,3,190,shuffled_wrong_answer_control,13,1.0,1.0,1.0,1.0,1.0
724,3,,oracle_corrective,18,1.0,1.0,1.0,1.0,1.0
725,1,,question_only,12,1.0,1.0,1.0,1.0,1.0
725,1,,wrong_answer_conditioned,14,1.0,1.0,1.0,1.0,1.0
725,1,831,shuffled_wrong_answer_control,14,1.0,1.0,1.0,1.0,1.0
725,1,,oracle_corrective,16,1.0,1.0,1.0,1.0,1.0
725,2,,question_only,12,1.0,1.0,1.0,1.0,1.0
725,2,,wrong_answer_conditioned,14,1.0,1.0,1.0,1.0,1.0
725,2,454,shuffled_wrong_answer_control,13,1.0,1.0,1.0,1.0,1.0
725,2,,oracle_corrective,16,1.0,1.0,1.0,1.0,1.0
725,3,,question_only,12,1.0,1.0,1.0,1.0,1.0
725,3,,wrong_answer_conditioned,14,1.0,1.0,1.0,1.0,1.0
725,3,336,shuffled_wrong_answer_control,13,1.0,1.0,1.0,1.0,1.0
725,3,,oracle_corrective,16,1.0,1.0,1.0,1.0,1.0
726,1,,question_only,8,1.0,1.0,1.0,1.0,1.0
726,1,,wrong_answer_conditioned,9,1.0,1.0,1.0,1.0,1.0
726,1,604,shuffled_wrong_answer_control,10,1.0,1.0,1.0,1.0,1.0
726,1,,oracle_corrective,10,1.0,1.0,1.0,1.0,1.0
726,2,,question_only,8,1.0,1.0,1.0,1.0,1.0
726,2,,wrong_answer_conditioned,9,1.0,1.0,1.0,1.0,1.0
726,2,71,shuffled_wrong_answer_control,9,1.0,1.0,1.0,1.0,1.0
726,2,,oracle_corrective,10,1.0,1.0,1.0,1.0,1.0
726,3,,question_only,8,1.0,1.0,1.0,1.0,1.0
726,3,,wrong_answer_conditioned,9,1.0,1.0,1.0,1.0,1.0
726,3,648,shuffled_wrong_answer_control,10,1.0,1.0,1.0,1.0,1.0
726,3,,oracle_corrective,10,1.0,1.0,1.0,1.0,1.0
727,1,,question_only,12,1.0,1.0,1.0,1.0,1.0
727,1,,wrong_answer_conditioned,13,1.0,1.0,1.0,1.0,1.0
727,1,52,shuffled_wrong_answer_control,13,1.0,1.0,1.0,1.0,1.0
727,1,,oracle_corrective,14,1.0,1.0,1.0,1.0,1.0
727,2,,question_only,12,1.0,1.0,1.0,1.0,1.0
727,2,,wrong_answer_conditioned,13,1.0,1.0,1.0,1.0,1.0
727,2,136,shuffled_wrong_answer_control,13,1.0,1.0,1.0,1.0,1.0
727,2,,oracle_corrective,14,1.0,1.0,1.0,1.0,1.0
727,3,,question_only,12,1.0,1.0,1.0,1.0,1.0
727,3,,wrong_answer_conditioned,13,1.0,1.0,1.0,1.0,1.0
727,3,592,shuffled_wrong_answer_control,13,1.0,1.0,1.0,1.0,1.0
727,3,,oracle_corrective,14,1.0,1.0,1.0,1.0,1.0
728,1,,question_only,8,1.0,1.0,1.0,1.0,1.0
728,1,,wrong_answer_conditioned,9,1.0,1.0,1.0,1.0,1.0
728,1,609,shuffled_wrong_answer_control,9,1.0,1.0,1.0,1.0,1.0
728,1,,oracle_corrective,10,1.0,1.0,1.0,1.0,1.0
728,2,,question_only,8,1.0,1.0,1.0,1.0,1.0
728,2,,wrong_answer_conditioned,9,1.0,1.0,1.0,1.0,1.0
728,2,813,shuffled_wrong_answer_control,9,1.0,1.0,1.0,1.0,1.0
728,2,,oracle_corrective,10,1.0,1.0,1.0,1.0,1.0
728,3,,question_only,8,1.0,1.0,1.0,1.0,1.0
728,3,,wrong_answer_conditioned,9,1.0,1.0,1.0,1.0,1.0
728,3,662,shuffled_wrong_answer_control,9,1.0,1.0,1.0,1.0,1.0
728,3,,oracle_corrective,10,1.0,1.0,1.0,1.0,1.0
729,1,,question_only,12,1.0,1.0,1.0,1.0,1.0
729,1,,wrong_answer_conditioned,13,1.0,1.0,1.0,1.0,1.0
729,1,160,shuffled_wrong_answer_control,13,1.0,1.0,1.0,1.0,1.0
729,1,,oracle_corrective,14,1.0,1.0,1.0,1.0,1.0
729,2,,question_only,12,1.0,1.0,1.0,1.0,1.0
729,2,,wrong_answer_conditioned,13,1.0,1.0,1.0,1.0,1.0
729,2,759,shuffled_wrong_answer_control,14,1.0,1.0,1.0,1.0,1.0
729,2,,oracle_corrective,14,1.0,1.0,1.0,1.0,1.0
729,3,,question_only,12,1.0,1.0,1.0,1.0,1.0
729,3,,wrong_answer_conditioned,13,1.0,1.0,1.0,1.0,1.0
729,3,698,shuffled_wrong_answer_control,13,1.0,1.0,1.0,1.0,1.0
729,3,,oracle_corrective,14,1.0,1.0,1.0,1.0,1.0
730,1,,question_only,12,1.0,1.0,1.0,1.0,1.0
730,1,,wrong_answer_conditioned,14,1.0,1.0,1.0,1.0,1.0
730,1,509,shuffled_wrong_answer_control,14,1.0,1.0,1.0,1.0,1.0
730,1,,oracle_corrective,16,1.0,1.0,1.0,1.0,1.0
730,2,,question_only,12,1.0,1.0,1.0,1.0,1.0
730,2,,wrong_answer_conditioned,14,1.0,1.0,1.0,1.0,1.0
730,2,616,shuffled_wrong_answer_control,13,1.0,1.0,1.0,1.0,1.0
730,2,,oracle_corrective,16,1.0,1.0,1.0,1.0,1.0
730,3,,question_only,12,1.0,1.0,1.0,1.0,1.0
730,3,,wrong_answer_conditioned,14,1.0,1.0,1.0,1.0,1.0
730,3,583,shuffled_wrong_answer_control,13,1.0,1.0,1.0,1.0,1.0
730,3,,oracle_corrective,16,1.0,1.0,1.0,1.0,1.0
731,1,,question_only,13,1.0,1.0,1.0,1.0,1.0
731,1,,wrong_answer_conditioned,14,1.0,1.0,1.0,1.0,1.0
731,1,460,shuffled_wrong_answer_control,14,1.0,1.0,1.0,1.0,1.0
731,1,,oracle_corrective,15,1.0,1.0,1.0,1.0,1.0
731,2,,question_only,13,1.0,1.0,1.0,1.0,1.0
731,2,,wrong_answer_conditioned,14,1.0,1.0,1.0,1.0,1.0
731,2,163,shuffled_wrong_answer_control,15,1.0,1.0,1.0,1.0,1.0
731,2,,oracle_corrective,15,1.0,1.0,1.0,1.0,1.0
731,3,,question_only,13,1.0,1.0,1.0,1.0,1.0
731,3,,wrong_answer_conditioned,14,1.0,1.0,1.0,1.0,1.0
731,3,379,shuffled_wrong_answer_control,14,1.0,1.0,1.0,1.0,1.0
731,3,,oracle_corrective,15,1.0,1.0,1.0,1.0,1.0
732,1,,question_only,12,1.0,1.0,1.0,1.0,1.0
732,1,,wrong_answer_conditioned,13,1.0,1.0,1.0,1.0,1.0
732,1,624,shuffled_wrong_answer_control,13,1.0,1.0,1.0,1.0,1.0
732,1,,oracle_corrective,14,1.0,1.0,1.0,1.0,1.0
732,2,,question_only,12,1.0,1.0,1.0,1.0,1.0
732,2,,wrong_answer_conditioned,14,1.0,1.0,1.0,1.0,1.0
732,2,572,shuffled_wrong_answer_control,13,1.0,1.0,1.0,1.0,1.0
732,2,,oracle_corrective,15,1.0,1.0,1.0,1.0,1.0
732,3,,question_only,12,1.0,1.0,1.0,1.0,1.0
732,3,,wrong_answer_conditioned,13,1.0,1.0,1.0,1.0,1.0
732,3,687,shuffled_wrong_answer_control,14,1.0,1.0,1.0,1.0,1.0
732,3,,oracle_corrective,14,1.0,1.0,1.0,1.0,1.0
733,1,,question_only,11,1.0,1.0,1.0,1.0,1.0
733,1,,wrong_answer_conditioned,16,1.0,1.0,1.0,1.0,1.0
733,1,334,shuffled_wrong_answer_control,13,1.0,1.0,1.0,1.0,1.0
733,1,,oracle_corrective,21,1.0,1.0,1.0,1.0,1.0
733,2,,question_only,11,1.0,1.0,1.0,1.0,1.0
733,2,,wrong_answer_conditioned,16,1.0,1.0,1.0,1.0,1.0
733,2,667,shuffled_wrong_answer_control,12,1.0,1.0,1.0,1.0,1.0
733,2,,oracle_corrective,21,1.0,1.0,1.0,1.0,1.0
733,3,,question_only,11,1.0,1.0,1.0,1.0,1.0
733,3,,wrong_answer_conditioned,16,1.0,1.0,1.0,1.0,1.0
733,3,875,shuffled_wrong_answer_control,14,1.0,1.0,1.0,1.0,1.0
733,3,,oracle_corrective,21,1.0,1.0,1.0,1.0,1.0
734,1,,question_only,9,1.0,1.0,1.0,1.0,1.0
734,1,,wrong_answer_conditioned,12,1.0,1.0,1.0,1.0,1.0
734,1,828,shuffled_wrong_answer_control,10,1.0,1.0,1.0,1.0,1.0
734,1,,oracle_corrective,15,1.0,1.0,1.0,1.0,1.0
734,2,,question_only,9,1.0,1.0,1.0,1.0,1.0
734,2,,wrong_answer_conditioned,12,1.0,1.0,1.0,1.0,1.0
734,2,499,shuffled_wrong_answer_control,10,1.0,1.0,1.0,1.0,1.0
734,2,,oracle_corrective,15,1.0,1.0,1.0,1.0,1.0
734,3,,question_only,9,1.0,1.0,1.0,1.0,1.0
734,3,,wrong_answer_conditioned,12,1.0,1.0,1.0,1.0,1.0
734,3,417,shuffled_wrong_answer_control,10,1.0,1.0,1.0,1.0,1.0
734,3,,oracle_corrective,15,1.0,1.0,1.0,1.0,1.0
735,1,,question_only,12,1.0,1.0,1.0,1.0,1.0
735,1,,wrong_answer_conditioned,14,1.0,1.0,1.0,1.0,1.0
735,1,741,shuffled_wrong_answer_control,15,1.0,1.0,1.0,1.0,1.0
735,1,,oracle_corrective,17,1.0,1.0,1.0,1.0,1.0
735,2,,question_only,12,1.0,1.0,1.0,1.0,1.0
735,2,,wrong_answer_conditioned,14,1.0,1.0,1.0,1.0,1.0
735,2,190,shuffled_wrong_answer_control,13,1.0,1.0,1.0,1.0,1.0
735,2,,oracle_corrective,17,1.0,1.0,1.0,1.0,1.0
735,3,,question_only,12,1.0,1.0,1.0,1.0,1.0
735,3,,wrong_answer_conditioned,15,1.0,1.0,1.0,1.0,1.0
735,3,599,shuffled_wrong_answer_control,14,1.0,1.0,1.0,1.0,1.0
735,3,,oracle_corrective,18,1.0,1.0,1.0,1.0,1.0
736,1,,question_only,34,1.0,1.0,1.0,1.0,1.0
736,1,,wrong_answer_conditioned,36,1.0,1.0,1.0,1.0,1.0
736,1,628,shuffled_wrong_answer_control,35,1.0,1.0,1.0,1.0,1.0
736,1,,oracle_corrective,38,1.0,1.0,1.0,1.0,1.0
736,2,,question_only,34,1.0,1.0,1.0,1.0,1.0
736,2,,wrong_answer_conditioned,36,1.0,1.0,1.0,1.0,1.0
736,2,85,shuffled_wrong_answer_control,35,1.0,1.0,1.0,1.0,1.0
736,2,,oracle_corrective,38,1.0,1.0,1.0,1.0,1.0
736,3,,question_only,34,1.0,1.0,1.0,1.0,1.0
736,3,,wrong_answer_conditioned,36,1.0,1.0,1.0,1.0,1.0
736,3,748,shuffled_wrong_answer_control,35,1.0,1.0,1.0,1.0,1.0
736,3,,oracle_corrective,38,1.0,1.0,1.0,1.0,1.0
737,1,,question_only,12,1.0,1.0,1.0,1.0,1.0
737,1,,wrong_answer_conditioned,13,1.0,1.0,1.0,1.0,1.0
737,1,527,shuffled_wrong_answer_control,13,1.0,1.0,1.0,1.0,1.0
737,1,,oracle_corrective,14,1.0,1.0,1.0,1.0,1.0
737,2,,question_only,12,1.0,1.0,1.0,1.0,1.0
737,2,,wrong_answer_conditioned,13,1.0,1.0,1.0,1.0,1.0
737,2,708,shuffled_wrong_answer_control,13,1.0,1.0,1.0,1.0,1.0
737,2,,oracle_corrective,14,1.0,1.0,1.0,1.0,1.0
737,3,,question_only,12,1.0,1.0,1.0,1.0,1.0
737,3,,wrong_answer_conditioned,13,1.0,1.0,1.0,1.0,1.0
737,3,810,shuffled_wrong_answer_control,13,1.0,1.0,1.0,1.0,1.0
737,3,,oracle_corrective,14,1.0,1.0,1.0,1.0,1.0
738,1,,question_only,8,1.0,1.0,1.0,1.0,1.0
738,1,,wrong_answer_conditioned,9,1.0,1.0,1.0,1.0,1.0
738,1,401,shuffled_wrong_answer_control,11,1.0,1.0,1.0,1.0,1.0
738,1,,oracle_corrective,10,1.0,1.0,1.0,1.0,1.0
738,2,,question_only,8,1.0,1.0,1.0,1.0,1.0
738,2,,wrong_answer_conditioned,10,1.0,1.0,1.0,1.0,1.0
738,2,640,shuffled_wrong_answer_control,9,1.0,1.0,1.0,1.0,1.0
738,2,,oracle_corrective,11,1.0,1.0,1.0,1.0,1.0
738,3,,question_only,8,1.0,1.0,1.0,1.0,1.0
738,3,,wrong_answer_conditioned,9,1.0,1.0,1.0,1.0,1.0
738,3,231,shuffled_wrong_answer_control,10,1.0,1.0,1.0,1.0,1.0
738,3,,oracle_corrective,10,1.0,1.0,1.0,1.0,1.0
739,1,,question_only,8,0.0,0.0,0.0,0.0,0.0
739,1,,wrong_answer_conditioned,10,0.0,0.0,0.0,0.0,0.0
739,1,256,shuffled_wrong_answer_control,9,0.0,0.0,0.0,0.0,0.0
739,1,,oracle_corrective,12,0.0,0.0,0.0,0.0,0.0
739,2,,question_only,8,0.0,0.0,0.0,0.0,0.0
739,2,,wrong_answer_conditioned,10,0.0,0.0,0.0,0.0,0.0
739,2,738,shuffled_wrong_answer_control,10,0.0,0.0,0.0,0.0,0.0
739,2,,oracle_corrective,12,0.0,0.0,0.0,0.0,0.0
739,3,,question_only,8,0.0,0.0,0.0,0.0,0.0
739,3,,wrong_answer_conditioned,10,0.0,0.0,0.0,0.0,0.0
739,3,344,shuffled_wrong_answer_control,9,0.0,0.0,0.0,0.0,0.0
739,3,,oracle_corrective,12,0.0,0.0,0.0,0.0,0.0
740,1,,question_only,15,1.0,1.0,1.0,1.0,1.0
740,1,,wrong_answer_conditioned,16,1.0,1.0,1.0,1.0,1.0
740,1,785,shuffled_wrong_answer_control,16,1.0,1.0,1.0,1.0,1.0
740,1,,oracle_corrective,17,1.0,1.0,1.0,1.0,1.0
740,2,,question_only,15,1.0,1.0,1.0,1.0,1.0
740,2,,wrong_answer_conditioned,16,1.0,1.0,1.0,1.0,1.0
740,2,200,shuffled_wrong_answer_control,17,1.0,1.0,1.0,1.0,1.0
740,2,,oracle_corrective,17,1.0,1.0,1.0,1.0,1.0
740,3,,question_only,15,1.0,1.0,1.0,1.0,1.0
740,3,,wrong_answer_conditioned,16,1.0,1.0,1.0,1.0,1.0
740,3,535,shuffled_wrong_answer_control,16,1.0,1.0,1.0,1.0,1.0
740,3,,oracle_corrective,17,1.0,1.0,1.0,1.0,1.0
741,1,,question_only,6,1.0,1.0,1.0,1.0,1.0
741,1,,wrong_answer_conditioned,9,1.0,1.0,1.0,1.0,1.0
741,1,352,shuffled_wrong_answer_control,7,1.0,1.0,1.0,1.0,1.0
741,1,,oracle_corrective,12,1.0,1.0,1.0,1.0,1.0
741,2,,question_only,6,1.0,1.0,1.0,1.0,1.0
741,2,,wrong_answer_conditioned,9,1.0,1.0,1.0,1.0,1.0
741,2,14,shuffled_wrong_answer_control,7,1.0,1.0,1.0,1.0,1.0
741,2,,oracle_corrective,12,1.0,1.0,1.0,1.0,1.0
741,3,,question_only,6,1.0,1.0,1.0,1.0,1.0
741,3,,wrong_answer_conditioned,8,1.0,1.0,1.0,1.0,1.0
741,3,472,shuffled_wrong_answer_control,7,1.0,1.0,1.0,1.0,1.0
741,3,,oracle_corrective,11,1.0,1.0,1.0,1.0,1.0
742,1,,question_only,12,1.0,1.0,1.0,1.0,1.0
742,1,,wrong_answer_conditioned,13,1.0,1.0,1.0,1.0,1.0
742,1,49,shuffled_wrong_answer_control,14,1.0,1.0,1.0,1.0,1.0
742,1,,oracle_corrective,14,1.0,1.0,1.0,1.0,1.0
742,2,,question_only,12,1.0,1.0,1.0,1.0,1.0
742,2,,wrong_answer_conditioned,13,1.0,1.0,1.0,1.0,1.0
742,2,476,shuffled_wrong_answer_control,13,1.0,1.0,1.0,1.0,1.0
742,2,,oracle_corrective,14,1.0,1.0,1.0,1.0,1.0
742,3,,question_only,12,1.0,1.0,1.0,1.0,1.0
742,3,,wrong_answer_conditioned,13,1.0,1.0,1.0,1.0,1.0
742,3,100,shuffled_wrong_answer_control,13,1.0,1.0,1.0,1.0,1.0
742,3,,oracle_corrective,14,1.0,1.0,1.0,1.0,1.0
743,1,,question_only,9,0.5,0.0,1.0,1.0,0.6309297535714575
743,1,,wrong_answer_conditioned,10,0.5,0.0,1.0,1.0,0.6309297535714575
743,1,283,shuffled_wrong_answer_control,10,0.5,0.0,1.0,1.0,0.6309297535714575
743,1,,oracle_corrective,11,0.5,0.0,1.0,1.0,0.6309297535714575
743,2,,question_only,9,0.5,0.0,1.0,1.0,0.6309297535714575
743,2,,wrong_answer_conditioned,10,0.5,0.0,1.0,1.0,0.6309297535714575
743,2,498,shuffled_wrong_answer_control,11,0.3333333333333333,0.0,1.0,1.0,0.5
743,2,,oracle_corrective,11,0.5,0.0,1.0,1.0,0.6309297535714575
743,3,,question_only,9,0.5,0.0,1.0,1.0,0.6309297535714575
743,3,,wrong_answer_conditioned,10,0.5,0.0,1.0,1.0,0.6309297535714575
743,3,3,shuffled_wrong_answer_control,10,0.5,0.0,1.0,1.0,0.6309297535714575
743,3,,oracle_corrective,11,0.5,0.0,1.0,1.0,0.6309297535714575
744,1,,question_only,7,1.0,1.0,1.0,1.0,1.0
744,1,,wrong_answer_conditioned,9,1.0,1.0,1.0,1.0,1.0
744,1,634,shuffled_wrong_answer_control,9,1.0,1.0,1.0,1.0,1.0
744,1,,oracle_corrective,11,1.0,1.0,1.0,1.0,1.0
744,2,,question_only,7,1.0,1.0,1.0,1.0,1.0
744,2,,wrong_answer_conditioned,9,1.0,1.0,1.0,1.0,1.0
744,2,171,shuffled_wrong_answer_control,8,1.0,1.0,1.0,1.0,1.0
744,2,,oracle_corrective,11,1.0,1.0,1.0,1.0,1.0
744,3,,question_only,7,1.0,1.0,1.0,1.0,1.0
744,3,,wrong_answer_conditioned,9,1.0,1.0,1.0,1.0,1.0
744,3,191,shuffled_wrong_answer_control,9,1.0,1.0,1.0,1.0,1.0
744,3,,oracle_corrective,11,1.0,1.0,1.0,1.0,1.0
745,1,,question_only,19,1.0,1.0,1.0,1.0,1.0
745,1,,wrong_answer_conditioned,20,1.0,1.0,1.0,1.0,1.0
745,1,412,shuffled_wrong_answer_control,20,1.0,1.0,1.0,1.0,1.0
745,1,,oracle_corrective,21,1.0,1.0,1.0,1.0,1.0
745,2,,question_only,19,1.0,1.0,1.0,1.0,1.0
745,2,,wrong_answer_conditioned,20,1.0,1.0,1.0,1.0,1.0
745,2,691,shuffled_wrong_answer_control,21,1.0,1.0,1.0,1.0,1.0
745,2,,oracle_corrective,21,1.0,1.0,1.0,1.0,1.0
745,3,,question_only,19,1.0,1.0,1.0,1.0,1.0
745,3,,wrong_answer_conditioned,20,1.0,1.0,1.0,1.0,1.0
745,3,126,shuffled_wrong_answer_control,21,1.0,1.0,1.0,1.0,1.0
745,3,,oracle_corrective,21,1.0,1.0,1.0,1.0,1.0
746,1,,question_only,11,0.0,0.0,0.0,0.0,0.0
746,1,,wrong_answer_conditioned,12,0.0,0.0,0.0,0.0,0.0
746,1,33,shuffled_wrong_answer_control,14,0.0,0.0,0.0,0.0,0.0
746,1,,oracle_corrective,13,0.0,0.0,0.0,0.0,0.0
746,2,,question_only,11,0.0,0.0,0.0,0.0,0.0
746,2,,wrong_answer_conditioned,12,0.0,0.0,0.0,0.0,0.0
746,2,100,shuffled_wrong_answer_control,13,0.0,0.0,0.0,0.0,0.0
746,2,,oracle_corrective,13,0.0,0.0,0.0,0.0,0.0
746,3,,question_only,11,0.0,0.0,0.0,0.0,0.0
746,3,,wrong_answer_conditioned,12,0.0,0.0,0.0,0.0,0.0
746,3,545,shuffled_wrong_answer_control,12,0.0,0.0,0.0,0.0,0.0
746,3,,oracle_corrective,13,0.0,0.0,0.0,0.0,0.0
747,1,,question_only,12,1.0,1.0,1.0,1.0,1.0
747,1,,wrong_answer_conditioned,14,1.0,1.0,1.0,1.0,1.0
747,1,765,shuffled_wrong_answer_control,13,1.0,1.0,1.0,1.0,1.0
747,1,,oracle_corrective,17,1.0,1.0,1.0,1.0,1.0
747,2,,question_only,12,1.0,1.0,1.0,1.0,1.0
747,2,,wrong_answer_conditioned,15,1.0,1.0,1.0,1.0,1.0
747,2,693,shuffled_wrong_answer_control,13,1.0,1.0,1.0,1.0,1.0
747,2,,oracle_corrective,18,1.0,1.0,1.0,1.0,1.0
747,3,,question_only,12,1.0,1.0,1.0,1.0,1.0
747,3,,wrong_answer_conditioned,14,1.0,1.0,1.0,1.0,1.0
747,3,845,shuffled_wrong_answer_control,14,1.0,1.0,1.0,1.0,1.0
747,3,,oracle_corrective,17,1.0,1.0,1.0,1.0,1.0
748,1,,question_only,10,1.0,1.0,1.0,1.0,1.0
748,1,,wrong_answer_conditioned,11,1.0,1.0,1.0,1.0,1.0
748,1,574,shuffled_wrong_answer_control,11,1.0,1.0,1.0,1.0,1.0
748,1,,oracle_corrective,12,1.0,1.0,1.0,1.0,1.0
748,2,,question_only,10,1.0,1.0,1.0,1.0,1.0
748,2,,wrong_answer_conditioned,11,1.0,1.0,1.0,1.0,1.0
748,2,131,shuffled_wrong_answer_control,12,1.0,1.0,1.0,1.0,1.0
748,2,,oracle_corrective,12,1.0,1.0,1.0,1.0,1.0
748,3,,question_only,10,1.0,1.0,1.0,1.0,1.0
748,3,,wrong_answer_conditioned,11,1.0,1.0,1.0,1.0,1.0
748,3,318,shuffled_wrong_answer_control,11,1.0,1.0,1.0,1.0,1.0
748,3,,oracle_corrective,12,1.0,1.0,1.0,1.0,1.0
749,1,,question_only,20,1.0,1.0,1.0,1.0,1.0
749,1,,wrong_answer_conditioned,21,1.0,1.0,1.0,1.0,1.0
749,1,510,shuffled_wrong_answer_control,22,1.0,1.0,1.0,1.0,1.0
749,1,,oracle_corrective,22,1.0,1.0,1.0,1.0,1.0
749,2,,question_only,20,1.0,1.0,1.0,1.0,1.0
749,2,,wrong_answer_conditioned,21,1.0,1.0,1.0,1.0,1.0
749,2,471,shuffled_wrong_answer_control,21,1.0,1.0,1.0,1.0,1.0
749,2,,oracle_corrective,22,1.0,1.0,1.0,1.0,1.0
749,3,,question_only,20,1.0,1.0,1.0,1.0,1.0
749,3,,wrong_answer_conditioned,21,1.0,1.0,1.0,1.0,1.0
749,3,22,shuffled_wrong_answer_control,21,1.0,1.0,1.0,1.0,1.0
749,3,,oracle_corrective,22,1.0,1.0,1.0,1.0,1.0
750,1,,question_only,9,1.0,1.0,1.0,1.0,1.0
750,1,,wrong_answer_conditioned,11,1.0,1.0,1.0,1.0,1.0
750,1,560,shuffled_wrong_answer_control,10,1.0,1.0,1.0,1.0,1.0
750,1,,oracle_corrective,13,1.0,1.0,1.0,1.0,1.0
750,2,,question_only,9,1.0,1.0,1.0,1.0,1.0
750,2,,wrong_answer_conditioned,11,1.0,1.0,1.0,1.0,1.0
750,2,406,shuffled_wrong_answer_control,10,1.0,1.0,1.0,1.0,1.0
750,2,,oracle_corrective,13,1.0,1.0,1.0,1.0,1.0
750,3,,question_only,9,1.0,1.0,1.0,1.0,1.0
750,3,,wrong_answer_conditioned,11,1.0,1.0,1.0,1.0,1.0
750,3,878,shuffled_wrong_answer_control,11,1.0,1.0,1.0,1.0,1.0
750,3,,oracle_corrective,13,1.0,1.0,1.0,1.0,1.0
751,1,,question_only,20,1.0,1.0,1.0,1.0,1.0
751,1,,wrong_answer_conditioned,21,1.0,1.0,1.0,1.0,1.0
751,1,426,shuffled_wrong_answer_control,21,1.0,1.0,1.0,1.0,1.0
751,1,,oracle_corrective,22,1.0,1.0,1.0,1.0,1.0
751,2,,question_only,20,1.0,1.0,1.0,1.0,1.0
751,2,,wrong_answer_conditioned,21,1.0,1.0,1.0,1.0,1.0
751,2,860,shuffled_wrong_answer_control,21,1.0,1.0,1.0,1.0,1.0
751,2,,oracle_corrective,22,1.0,1.0,1.0,1.0,1.0
751,3,,question_only,20,1.0,1.0,1.0,1.0,1.0
751,3,,wrong_answer_conditioned,21,1.0,1.0,1.0,1.0,1.0
751,3,842,shuffled_wrong_answer_control,21,1.0,1.0,1.0,1.0,1.0
751,3,,oracle_corrective,22,1.0,1.0,1.0,1.0,1.0
752,1,,question_only,13,1.0,1.0,1.0,1.0,1.0
752,1,,wrong_answer_conditioned,16,1.0,1.0,1.0,1.0,1.0
752,1,603,shuffled_wrong_answer_control,14,1.0,1.0,1.0,1.0,1.0
752,1,,oracle_corrective,19,1.0,1.0,1.0,1.0,1.0
752,2,,question_only,13,1.0,1.0,1.0,1.0,1.0
752,2,,wrong_answer_conditioned,16,1.0,1.0,1.0,1.0,1.0
752,2,703,shuffled_wrong_answer_control,14,1.0,1.0,1.0,1.0,1.0
752,2,,oracle_corrective,19,1.0,1.0,1.0,1.0,1.0
752,3,,question_only,13,1.0,1.0,1.0,1.0,1.0
752,3,,wrong_answer_conditioned,16,1.0,1.0,1.0,1.0,1.0
752,3,221,shuffled_wrong_answer_control,15,1.0,1.0,1.0,1.0,1.0
752,3,,oracle_corrective,19,1.0,1.0,1.0,1.0,1.0
753,1,,question_only,17,1.0,1.0,1.0,1.0,1.0
753,1,,wrong_answer_conditioned,19,1.0,1.0,1.0,1.0,1.0
753,1,151,shuffled_wrong_answer_control,18,1.0,1.0,1.0,1.0,1.0
753,1,,oracle_corrective,21,1.0,1.0,1.0,1.0,1.0
753,2,,question_only,17,1.0,1.0,1.0,1.0,1.0
753,2,,wrong_answer_conditioned,19,1.0,1.0,1.0,1.0,1.0
753,2,388,shuffled_wrong_answer_control,18,1.0,1.0,1.0,1.0,1.0
753,2,,oracle_corrective,21,1.0,1.0,1.0,1.0,1.0
753,3,,question_only,17,1.0,1.0,1.0,1.0,1.0
753,3,,wrong_answer_conditioned,19,1.0,1.0,1.0,1.0,1.0
753,3,80,shuffled_wrong_answer_control,18,1.0,1.0,1.0,1.0,1.0
753,3,,oracle_corrective,21,1.0,1.0,1.0,1.0,1.0
754,1,,question_only,13,0.0,0.0,0.0,0.0,0.0
754,1,,wrong_answer_conditioned,15,0.0,0.0,0.0,0.0,0.0
754,1,501,shuffled_wrong_answer_control,14,0.0,0.0,0.0,0.0,0.0
754,1,,oracle_corrective,17,0.0,0.0,0.0,0.0,0.0
754,2,,question_only,13,0.0,0.0,0.0,0.0,0.0
754,2,,wrong_answer_conditioned,15,0.0,0.0,0.0,0.0,0.0
754,2,791,shuffled_wrong_answer_control,14,0.0,0.0,0.0,0.0,0.0
754,2,,oracle_corrective,17,0.0,0.0,0.0,0.0,0.0
754,3,,question_only,13,0.0,0.0,0.0,0.0,0.0
754,3,,wrong_answer_conditioned,15,0.0,0.0,0.0,0.0,0.0
754,3,387,shuffled_wrong_answer_control,14,0.0,0.0,0.0,0.0,0.0
754,3,,oracle_corrective,17,0.0,0.0,0.0,0.0,0.0
755,1,,question_only,20,1.0,1.0,1.0,1.0,1.0
755,1,,wrong_answer_conditioned,23,1.0,1.0,1.0,1.0,1.0
755,1,539,shuffled_wrong_answer_control,21,1.0,1.0,1.0,1.0,1.0
755,1,,oracle_corrective,26,1.0,1.0,1.0,1.0,1.0
755,2,,question_only,20,1.0,1.0,1.0,1.0,1.0
755,2,,wrong_answer_conditioned,23,1.0,1.0,1.0,1.0,1.0
755,2,881,shuffled_wrong_answer_control,22,1.0,1.0,1.0,1.0,1.0
755,2,,oracle_corrective,26,1.0,1.0,1.0,1.0,1.0
755,3,,question_only,20,1.0,1.0,1.0,1.0,1.0
755,3,,wrong_answer_conditioned,23,1.0,1.0,1.0,1.0,1.0
755,3,395,shuffled_wrong_answer_control,21,1.0,1.0,1.0,1.0,1.0
755,3,,oracle_corrective,26,1.0,1.0,1.0,1.0,1.0
756,1,,question_only,17,1.0,1.0,1.0,1.0,1.0
756,1,,wrong_answer_conditioned,18,1.0,1.0,1.0,1.0,1.0
756,1,513,shuffled_wrong_answer_control,19,1.0,1.0,1.0,1.0,1.0
756,1,,oracle_corrective,19,1.0,1.0,1.0,1.0,1.0
756,2,,question_only,17,1.0,1.0,1.0,1.0,1.0
756,2,,wrong_answer_conditioned,18,1.0,1.0,1.0,1.0,1.0
756,2,215,shuffled_wrong_answer_control,18,1.0,1.0,1.0,1.0,1.0
756,2,,oracle_corrective,19,1.0,1.0,1.0,1.0,1.0
756,3,,question_only,17,1.0,1.0,1.0,1.0,1.0
756,3,,wrong_answer_conditioned,18,1.0,1.0,1.0,1.0,1.0
756,3,700,shuffled_wrong_answer_control,19,1.0,1.0,1.0,1.0,1.0
756,3,,oracle_corrective,19,1.0,1.0,1.0,1.0,1.0
757,1,,question_only,10,1.0,1.0,1.0,1.0,1.0
757,1,,wrong_answer_conditioned,12,1.0,1.0,1.0,1.0,1.0
757,1,189,shuffled_wrong_answer_control,11,1.0,1.0,1.0,1.0,1.0
757,1,,oracle_corrective,14,1.0,1.0,1.0,1.0,1.0
757,2,,question_only,10,1.0,1.0,1.0,1.0,1.0
757,2,,wrong_answer_conditioned,12,1.0,1.0,1.0,1.0,1.0
757,2,290,shuffled_wrong_answer_control,12,1.0,1.0,1.0,1.0,1.0
757,2,,oracle_corrective,14,1.0,1.0,1.0,1.0,1.0
757,3,,question_only,10,1.0,1.0,1.0,1.0,1.0
757,3,,wrong_answer_conditioned,12,1.0,1.0,1.0,1.0,1.0
757,3,118,shuffled_wrong_answer_control,11,1.0,1.0,1.0,1.0,1.0
757,3,,oracle_corrective,14,1.0,1.0,1.0,1.0,1.0
758,1,,question_only,17,1.0,1.0,1.0,1.0,1.0
758,1,,wrong_answer_conditioned,19,1.0,1.0,1.0,1.0,1.0
758,1,413,shuffled_wrong_answer_control,18,1.0,1.0,1.0,1.0,1.0
758,1,,oracle_corrective,21,1.0,1.0,1.0,1.0,1.0
758,2,,question_only,17,1.0,1.0,1.0,1.0,1.0
758,2,,wrong_answer_conditioned,19,1.0,1.0,1.0,1.0,1.0
758,2,227,shuffled_wrong_answer_control,18,1.0,1.0,1.0,1.0,1.0
758,2,,oracle_corrective,21,1.0,1.0,1.0,1.0,1.0
758,3,,question_only,17,1.0,1.0,1.0,1.0,1.0
758,3,,wrong_answer_conditioned,19,1.0,1.0,1.0,1.0,1.0
758,3,536,shuffled_wrong_answer_control,18,1.0,1.0,1.0,1.0,1.0
758,3,,oracle_corrective,21,1.0,1.0,1.0,1.0,1.0
759,1,,question_only,22,1.0,1.0,1.0,1.0,1.0
759,1,,wrong_answer_conditioned,24,1.0,1.0,1.0,1.0,1.0
759,1,450,shuffled_wrong_answer_control,24,1.0,1.0,1.0,1.0,1.0
759,1,,oracle_corrective,26,1.0,1.0,1.0,1.0,1.0
759,2,,question_only,22,1.0,1.0,1.0,1.0,1.0
759,2,,wrong_answer_conditioned,24,1.0,1.0,1.0,1.0,1.0
759,2,419,shuffled_wrong_answer_control,23,1.0,1.0,1.0,1.0,1.0
759,2,,oracle_corrective,26,1.0,1.0,1.0,1.0,1.0
759,3,,question_only,22,1.0,1.0,1.0,1.0,1.0
759,3,,wrong_answer_conditioned,24,1.0,1.0,1.0,1.0,1.0
759,3,653,shuffled_wrong_answer_control,24,1.0,1.0,1.0,1.0,1.0
759,3,,oracle_corrective,26,1.0,1.0,1.0,1.0,1.0
760,1,,question_only,14,1.0,1.0,1.0,1.0,1.0
760,1,,wrong_answer_conditioned,15,1.0,1.0,1.0,1.0,1.0
760,1,347,shuffled_wrong_answer_control,15,1.0,1.0,1.0,1.0,1.0
760,1,,oracle_corrective,16,1.0,1.0,1.0,1.0,1.0
760,2,,question_only,14,1.0,1.0,1.0,1.0,1.0
760,2,,wrong_answer_conditioned,15,1.0,1.0,1.0,1.0,1.0
760,2,201,shuffled_wrong_answer_control,16,1.0,1.0,1.0,1.0,1.0
760,2,,oracle_corrective,16,1.0,1.0,1.0,1.0,1.0
760,3,,question_only,14,1.0,1.0,1.0,1.0,1.0
760,3,,wrong_answer_conditioned,15,1.0,1.0,1.0,1.0,1.0
760,3,817,shuffled_wrong_answer_control,15,1.0,1.0,1.0,1.0,1.0
760,3,,oracle_corrective,16,1.0,1.0,1.0,1.0,1.0
761,1,,question_only,11,0.5,0.0,1.0,1.0,0.6309297535714575
761,1,,wrong_answer_conditioned,12,0.5,0.0,1.0,1.0,0.6309297535714575
761,1,427,shuffled_wrong_answer_control,13,0.5,0.0,1.0,1.0,0.6309297535714575
761,1,,oracle_corrective,13,0.5,0.0,1.0,1.0,0.6309297535714575
761,2,,question_only,11,0.5,0.0,1.0,1.0,0.6309297535714575
761,2,,wrong_answer_conditioned,12,0.5,0.0,1.0,1.0,0.6309297535714575
761,2,156,shuffled_wrong_answer_control,13,0.5,0.0,1.0,1.0,0.6309297535714575
761,2,,oracle_corrective,13,0.5,0.0,1.0,1.0,0.6309297535714575
761,3,,question_only,11,0.5,0.0,1.0,1.0,0.6309297535714575
761,3,,wrong_answer_conditioned,13,0.5,0.0,1.0,1.0,0.6309297535714575
761,3,364,shuffled_wrong_answer_control,12,0.5,0.0,1.0,1.0,0.6309297535714575
761,3,,oracle_corrective,14,0.5,0.0,1.0,1.0,0.6309297535714575
762,1,,question_only,13,0.5,0.0,1.0,1.0,0.6309297535714575
762,1,,wrong_answer_conditioned,14,0.25,0.0,0.0,1.0,0.43067655807339306
762,1,703,shuffled_wrong_answer_control,14,0.5,0.0,1.0,1.0,0.6309297535714575
762,1,,oracle_corrective,15,0.25,0.0,0.0,1.0,0.43067655807339306
762,2,,question_only,13,0.5,0.0,1.0,1.0,0.6309297535714575
762,2,,wrong_answer_conditioned,14,0.25,0.0,0.0,1.0,0.43067655807339306
762,2,702,shuffled_wrong_answer_control,14,0.5,0.0,1.0,1.0,0.6309297535714575
762,2,,oracle_corrective,15,0.25,0.0,0.0,1.0,0.43067655807339306
762,3,,question_only,13,0.5,0.0,1.0,1.0,0.6309297535714575
762,3,,wrong_answer_conditioned,14,0.5,0.0,1.0,1.0,0.6309297535714575
762,3,801,shuffled_wrong_answer_control,14,0.5,0.0,1.0,1.0,0.6309297535714575
762,3,,oracle_corrective,15,0.5,0.0,1.0,1.0,0.6309297535714575
763,1,,question_only,13,1.0,1.0,1.0,1.0,1.0
763,1,,wrong_answer_conditioned,14,1.0,1.0,1.0,1.0,1.0
763,1,314,shuffled_wrong_answer_control,14,1.0,1.0,1.0,1.0,1.0
763,1,,oracle_corrective,16,1.0,1.0,1.0,1.0,1.0
763,2,,question_only,13,1.0,1.0,1.0,1.0,1.0
763,2,,wrong_answer_conditioned,14,1.0,1.0,1.0,1.0,1.0
763,2,460,shuffled_wrong_answer_control,14,1.0,1.0,1.0,1.0,1.0
763,2,,oracle_corrective,16,1.0,1.0,1.0,1.0,1.0
763,3,,question_only,13,1.0,1.0,1.0,1.0,1.0
763,3,,wrong_answer_conditioned,14,1.0,1.0,1.0,1.0,1.0
763,3,93,shuffled_wrong_answer_control,15,1.0,1.0,1.0,1.0,1.0
763,3,,oracle_corrective,16,1.0,1.0,1.0,1.0,1.0
764,1,,question_only,8,1.0,1.0,1.0,1.0,1.0
764,1,,wrong_answer_conditioned,9,1.0,1.0,1.0,1.0,1.0
764,1,272,shuffled_wrong_answer_control,9,0.5,0.0,1.0,1.0,0.6309297535714575
764,1,,oracle_corrective,10,1.0,1.0,1.0,1.0,1.0
764,2,,question_only,8,1.0,1.0,1.0,1.0,1.0
764,2,,wrong_answer_conditioned,9,1.0,1.0,1.0,1.0,1.0
764,2,670,shuffled_wrong_answer_control,9,1.0,1.0,1.0,1.0,1.0
764,2,,oracle_corrective,10,1.0,1.0,1.0,1.0,1.0
764,3,,question_only,8,1.0,1.0,1.0,1.0,1.0
764,3,,wrong_answer_conditioned,9,1.0,1.0,1.0,1.0,1.0
764,3,177,shuffled_wrong_answer_control,9,1.0,1.0,1.0,1.0,1.0
764,3,,oracle_corrective,10,1.0,1.0,1.0,1.0,1.0
765,1,,question_only,18,1.0,1.0,1.0,1.0,1.0
765,1,,wrong_answer_conditioned,19,1.0,1.0,1.0,1.0,1.0
765,1,321,shuffled_wrong_answer_control,19,1.0,1.0,1.0,1.0,1.0
765,1,,oracle_corrective,20,1.0,1.0,1.0,1.0,1.0
765,2,,question_only,18,1.0,1.0,1.0,1.0,1.0
765,2,,wrong_answer_conditioned,19,1.0,1.0,1.0,1.0,1.0
765,2,121,shuffled_wrong_answer_control,19,1.0,1.0,1.0,1.0,1.0
765,2,,oracle_corrective,20,1.0,1.0,1.0,1.0,1.0
765,3,,question_only,18,1.0,1.0,1.0,1.0,1.0
765,3,,wrong_answer_conditioned,19,1.0,1.0,1.0,1.0,1.0
765,3,588,shuffled_wrong_answer_control,19,1.0,1.0,1.0,1.0,1.0
765,3,,oracle_corrective,20,1.0,1.0,1.0,1.0,1.0
766,1,,question_only,7,1.0,1.0,1.0,1.0,1.0
766,1,,wrong_answer_conditioned,9,1.0,1.0,1.0,1.0,1.0
766,1,376,shuffled_wrong_answer_control,8,1.0,1.0,1.0,1.0,1.0
766,1,,oracle_corrective,11,1.0,1.0,1.0,1.0,1.0
766,2,,question_only,7,1.0,1.0,1.0,1.0,1.0
766,2,,wrong_answer_conditioned,9,1.0,1.0,1.0,1.0,1.0
766,2,87,shuffled_wrong_answer_control,8,1.0,1.0,1.0,1.0,1.0
766,2,,oracle_corrective,11,1.0,1.0,1.0,1.0,1.0
766,3,,question_only,7,1.0,1.0,1.0,1.0,1.0
766,3,,wrong_answer_conditioned,9,1.0,1.0,1.0,1.0,1.0
766,3,575,shuffled_wrong_answer_control,8,1.0,1.0,1.0,1.0,1.0
766,3,,oracle_corrective,11,1.0,1.0,1.0,1.0,1.0
767,1,,question_only,14,0.5,0.0,1.0,1.0,0.6309297535714575
767,1,,wrong_answer_conditioned,15,0.5,0.0,1.0,1.0,0.6309297535714575
767,1,576,shuffled_wrong_answer_control,15,0.5,0.0,1.0,1.0,0.6309297535714575
767,1,,oracle_corrective,16,1.0,1.0,1.0,1.0,1.0
767,2,,question_only,14,0.5,0.0,1.0,1.0,0.6309297535714575
767,2,,wrong_answer_conditioned,15,0.5,0.0,1.0,1.0,0.6309297535714575
767,2,33,shuffled_wrong_answer_control,15,0.5,0.0,1.0,1.0,0.6309297535714575
767,2,,oracle_corrective,16,1.0,1.0,1.0,1.0,1.0
767,3,,question_only,14,0.5,0.0,1.0,1.0,0.6309297535714575
767,3,,wrong_answer_conditioned,15,0.5,0.0,1.0,1.0,0.6309297535714575
767,3,766,shuffled_wrong_answer_control,16,0.5,0.0,1.0,1.0,0.6309297535714575
767,3,,oracle_corrective,16,1.0,1.0,1.0,1.0,1.0
768,1,,question_only,14,1.0,1.0,1.0,1.0,1.0
768,1,,wrong_answer_conditioned,16,1.0,1.0,1.0,1.0,1.0
768,1,711,shuffled_wrong_answer_control,15,1.0,1.0,1.0,1.0,1.0
768,1,,oracle_corrective,18,1.0,1.0,1.0,1.0,1.0
768,2,,question_only,14,1.0,1.0,1.0,1.0,1.0
768,2,,wrong_answer_conditioned,16,1.0,1.0,1.0,1.0,1.0
768,2,473,shuffled_wrong_answer_control,16,1.0,1.0,1.0,1.0,1.0
768,2,,oracle_corrective,18,1.0,1.0,1.0,1.0,1.0
768,3,,question_only,14,1.0,1.0,1.0,1.0,1.0
768,3,,wrong_answer_conditioned,16,1.0,1.0,1.0,1.0,1.0
768,3,819,shuffled_wrong_answer_control,16,1.0,1.0,1.0,1.0,1.0
768,3,,oracle_corrective,18,1.0,1.0,1.0,1.0,1.0
769,1,,question_only,9,1.0,1.0,1.0,1.0,1.0
769,1,,wrong_answer_conditioned,10,1.0,1.0,1.0,1.0,1.0
769,1,760,shuffled_wrong_answer_control,10,1.0,1.0,1.0,1.0,1.0
769,1,,oracle_corrective,11,1.0,1.0,1.0,1.0,1.0
769,2,,question_only,9,1.0,1.0,1.0,1.0,1.0
769,2,,wrong_answer_conditioned,10,1.0,1.0,1.0,1.0,1.0
769,2,421,shuffled_wrong_answer_control,11,1.0,1.0,1.0,1.0,1.0
769,2,,oracle_corrective,11,1.0,1.0,1.0,1.0,1.0
769,3,,question_only,9,1.0,1.0,1.0,1.0,1.0
769,3,,wrong_answer_conditioned,10,1.0,1.0,1.0,1.0,1.0
769,3,641,shuffled_wrong_answer_control,11,1.0,1.0,1.0,1.0,1.0
769,3,,oracle_corrective,11,1.0,1.0,1.0,1.0,1.0
770,1,,question_only,13,1.0,1.0,1.0,1.0,1.0
770,1,,wrong_answer_conditioned,15,1.0,1.0,1.0,1.0,1.0
770,1,315,shuffled_wrong_answer_control,14,1.0,1.0,1.0,1.0,1.0
770,1,,oracle_corrective,17,1.0,1.0,1.0,1.0,1.0
770,2,,question_only,13,1.0,1.0,1.0,1.0,1.0
770,2,,wrong_answer_conditioned,15,1.0,1.0,1.0,1.0,1.0
770,2,462,shuffled_wrong_answer_control,14,1.0,1.0,1.0,1.0,1.0
770,2,,oracle_corrective,17,1.0,1.0,1.0,1.0,1.0
770,3,,question_only,13,1.0,1.0,1.0,1.0,1.0
770,3,,wrong_answer_conditioned,14,1.0,1.0,1.0,1.0,1.0
770,3,222,shuffled_wrong_answer_control,17,1.0,1.0,1.0,1.0,1.0
770,3,,oracle_corrective,16,1.0,1.0,1.0,1.0,1.0
771,1,,question_only,15,1.0,1.0,1.0,1.0,1.0
771,1,,wrong_answer_conditioned,16,1.0,1.0,1.0,1.0,1.0
771,1,620,shuffled_wrong_answer_control,16,1.0,1.0,1.0,1.0,1.0
771,1,,oracle_corrective,17,1.0,1.0,1.0,1.0,1.0
771,2,,question_only,15,1.0,1.0,1.0,1.0,1.0
771,2,,wrong_answer_conditioned,16,1.0,1.0,1.0,1.0,1.0
771,2,714,shuffled_wrong_answer_control,16,1.0,1.0,1.0,1.0,1.0
771,2,,oracle_corrective,17,1.0,1.0,1.0,1.0,1.0
771,3,,question_only,15,1.0,1.0,1.0,1.0,1.0
771,3,,wrong_answer_conditioned,16,1.0,1.0,1.0,1.0,1.0
771,3,484,shuffled_wrong_answer_control,16,1.0,1.0,1.0,1.0,1.0
771,3,,oracle_corrective,17,1.0,1.0,1.0,1.0,1.0
772,1,,question_only,11,1.0,1.0,1.0,1.0,1.0
772,1,,wrong_answer_conditioned,12,1.0,1.0,1.0,1.0,1.0
772,1,598,shuffled_wrong_answer_control,12,1.0,1.0,1.0,1.0,1.0
772,1,,oracle_corrective,13,1.0,1.0,1.0,1.0,1.0
772,2,,question_only,11,1.0,1.0,1.0,1.0,1.0
772,2,,wrong_answer_conditioned,12,1.0,1.0,1.0,1.0,1.0
772,2,238,shuffled_wrong_answer_control,13,1.0,1.0,1.0,1.0,1.0
772,2,,oracle_corrective,13,1.0,1.0,1.0,1.0,1.0
772,3,,question_only,11,1.0,1.0,1.0,1.0,1.0
772,3,,wrong_answer_conditioned,12,1.0,1.0,1.0,1.0,1.0
772,3,544,shuffled_wrong_answer_control,12,1.0,1.0,1.0,1.0,1.0
772,3,,oracle_corrective,13,1.0,1.0,1.0,1.0,1.0
773,1,,question_only,16,1.0,1.0,1.0,1.0,1.0
773,1,,wrong_answer_conditioned,17,1.0,1.0,1.0,1.0,1.0
773,1,807,shuffled_wrong_answer_control,17,1.0,1.0,1.0,1.0,1.0
773,1,,oracle_corrective,18,1.0,1.0,1.0,1.0,1.0
773,2,,question_only,16,1.0,1.0,1.0,1.0,1.0
773,2,,wrong_answer_conditioned,17,1.0,1.0,1.0,1.0,1.0
773,2,108,shuffled_wrong_answer_control,17,1.0,1.0,1.0,1.0,1.0
773,2,,oracle_corrective,18,1.0,1.0,1.0,1.0,1.0
773,3,,question_only,16,1.0,1.0,1.0,1.0,1.0
773,3,,wrong_answer_conditioned,17,1.0,1.0,1.0,1.0,1.0
773,3,776,shuffled_wrong_answer_control,17,1.0,1.0,1.0,1.0,1.0
773,3,,oracle_corrective,18,1.0,1.0,1.0,1.0,1.0
774,1,,question_only,25,1.0,1.0,1.0,1.0,1.0
774,1,,wrong_answer_conditioned,27,1.0,1.0,1.0,1.0,1.0
774,1,642,shuffled_wrong_answer_control,28,1.0,1.0,1.0,1.0,1.0
774,1,,oracle_corrective,29,1.0,1.0,1.0,1.0,1.0
774,2,,question_only,25,1.0,1.0,1.0,1.0,1.0
774,2,,wrong_answer_conditioned,27,1.0,1.0,1.0,1.0,1.0
774,2,493,shuffled_wrong_answer_control,26,1.0,1.0,1.0,1.0,1.0
774,2,,oracle_corrective,29,1.0,1.0,1.0,1.0,1.0
774,3,,question_only,25,1.0,1.0,1.0,1.0,1.0
774,3,,wrong_answer_conditioned,27,1.0,1.0,1.0,1.0,1.0
774,3,660,shuffled_wrong_answer_control,26,1.0,1.0,1.0,1.0,1.0
774,3,,oracle_corrective,29,1.0,1.0,1.0,1.0,1.0
775,1,,question_only,15,1.0,1.0,1.0,1.0,1.0
775,1,,wrong_answer_conditioned,16,1.0,1.0,1.0,1.0,1.0
775,1,16,shuffled_wrong_answer_control,16,1.0,1.0,1.0,1.0,1.0
775,1,,oracle_corrective,17,1.0,1.0,1.0,1.0,1.0
775,2,,question_only,15,1.0,1.0,1.0,1.0,1.0
775,2,,wrong_answer_conditioned,16,1.0,1.0,1.0,1.0,1.0
775,2,587,shuffled_wrong_answer_control,16,1.0,1.0,1.0,1.0,1.0
775,2,,oracle_corrective,17,1.0,1.0,1.0,1.0,1.0
775,3,,question_only,15,1.0,1.0,1.0,1.0,1.0
775,3,,wrong_answer_conditioned,16,1.0,1.0,1.0,1.0,1.0
775,3,782,shuffled_wrong_answer_control,17,1.0,1.0,1.0,1.0,1.0
775,3,,oracle_corrective,17,1.0,1.0,1.0,1.0,1.0
776,1,,question_only,8,1.0,1.0,1.0,1.0,1.0
776,1,,wrong_answer_conditioned,9,1.0,1.0,1.0,1.0,1.0
776,1,453,shuffled_wrong_answer_control,9,1.0,1.0,1.0,1.0,1.0
776,1,,oracle_corrective,10,1.0,1.0,1.0,1.0,1.0
776,2,,question_only,8,1.0,1.0,1.0,1.0,1.0
776,2,,wrong_answer_conditioned,9,1.0,1.0,1.0,1.0,1.0
776,2,824,shuffled_wrong_answer_control,9,1.0,1.0,1.0,1.0,1.0
776,2,,oracle_corrective,10,1.0,1.0,1.0,1.0,1.0
776,3,,question_only,8,1.0,1.0,1.0,1.0,1.0
776,3,,wrong_answer_conditioned,9,1.0,1.0,1.0,1.0,1.0
776,3,415,shuffled_wrong_answer_control,9,1.0,1.0,1.0,1.0,1.0
776,3,,oracle_corrective,10,1.0,1.0,1.0,1.0,1.0
777,1,,question_only,22,1.0,1.0,1.0,1.0,1.0
777,1,,wrong_answer_conditioned,23,1.0,1.0,1.0,1.0,1.0
777,1,797,shuffled_wrong_answer_control,23,1.0,1.0,1.0,1.0,1.0
777,1,,oracle_corrective,24,1.0,1.0,1.0,1.0,1.0
777,2,,question_only,22,1.0,1.0,1.0,1.0,1.0
777,2,,wrong_answer_conditioned,23,1.0,1.0,1.0,1.0,1.0
777,2,165,shuffled_wrong_answer_control,24,1.0,1.0,1.0,1.0,1.0
777,2,,oracle_corrective,24,1.0,1.0,1.0,1.0,1.0
777,3,,question_only,22,1.0,1.0,1.0,1.0,1.0
777,3,,wrong_answer_conditioned,23,1.0,1.0,1.0,1.0,1.0
777,3,529,shuffled_wrong_answer_control,24,1.0,1.0,1.0,1.0,1.0
777,3,,oracle_corrective,24,1.0,1.0,1.0,1.0,1.0
778,1,,question_only,9,0.5,0.0,1.0,1.0,0.6309297535714575
778,1,,wrong_answer_conditioned,10,0.5,0.0,1.0,1.0,0.6309297535714575
778,1,202,shuffled_wrong_answer_control,11,0.5,0.0,1.0,1.0,0.6309297535714575
778,1,,oracle_corrective,11,1.0,1.0,1.0,1.0,1.0
778,2,,question_only,9,0.5,0.0,1.0,1.0,0.6309297535714575
778,2,,wrong_answer_conditioned,10,0.5,0.0,1.0,1.0,0.6309297535714575
778,2,186,shuffled_wrong_answer_control,12,0.5,0.0,1.0,1.0,0.6309297535714575
778,2,,oracle_corrective,11,1.0,1.0,1.0,1.0,1.0
778,3,,question_only,9,0.5,0.0,1.0,1.0,0.6309297535714575
778,3,,wrong_answer_conditioned,10,0.5,0.0,1.0,1.0,0.6309297535714575
778,3,528,shuffled_wrong_answer_control,10,0.5,0.0,1.0,1.0,0.6309297535714575
778,3,,oracle_corrective,11,1.0,1.0,1.0,1.0,1.0
779,1,,question_only,15,1.0,1.0,1.0,1.0,1.0
779,1,,wrong_answer_conditioned,17,1.0,1.0,1.0,1.0,1.0
779,1,102,shuffled_wrong_answer_control,17,1.0,1.0,1.0,1.0,1.0
779,1,,oracle_corrective,19,1.0,1.0,1.0,1.0,1.0
779,2,,question_only,15,1.0,1.0,1.0,1.0,1.0
779,2,,wrong_answer_conditioned,17,1.0,1.0,1.0,1.0,1.0
779,2,385,shuffled_wrong_answer_control,18,1.0,1.0,1.0,1.0,1.0
779,2,,oracle_corrective,19,1.0,1.0,1.0,1.0,1.0
779,3,,question_only,15,1.0,1.0,1.0,1.0,1.0
779,3,,wrong_answer_conditioned,17,1.0,1.0,1.0,1.0,1.0
779,3,19,shuffled_wrong_answer_control,16,1.0,1.0,1.0,1.0,1.0
779,3,,oracle_corrective,19,1.0,1.0,1.0,1.0,1.0
780,1,,question_only,19,1.0,1.0,1.0,1.0,1.0
780,1,,wrong_answer_conditioned,21,1.0,1.0,1.0,1.0,1.0
780,1,67,shuffled_wrong_answer_control,20,1.0,1.0,1.0,1.0,1.0
780,1,,oracle_corrective,23,1.0,1.0,1.0,1.0,1.0
780,2,,question_only,19,1.0,1.0,1.0,1.0,1.0
780,2,,wrong_answer_conditioned,21,1.0,1.0,1.0,1.0,1.0
780,2,444,shuffled_wrong_answer_control,20,1.0,1.0,1.0,1.0,1.0
780,2,,oracle_corrective,23,1.0,1.0,1.0,1.0,1.0
780,3,,question_only,19,1.0,1.0,1.0,1.0,1.0
780,3,,wrong_answer_conditioned,21,1.0,1.0,1.0,1.0,1.0
780,3,277,shuffled_wrong_answer_control,20,1.0,1.0,1.0,1.0,1.0
780,3,,oracle_corrective,23,1.0,1.0,1.0,1.0,1.0
781,1,,question_only,21,1.0,1.0,1.0,1.0,1.0
781,1,,wrong_answer_conditioned,23,1.0,1.0,1.0,1.0,1.0
781,1,327,shuffled_wrong_answer_control,23,1.0,1.0,1.0,1.0,1.0
781,1,,oracle_corrective,25,1.0,1.0,1.0,1.0,1.0
781,2,,question_only,21,1.0,1.0,1.0,1.0,1.0
781,2,,wrong_answer_conditioned,23,1.0,1.0,1.0,1.0,1.0
781,2,137,shuffled_wrong_answer_control,23,1.0,1.0,1.0,1.0,1.0
781,2,,oracle_corrective,25,1.0,1.0,1.0,1.0,1.0
781,3,,question_only,21,1.0,1.0,1.0,1.0,1.0
781,3,,wrong_answer_conditioned,23,1.0,1.0,1.0,1.0,1.0
781,3,367,shuffled_wrong_answer_control,23,1.0,1.0,1.0,1.0,1.0
781,3,,oracle_corrective,25,1.0,1.0,1.0,1.0,1.0
782,1,,question_only,15,1.0,1.0,1.0,1.0,1.0
782,1,,wrong_answer_conditioned,17,1.0,1.0,1.0,1.0,1.0
782,1,323,shuffled_wrong_answer_control,17,1.0,1.0,1.0,1.0,1.0
782,1,,oracle_corrective,19,1.0,1.0,1.0,1.0,1.0
782,2,,question_only,15,1.0,1.0,1.0,1.0,1.0
782,2,,wrong_answer_conditioned,17,1.0,1.0,1.0,1.0,1.0
782,2,177,shuffled_wrong_answer_control,17,1.0,1.0,1.0,1.0,1.0
782,2,,oracle_corrective,19,1.0,1.0,1.0,1.0,1.0
782,3,,question_only,15,1.0,1.0,1.0,1.0,1.0
782,3,,wrong_answer_conditioned,17,1.0,1.0,1.0,1.0,1.0
782,3,436,shuffled_wrong_answer_control,16,1.0,1.0,1.0,1.0,1.0
782,3,,oracle_corrective,19,1.0,1.0,1.0,1.0,1.0
783,1,,question_only,11,1.0,1.0,1.0,1.0,1.0
783,1,,wrong_answer_conditioned,14,1.0,1.0,1.0,1.0,1.0
783,1,197,shuffled_wrong_answer_control,12,1.0,1.0,1.0,1.0,1.0
783,1,,oracle_corrective,17,1.0,1.0,1.0,1.0,1.0
783,2,,question_only,11,1.0,1.0,1.0,1.0,1.0
783,2,,wrong_answer_conditioned,14,1.0,1.0,1.0,1.0,1.0
783,2,286,shuffled_wrong_answer_control,12,1.0,1.0,1.0,1.0,1.0
783,2,,oracle_corrective,17,1.0,1.0,1.0,1.0,1.0
783,3,,question_only,11,1.0,1.0,1.0,1.0,1.0
783,3,,wrong_answer_conditioned,14,1.0,1.0,1.0,1.0,1.0
783,3,742,shuffled_wrong_answer_control,12,1.0,1.0,1.0,1.0,1.0
783,3,,oracle_corrective,17,1.0,1.0,1.0,1.0,1.0
784,1,,question_only,9,1.0,1.0,1.0,1.0,1.0
784,1,,wrong_answer_conditioned,11,1.0,1.0,1.0,1.0,1.0
784,1,373,shuffled_wrong_answer_control,10,1.0,1.0,1.0,1.0,1.0
784,1,,oracle_corrective,13,1.0,1.0,1.0,1.0,1.0
784,2,,question_only,9,1.0,1.0,1.0,1.0,1.0
784,2,,wrong_answer_conditioned,11,1.0,1.0,1.0,1.0,1.0
784,2,313,shuffled_wrong_answer_control,10,1.0,1.0,1.0,1.0,1.0
784,2,,oracle_corrective,13,1.0,1.0,1.0,1.0,1.0
784,3,,question_only,9,1.0,1.0,1.0,1.0,1.0
784,3,,wrong_answer_conditioned,11,1.0,1.0,1.0,1.0,1.0
784,3,167,shuffled_wrong_answer_control,10,1.0,1.0,1.0,1.0,1.0
784,3,,oracle_corrective,13,1.0,1.0,1.0,1.0,1.0
785,1,,question_only,21,1.0,1.0,1.0,1.0,1.0
785,1,,wrong_answer_conditioned,22,1.0,1.0,1.0,1.0,1.0
785,1,78,shuffled_wrong_answer_control,22,1.0,1.0,1.0,1.0,1.0
785,1,,oracle_corrective,23,1.0,1.0,1.0,1.0,1.0
785,2,,question_only,21,1.0,1.0,1.0,1.0,1.0
785,2,,wrong_answer_conditioned,22,1.0,1.0,1.0,1.0,1.0
785,2,672,shuffled_wrong_answer_control,22,1.0,1.0,1.0,1.0,1.0
785,2,,oracle_corrective,23,1.0,1.0,1.0,1.0,1.0
785,3,,question_only,21,1.0,1.0,1.0,1.0,1.0
785,3,,wrong_answer_conditioned,22,1.0,1.0,1.0,1.0,1.0
785,3,699,shuffled_wrong_answer_control,22,1.0,1.0,1.0,1.0,1.0
785,3,,oracle_corrective,23,1.0,1.0,1.0,1.0,1.0
786,1,,question_only,19,1.0,1.0,1.0,1.0,1.0
786,1,,wrong_answer_conditioned,20,1.0,1.0,1.0,1.0,1.0
786,1,367,shuffled_wrong_answer_control,21,1.0,1.0,1.0,1.0,1.0
786,1,,oracle_corrective,21,1.0,1.0,1.0,1.0,1.0
786,2,,question_only,19,1.0,1.0,1.0,1.0,1.0
786,2,,wrong_answer_conditioned,20,1.0,1.0,1.0,1.0,1.0
786,2,169,shuffled_wrong_answer_control,21,1.0,1.0,1.0,1.0,1.0
786,2,,oracle_corrective,21,1.0,1.0,1.0,1.0,1.0
786,3,,question_only,19,1.0,1.0,1.0,1.0,1.0
786,3,,wrong_answer_conditioned,20,1.0,1.0,1.0,1.0,1.0
786,3,360,shuffled_wrong_answer_control,20,1.0,1.0,1.0,1.0,1.0
786,3,,oracle_corrective,21,1.0,1.0,1.0,1.0,1.0
787,1,,question_only,24,1.0,1.0,1.0,1.0,1.0
787,1,,wrong_answer_conditioned,25,1.0,1.0,1.0,1.0,1.0
787,1,564,shuffled_wrong_answer_control,25,1.0,1.0,1.0,1.0,1.0
787,1,,oracle_corrective,26,1.0,1.0,1.0,1.0,1.0
787,2,,question_only,24,1.0,1.0,1.0,1.0,1.0
787,2,,wrong_answer_conditioned,26,1.0,1.0,1.0,1.0,1.0
787,2,86,shuffled_wrong_answer_control,27,1.0,1.0,1.0,1.0,1.0
787,2,,oracle_corrective,27,1.0,1.0,1.0,1.0,1.0
787,3,,question_only,24,1.0,1.0,1.0,1.0,1.0
787,3,,wrong_answer_conditioned,25,1.0,1.0,1.0,1.0,1.0
787,3,803,shuffled_wrong_answer_control,25,1.0,1.0,1.0,1.0,1.0
787,3,,oracle_corrective,26,1.0,1.0,1.0,1.0,1.0
788,1,,question_only,7,1.0,1.0,1.0,1.0,1.0
788,1,,wrong_answer_conditioned,8,1.0,1.0,1.0,1.0,1.0
788,1,103,shuffled_wrong_answer_control,8,1.0,1.0,1.0,1.0,1.0
788,1,,oracle_corrective,10,1.0,1.0,1.0,1.0,1.0
788,2,,question_only,7,1.0,1.0,1.0,1.0,1.0
788,2,,wrong_answer_conditioned,9,1.0,1.0,1.0,1.0,1.0
788,2,539,shuffled_wrong_answer_control,8,1.0,1.0,1.0,1.0,1.0
788,2,,oracle_corrective,11,1.0,1.0,1.0,1.0,1.0
788,3,,question_only,7,1.0,1.0,1.0,1.0,1.0
788,3,,wrong_answer_conditioned,8,1.0,1.0,1.0,1.0,1.0
788,3,21,shuffled_wrong_answer_control,8,1.0,1.0,1.0,1.0,1.0
788,3,,oracle_corrective,10,1.0,1.0,1.0,1.0,1.0
789,1,,question_only,12,1.0,1.0,1.0,1.0,1.0
789,1,,wrong_answer_conditioned,13,1.0,1.0,1.0,1.0,1.0
789,1,776,shuffled_wrong_answer_control,13,1.0,1.0,1.0,1.0,1.0
789,1,,oracle_corrective,14,1.0,1.0,1.0,1.0,1.0
789,2,,question_only,12,1.0,1.0,1.0,1.0,1.0
789,2,,wrong_answer_conditioned,13,1.0,1.0,1.0,1.0,1.0
789,2,296,shuffled_wrong_answer_control,13,1.0,1.0,1.0,1.0,1.0
789,2,,oracle_corrective,14,1.0,1.0,1.0,1.0,1.0
789,3,,question_only,12,1.0,1.0,1.0,1.0,1.0
789,3,,wrong_answer_conditioned,13,1.0,1.0,1.0,1.0,1.0
789,3,620,shuffled_wrong_answer_control,13,1.0,1.0,1.0,1.0,1.0
789,3,,oracle_corrective,14,1.0,1.0,1.0,1.0,1.0
790,1,,question_only,18,1.0,1.0,1.0,1.0,1.0
790,1,,wrong_answer_conditioned,19,1.0,1.0,1.0,1.0,1.0
790,1,780,shuffled_wrong_answer_control,20,1.0,1.0,1.0,1.0,1.0
790,1,,oracle_corrective,20,1.0,1.0,1.0,1.0,1.0
790,2,,question_only,18,1.0,1.0,1.0,1.0,1.0
790,2,,wrong_answer_conditioned,19,1.0,1.0,1.0,1.0,1.0
790,2,537,shuffled_wrong_answer_control,19,1.0,1.0,1.0,1.0,1.0
790,2,,oracle_corrective,20,1.0,1.0,1.0,1.0,1.0
790,3,,question_only,18,1.0,1.0,1.0,1.0,1.0
790,3,,wrong_answer_conditioned,19,1.0,1.0,1.0,1.0,1.0
790,3,852,shuffled_wrong_answer_control,19,1.0,1.0,1.0,1.0,1.0
790,3,,oracle_corrective,20,1.0,1.0,1.0,1.0,1.0
791,1,,question_only,17,1.0,1.0,1.0,1.0,1.0
791,1,,wrong_answer_conditioned,18,1.0,1.0,1.0,1.0,1.0
791,1,447,shuffled_wrong_answer_control,18,1.0,1.0,1.0,1.0,1.0
791,1,,oracle_corrective,19,1.0,1.0,1.0,1.0,1.0
791,2,,question_only,17,1.0,1.0,1.0,1.0,1.0
791,2,,wrong_answer_conditioned,18,1.0,1.0,1.0,1.0,1.0
791,2,761,shuffled_wrong_answer_control,18,1.0,1.0,1.0,1.0,1.0
791,2,,oracle_corrective,19,1.0,1.0,1.0,1.0,1.0
791,3,,question_only,17,1.0,1.0,1.0,1.0,1.0
791,3,,wrong_answer_conditioned,18,1.0,1.0,1.0,1.0,1.0
791,3,523,shuffled_wrong_answer_control,20,1.0,1.0,1.0,1.0,1.0
791,3,,oracle_corrective,19,1.0,1.0,1.0,1.0,1.0
792,1,,question_only,9,1.0,1.0,1.0,1.0,1.0
792,1,,wrong_answer_conditioned,10,1.0,1.0,1.0,1.0,1.0
792,1,63,shuffled_wrong_answer_control,10,1.0,1.0,1.0,1.0,1.0
792,1,,oracle_corrective,11,1.0,1.0,1.0,1.0,1.0
792,2,,question_only,9,1.0,1.0,1.0,1.0,1.0
792,2,,wrong_answer_conditioned,10,1.0,1.0,1.0,1.0,1.0
792,2,532,shuffled_wrong_answer_control,10,1.0,1.0,1.0,1.0,1.0
792,2,,oracle_corrective,11,1.0,1.0,1.0,1.0,1.0
792,3,,question_only,9,1.0,1.0,1.0,1.0,1.0
792,3,,wrong_answer_conditioned,10,1.0,1.0,1.0,1.0,1.0
792,3,800,shuffled_wrong_answer_control,11,1.0,1.0,1.0,1.0,1.0
792,3,,oracle_corrective,11,1.0,1.0,1.0,1.0,1.0
793,1,,question_only,20,1.0,1.0,1.0,1.0,1.0
793,1,,wrong_answer_conditioned,21,1.0,1.0,1.0,1.0,1.0
793,1,664,shuffled_wrong_answer_control,21,1.0,1.0,1.0,1.0,1.0
793,1,,oracle_corrective,22,1.0,1.0,1.0,1.0,1.0
793,2,,question_only,20,1.0,1.0,1.0,1.0,1.0
793,2,,wrong_answer_conditioned,21,1.0,1.0,1.0,1.0,1.0
793,2,34,shuffled_wrong_answer_control,22,1.0,1.0,1.0,1.0,1.0
793,2,,oracle_corrective,22,1.0,1.0,1.0,1.0,1.0
793,3,,question_only,20,1.0,1.0,1.0,1.0,1.0
793,3,,wrong_answer_conditioned,21,1.0,1.0,1.0,1.0,1.0
793,3,242,shuffled_wrong_answer_control,21,1.0,1.0,1.0,1.0,1.0
793,3,,oracle_corrective,22,1.0,1.0,1.0,1.0,1.0
794,1,,question_only,7,1.0,1.0,1.0,1.0,1.0
794,1,,wrong_answer_conditioned,8,1.0,1.0,1.0,1.0,1.0
794,1,391,shuffled_wrong_answer_control,8,1.0,1.0,1.0,1.0,1.0
794,1,,oracle_corrective,9,1.0,1.0,1.0,1.0,1.0
794,2,,question_only,7,1.0,1.0,1.0,1.0,1.0
794,2,,wrong_answer_conditioned,8,1.0,1.0,1.0,1.0,1.0
794,2,546,shuffled_wrong_answer_control,9,1.0,1.0,1.0,1.0,1.0
794,2,,oracle_corrective,9,1.0,1.0,1.0,1.0,1.0
794,3,,question_only,7,1.0,1.0,1.0,1.0,1.0
794,3,,wrong_answer_conditioned,8,1.0,1.0,1.0,1.0,1.0
794,3,133,shuffled_wrong_answer_control,8,1.0,1.0,1.0,1.0,1.0
794,3,,oracle_corrective,9,1.0,1.0,1.0,1.0,1.0
795,1,,question_only,7,1.0,1.0,1.0,1.0,1.0
795,1,,wrong_answer_conditioned,10,0.3333333333333333,0.0,1.0,1.0,0.5
795,1,835,shuffled_wrong_answer_control,8,1.0,1.0,1.0,1.0,1.0
795,1,,oracle_corrective,12,1.0,1.0,1.0,1.0,1.0
795,2,,question_only,7,1.0,1.0,1.0,1.0,1.0
795,2,,wrong_answer_conditioned,9,1.0,1.0,1.0,1.0,1.0
795,2,318,shuffled_wrong_answer_control,8,1.0,1.0,1.0,1.0,1.0
795,2,,oracle_corrective,11,1.0,1.0,1.0,1.0,1.0
795,3,,question_only,7,1.0,1.0,1.0,1.0,1.0
795,3,,wrong_answer_conditioned,9,0.5,0.0,1.0,1.0,0.6309297535714575
795,3,290,shuffled_wrong_answer_control,9,1.0,1.0,1.0,1.0,1.0
795,3,,oracle_corrective,11,1.0,1.0,1.0,1.0,1.0
796,1,,question_only,14,1.0,1.0,1.0,1.0,1.0
796,1,,wrong_answer_conditioned,15,1.0,1.0,1.0,1.0,1.0
796,1,856,shuffled_wrong_answer_control,15,1.0,1.0,1.0,1.0,1.0
796,1,,oracle_corrective,16,1.0,1.0,1.0,1.0,1.0
796,2,,question_only,14,1.0,1.0,1.0,1.0,1.0
796,2,,wrong_answer_conditioned,15,1.0,1.0,1.0,1.0,1.0
796,2,407,shuffled_wrong_answer_control,15,1.0,1.0,1.0,1.0,1.0
796,2,,oracle_corrective,16,1.0,1.0,1.0,1.0,1.0
796,3,,question_only,14,1.0,1.0,1.0,1.0,1.0
796,3,,wrong_answer_conditioned,15,1.0,1.0,1.0,1.0,1.0
796,3,366,shuffled_wrong_answer_control,16,1.0,1.0,1.0,1.0,1.0
796,3,,oracle_corrective,16,1.0,1.0,1.0,1.0,1.0
797,1,,question_only,21,1.0,1.0,1.0,1.0,1.0
797,1,,wrong_answer_conditioned,22,1.0,1.0,1.0,1.0,1.0
797,1,752,shuffled_wrong_answer_control,24,1.0,1.0,1.0,1.0,1.0
797,1,,oracle_corrective,23,1.0,1.0,1.0,1.0,1.0
797,2,,question_only,21,1.0,1.0,1.0,1.0,1.0
797,2,,wrong_answer_conditioned,22,1.0,1.0,1.0,1.0,1.0
797,2,20,shuffled_wrong_answer_control,22,1.0,1.0,1.0,1.0,1.0
797,2,,oracle_corrective,23,1.0,1.0,1.0,1.0,1.0
797,3,,question_only,21,1.0,1.0,1.0,1.0,1.0
797,3,,wrong_answer_conditioned,22,1.0,1.0,1.0,1.0,1.0
797,3,508,shuffled_wrong_answer_control,23,1.0,1.0,1.0,1.0,1.0
797,3,,oracle_corrective,23,1.0,1.0,1.0,1.0,1.0
798,1,,question_only,15,1.0,1.0,1.0,1.0,1.0
798,1,,wrong_answer_conditioned,16,1.0,1.0,1.0,1.0,1.0
798,1,696,shuffled_wrong_answer_control,16,1.0,1.0,1.0,1.0,1.0
798,1,,oracle_corrective,17,1.0,1.0,1.0,1.0,1.0
798,2,,question_only,15,1.0,1.0,1.0,1.0,1.0
798,2,,wrong_answer_conditioned,16,1.0,1.0,1.0,1.0,1.0
798,2,665,shuffled_wrong_answer_control,17,1.0,1.0,1.0,1.0,1.0
798,2,,oracle_corrective,17,1.0,1.0,1.0,1.0,1.0
798,3,,question_only,15,1.0,1.0,1.0,1.0,1.0
798,3,,wrong_answer_conditioned,16,1.0,1.0,1.0,1.0,1.0
798,3,625,shuffled_wrong_answer_control,17,1.0,1.0,1.0,1.0,1.0
798,3,,oracle_corrective,17,1.0,1.0,1.0,1.0,1.0
799,1,,question_only,13,1.0,1.0,1.0,1.0,1.0
799,1,,wrong_answer_conditioned,14,1.0,1.0,1.0,1.0,1.0
799,1,468,shuffled_wrong_answer_control,16,1.0,1.0,1.0,1.0,1.0
799,1,,oracle_corrective,15,1.0,1.0,1.0,1.0,1.0
799,2,,question_only,13,1.0,1.0,1.0,1.0,1.0
799,2,,wrong_answer_conditioned,15,1.0,1.0,1.0,1.0,1.0
799,2,713,shuffled_wrong_answer_control,16,1.0,1.0,1.0,1.0,1.0
799,2,,oracle_corrective,16,1.0,1.0,1.0,1.0,1.0
799,3,,question_only,13,1.0,1.0,1.0,1.0,1.0
799,3,,wrong_answer_conditioned,14,1.0,1.0,1.0,1.0,1.0
799,3,686,shuffled_wrong_answer_control,16,1.0,1.0,1.0,1.0,1.0
799,3,,oracle_corrective,15,1.0,1.0,1.0,1.0,1.0
800,1,,question_only,12,1.0,1.0,1.0,1.0,1.0
800,1,,wrong_answer_conditioned,14,1.0,1.0,1.0,1.0,1.0
800,1,552,shuffled_wrong_answer_control,15,1.0,1.0,1.0,1.0,1.0
800,1,,oracle_corrective,16,1.0,1.0,1.0,1.0,1.0
800,2,,question_only,12,1.0,1.0,1.0,1.0,1.0
800,2,,wrong_answer_conditioned,14,1.0,1.0,1.0,1.0,1.0
800,2,106,shuffled_wrong_answer_control,13,1.0,1.0,1.0,1.0,1.0
800,2,,oracle_corrective,16,1.0,1.0,1.0,1.0,1.0
800,3,,question_only,12,1.0,1.0,1.0,1.0,1.0
800,3,,wrong_answer_conditioned,14,1.0,1.0,1.0,1.0,1.0
800,3,562,shuffled_wrong_answer_control,14,1.0,1.0,1.0,1.0,1.0
800,3,,oracle_corrective,16,1.0,1.0,1.0,1.0,1.0
801,1,,question_only,10,1.0,1.0,1.0,1.0,1.0
801,1,,wrong_answer_conditioned,11,1.0,1.0,1.0,1.0,1.0
801,1,758,shuffled_wrong_answer_control,12,1.0,1.0,1.0,1.0,1.0
801,1,,oracle_corrective,12,1.0,1.0,1.0,1.0,1.0
801,2,,question_only,10,1.0,1.0,1.0,1.0,1.0
801,2,,wrong_answer_conditioned,11,1.0,1.0,1.0,1.0,1.0
801,2,27,shuffled_wrong_answer_control,11,1.0,1.0,1.0,1.0,1.0
801,2,,oracle_corrective,12,1.0,1.0,1.0,1.0,1.0
801,3,,question_only,10,1.0,1.0,1.0,1.0,1.0
801,3,,wrong_answer_conditioned,11,1.0,1.0,1.0,1.0,1.0
801,3,34,shuffled_wrong_answer_control,12,1.0,1.0,1.0,1.0,1.0
801,3,,oracle_corrective,12,1.0,1.0,1.0,1.0,1.0
802,1,,question_only,9,1.0,1.0,1.0,1.0,1.0
802,1,,wrong_answer_conditioned,10,1.0,1.0,1.0,1.0,1.0
802,1,15,shuffled_wrong_answer_control,10,1.0,1.0,1.0,1.0,1.0
802,1,,oracle_corrective,11,1.0,1.0,1.0,1.0,1.0
802,2,,question_only,9,1.0,1.0,1.0,1.0,1.0
802,2,,wrong_answer_conditioned,10,1.0,1.0,1.0,1.0,1.0
802,2,800,shuffled_wrong_answer_control,11,1.0,1.0,1.0,1.0,1.0
802,2,,oracle_corrective,11,1.0,1.0,1.0,1.0,1.0
802,3,,question_only,9,1.0,1.0,1.0,1.0,1.0
802,3,,wrong_answer_conditioned,11,1.0,1.0,1.0,1.0,1.0
802,3,411,shuffled_wrong_answer_control,10,1.0,1.0,1.0,1.0,1.0
802,3,,oracle_corrective,12,1.0,1.0,1.0,1.0,1.0
803,1,,question_only,17,1.0,1.0,1.0,1.0,1.0
803,1,,wrong_answer_conditioned,18,1.0,1.0,1.0,1.0,1.0
803,1,534,shuffled_wrong_answer_control,18,1.0,1.0,1.0,1.0,1.0
803,1,,oracle_corrective,19,1.0,1.0,1.0,1.0,1.0
803,2,,question_only,17,1.0,1.0,1.0,1.0,1.0
803,2,,wrong_answer_conditioned,18,1.0,1.0,1.0,1.0,1.0
803,2,469,shuffled_wrong_answer_control,18,1.0,1.0,1.0,1.0,1.0
803,2,,oracle_corrective,19,1.0,1.0,1.0,1.0,1.0
803,3,,question_only,17,1.0,1.0,1.0,1.0,1.0
803,3,,wrong_answer_conditioned,18,1.0,1.0,1.0,1.0,1.0
803,3,758,shuffled_wrong_answer_control,19,1.0,1.0,1.0,1.0,1.0
803,3,,oracle_corrective,19,1.0,1.0,1.0,1.0,1.0
804,1,,question_only,12,1.0,1.0,1.0,1.0,1.0
804,1,,wrong_answer_conditioned,13,1.0,1.0,1.0,1.0,1.0
804,1,270,shuffled_wrong_answer_control,13,1.0,1.0,1.0,1.0,1.0
804,1,,oracle_corrective,17,1.0,1.0,1.0,1.0,1.0
804,2,,question_only,12,1.0,1.0,1.0,1.0,1.0
804,2,,wrong_answer_conditioned,14,1.0,1.0,1.0,1.0,1.0
804,2,321,shuffled_wrong_answer_control,13,1.0,1.0,1.0,1.0,1.0
804,2,,oracle_corrective,18,1.0,1.0,1.0,1.0,1.0
804,3,,question_only,12,1.0,1.0,1.0,1.0,1.0
804,3,,wrong_answer_conditioned,13,1.0,1.0,1.0,1.0,1.0
804,3,373,shuffled_wrong_answer_control,13,1.0,1.0,1.0,1.0,1.0
804,3,,oracle_corrective,17,1.0,1.0,1.0,1.0,1.0
805,1,,question_only,14,1.0,1.0,1.0,1.0,1.0
805,1,,wrong_answer_conditioned,15,1.0,1.0,1.0,1.0,1.0
805,1,818,shuffled_wrong_answer_control,15,1.0,1.0,1.0,1.0,1.0
805,1,,oracle_corrective,16,1.0,1.0,1.0,1.0,1.0
805,2,,question_only,14,1.0,1.0,1.0,1.0,1.0
805,2,,wrong_answer_conditioned,15,1.0,1.0,1.0,1.0,1.0
805,2,582,shuffled_wrong_answer_control,15,1.0,1.0,1.0,1.0,1.0
805,2,,oracle_corrective,16,1.0,1.0,1.0,1.0,1.0
805,3,,question_only,14,1.0,1.0,1.0,1.0,1.0
805,3,,wrong_answer_conditioned,15,1.0,1.0,1.0,1.0,1.0
805,3,784,shuffled_wrong_answer_control,16,1.0,1.0,1.0,1.0,1.0
805,3,,oracle_corrective,16,1.0,1.0,1.0,1.0,1.0
806,1,,question_only,9,1.0,1.0,1.0,1.0,1.0
806,1,,wrong_answer_conditioned,10,1.0,1.0,1.0,1.0,1.0
806,1,6,shuffled_wrong_answer_control,10,1.0,1.0,1.0,1.0,1.0
806,1,,oracle_corrective,11,1.0,1.0,1.0,1.0,1.0
806,2,,question_only,9,1.0,1.0,1.0,1.0,1.0
806,2,,wrong_answer_conditioned,10,1.0,1.0,1.0,1.0,1.0
806,2,394,shuffled_wrong_answer_control,10,1.0,1.0,1.0,1.0,1.0
806,2,,oracle_corrective,11,1.0,1.0,1.0,1.0,1.0
806,3,,question_only,9,1.0,1.0,1.0,1.0,1.0
806,3,,wrong_answer_conditioned,10,1.0,1.0,1.0,1.0,1.0
806,3,480,shuffled_wrong_answer_control,10,1.0,1.0,1.0,1.0,1.0
806,3,,oracle_corrective,11,1.0,1.0,1.0,1.0,1.0
807,1,,question_only,13,1.0,1.0,1.0,1.0,1.0
807,1,,wrong_answer_conditioned,14,1.0,1.0,1.0,1.0,1.0
807,1,668,shuffled_wrong_answer_control,15,1.0,1.0,1.0,1.0,1.0
807,1,,oracle_corrective,15,1.0,1.0,1.0,1.0,1.0
807,2,,question_only,13,1.0,1.0,1.0,1.0,1.0
807,2,,wrong_answer_conditioned,14,1.0,1.0,1.0,1.0,1.0
807,2,339,shuffled_wrong_answer_control,14,1.0,1.0,1.0,1.0,1.0
807,2,,oracle_corrective,15,1.0,1.0,1.0,1.0,1.0
807,3,,question_only,13,1.0,1.0,1.0,1.0,1.0
807,3,,wrong_answer_conditioned,14,1.0,1.0,1.0,1.0,1.0
807,3,349,shuffled_wrong_answer_control,14,1.0,1.0,1.0,1.0,1.0
807,3,,oracle_corrective,15,1.0,1.0,1.0,1.0,1.0
808,1,,question_only,19,1.0,1.0,1.0,1.0,1.0
808,1,,wrong_answer_conditioned,20,1.0,1.0,1.0,1.0,1.0
808,1,737,shuffled_wrong_answer_control,20,1.0,1.0,1.0,1.0,1.0
808,1,,oracle_corrective,21,1.0,1.0,1.0,1.0,1.0
808,2,,question_only,19,1.0,1.0,1.0,1.0,1.0
808,2,,wrong_answer_conditioned,20,1.0,1.0,1.0,1.0,1.0
808,2,525,shuffled_wrong_answer_control,20,1.0,1.0,1.0,1.0,1.0
808,2,,oracle_corrective,21,1.0,1.0,1.0,1.0,1.0
808,3,,question_only,19,1.0,1.0,1.0,1.0,1.0
808,3,,wrong_answer_conditioned,20,1.0,1.0,1.0,1.0,1.0
808,3,168,shuffled_wrong_answer_control,20,1.0,1.0,1.0,1.0,1.0
808,3,,oracle_corrective,21,1.0,1.0,1.0,1.0,1.0
809,1,,question_only,12,1.0,1.0,1.0,1.0,1.0
809,1,,wrong_answer_conditioned,13,1.0,1.0,1.0,1.0,1.0
809,1,505,shuffled_wrong_answer_control,13,1.0,1.0,1.0,1.0,1.0
809,1,,oracle_corrective,14,1.0,1.0,1.0,1.0,1.0
809,2,,question_only,12,1.0,1.0,1.0,1.0,1.0
809,2,,wrong_answer_conditioned,13,1.0,1.0,1.0,1.0,1.0
809,2,876,shuffled_wrong_answer_control,14,1.0,1.0,1.0,1.0,1.0
809,2,,oracle_corrective,14,1.0,1.0,1.0,1.0,1.0
809,3,,question_only,12,1.0,1.0,1.0,1.0,1.0
809,3,,wrong_answer_conditioned,13,1.0,1.0,1.0,1.0,1.0
809,3,205,shuffled_wrong_answer_control,13,1.0,1.0,1.0,1.0,1.0
809,3,,oracle_corrective,14,1.0,1.0,1.0,1.0,1.0
810,1,,question_only,8,1.0,1.0,1.0,1.0,1.0
810,1,,wrong_answer_conditioned,9,1.0,1.0,1.0,1.0,1.0
810,1,507,shuffled_wrong_answer_control,9,1.0,1.0,1.0,1.0,1.0
810,1,,oracle_corrective,10,1.0,1.0,1.0,1.0,1.0
810,2,,question_only,8,1.0,1.0,1.0,1.0,1.0
810,2,,wrong_answer_conditioned,9,1.0,1.0,1.0,1.0,1.0
810,2,823,shuffled_wrong_answer_control,9,1.0,1.0,1.0,1.0,1.0
810,2,,oracle_corrective,10,1.0,1.0,1.0,1.0,1.0
810,3,,question_only,8,1.0,1.0,1.0,1.0,1.0
810,3,,wrong_answer_conditioned,9,1.0,1.0,1.0,1.0,1.0
810,3,323,shuffled_wrong_answer_control,9,1.0,1.0,1.0,1.0,1.0
810,3,,oracle_corrective,10,1.0,1.0,1.0,1.0,1.0
811,1,,question_only,10,1.0,1.0,1.0,1.0,1.0
811,1,,wrong_answer_conditioned,11,1.0,1.0,1.0,1.0,1.0
811,1,869,shuffled_wrong_answer_control,11,1.0,1.0,1.0,1.0,1.0
811,1,,oracle_corrective,12,1.0,1.0,1.0,1.0,1.0
811,2,,question_only,10,1.0,1.0,1.0,1.0,1.0
811,2,,wrong_answer_conditioned,11,1.0,1.0,1.0,1.0,1.0
811,2,422,shuffled_wrong_answer_control,11,1.0,1.0,1.0,1.0,1.0
811,2,,oracle_corrective,12,1.0,1.0,1.0,1.0,1.0
811,3,,question_only,10,1.0,1.0,1.0,1.0,1.0
811,3,,wrong_answer_conditioned,11,1.0,1.0,1.0,1.0,1.0
811,3,479,shuffled_wrong_answer_control,14,1.0,1.0,1.0,1.0,1.0
811,3,,oracle_corrective,12,1.0,1.0,1.0,1.0,1.0
812,1,,question_only,17,1.0,1.0,1.0,1.0,1.0
812,1,,wrong_answer_conditioned,18,1.0,1.0,1.0,1.0,1.0
812,1,99,shuffled_wrong_answer_control,18,1.0,1.0,1.0,1.0,1.0
812,1,,oracle_corrective,19,1.0,1.0,1.0,1.0,1.0
812,2,,question_only,17,1.0,1.0,1.0,1.0,1.0
812,2,,wrong_answer_conditioned,18,1.0,1.0,1.0,1.0,1.0
812,2,66,shuffled_wrong_answer_control,18,1.0,1.0,1.0,1.0,1.0
812,2,,oracle_corrective,19,1.0,1.0,1.0,1.0,1.0
812,3,,question_only,17,1.0,1.0,1.0,1.0,1.0
812,3,,wrong_answer_conditioned,18,1.0,1.0,1.0,1.0,1.0
812,3,218,shuffled_wrong_answer_control,19,1.0,1.0,1.0,1.0,1.0
812,3,,oracle_corrective,19,1.0,1.0,1.0,1.0,1.0
813,1,,question_only,13,1.0,1.0,1.0,1.0,1.0
813,1,,wrong_answer_conditioned,14,1.0,1.0,1.0,1.0,1.0
813,1,362,shuffled_wrong_answer_control,14,1.0,1.0,1.0,1.0,1.0
813,1,,oracle_corrective,15,1.0,1.0,1.0,1.0,1.0
813,2,,question_only,13,1.0,1.0,1.0,1.0,1.0
813,2,,wrong_answer_conditioned,14,1.0,1.0,1.0,1.0,1.0
813,2,540,shuffled_wrong_answer_control,14,1.0,1.0,1.0,1.0,1.0
813,2,,oracle_corrective,15,1.0,1.0,1.0,1.0,1.0
813,3,,question_only,13,1.0,1.0,1.0,1.0,1.0
813,3,,wrong_answer_conditioned,14,1.0,1.0,1.0,1.0,1.0
813,3,412,shuffled_wrong_answer_control,14,1.0,1.0,1.0,1.0,1.0
813,3,,oracle_corrective,15,1.0,1.0,1.0,1.0,1.0
814,1,,question_only,11,1.0,1.0,1.0,1.0,1.0
814,1,,wrong_answer_conditioned,14,1.0,1.0,1.0,1.0,1.0
814,1,799,shuffled_wrong_answer_control,12,1.0,1.0,1.0,1.0,1.0
814,1,,oracle_corrective,17,1.0,1.0,1.0,1.0,1.0
814,2,,question_only,11,1.0,1.0,1.0,1.0,1.0
814,2,,wrong_answer_conditioned,13,1.0,1.0,1.0,1.0,1.0
814,2,337,shuffled_wrong_answer_control,12,1.0,1.0,1.0,1.0,1.0
814,2,,oracle_corrective,16,1.0,1.0,1.0,1.0,1.0
814,3,,question_only,11,1.0,1.0,1.0,1.0,1.0
814,3,,wrong_answer_conditioned,13,1.0,1.0,1.0,1.0,1.0
814,3,122,shuffled_wrong_answer_control,13,1.0,1.0,1.0,1.0,1.0
814,3,,oracle_corrective,16,1.0,1.0,1.0,1.0,1.0
815,1,,question_only,19,1.0,1.0,1.0,1.0,1.0
815,1,,wrong_answer_conditioned,20,1.0,1.0,1.0,1.0,1.0
815,1,399,shuffled_wrong_answer_control,20,1.0,1.0,1.0,1.0,1.0
815,1,,oracle_corrective,21,1.0,1.0,1.0,1.0,1.0
815,2,,question_only,19,1.0,1.0,1.0,1.0,1.0
815,2,,wrong_answer_conditioned,20,1.0,1.0,1.0,1.0,1.0
815,2,514,shuffled_wrong_answer_control,20,1.0,1.0,1.0,1.0,1.0
815,2,,oracle_corrective,21,1.0,1.0,1.0,1.0,1.0
815,3,,question_only,19,1.0,1.0,1.0,1.0,1.0
815,3,,wrong_answer_conditioned,20,1.0,1.0,1.0,1.0,1.0
815,3,132,shuffled_wrong_answer_control,20,1.0,1.0,1.0,1.0,1.0
815,3,,oracle_corrective,21,1.0,1.0,1.0,1.0,1.0
816,1,,question_only,9,1.0,1.0,1.0,1.0,1.0
816,1,,wrong_answer_conditioned,10,1.0,1.0,1.0,1.0,1.0
816,1,377,shuffled_wrong_answer_control,10,1.0,1.0,1.0,1.0,1.0
816,1,,oracle_corrective,11,1.0,1.0,1.0,1.0,1.0
816,2,,question_only,9,1.0,1.0,1.0,1.0,1.0
816,2,,wrong_answer_conditioned,10,1.0,1.0,1.0,1.0,1.0
816,2,765,shuffled_wrong_answer_control,10,1.0,1.0,1.0,1.0,1.0
816,2,,oracle_corrective,11,1.0,1.0,1.0,1.0,1.0
816,3,,question_only,9,1.0,1.0,1.0,1.0,1.0
816,3,,wrong_answer_conditioned,10,1.0,1.0,1.0,1.0,1.0
816,3,465,shuffled_wrong_answer_control,11,1.0,1.0,1.0,1.0,1.0
816,3,,oracle_corrective,11,1.0,1.0,1.0,1.0,1.0
817,1,,question_only,10,1.0,1.0,1.0,1.0,1.0
817,1,,wrong_answer_conditioned,11,1.0,1.0,1.0,1.0,1.0
817,1,107,shuffled_wrong_answer_control,11,1.0,1.0,1.0,1.0,1.0
817,1,,oracle_corrective,12,1.0,1.0,1.0,1.0,1.0
817,2,,question_only,10,1.0,1.0,1.0,1.0,1.0
817,2,,wrong_answer_conditioned,11,1.0,1.0,1.0,1.0,1.0
817,2,53,shuffled_wrong_answer_control,12,1.0,1.0,1.0,1.0,1.0
817,2,,oracle_corrective,12,1.0,1.0,1.0,1.0,1.0
817,3,,question_only,10,1.0,1.0,1.0,1.0,1.0
817,3,,wrong_answer_conditioned,11,1.0,1.0,1.0,1.0,1.0
817,3,753,shuffled_wrong_answer_control,12,1.0,1.0,1.0,1.0,1.0
817,3,,oracle_corrective,12,1.0,1.0,1.0,1.0,1.0
818,1,,question_only,20,1.0,1.0,1.0,1.0,1.0
818,1,,wrong_answer_conditioned,21,1.0,1.0,1.0,1.0,1.0
818,1,511,shuffled_wrong_answer_control,22,1.0,1.0,1.0,1.0,1.0
818,1,,oracle_corrective,22,1.0,1.0,1.0,1.0,1.0
818,2,,question_only,20,1.0,1.0,1.0,1.0,1.0
818,2,,wrong_answer_conditioned,21,1.0,1.0,1.0,1.0,1.0
818,2,880,shuffled_wrong_answer_control,21,1.0,1.0,1.0,1.0,1.0
818,2,,oracle_corrective,22,1.0,1.0,1.0,1.0,1.0
818,3,,question_only,20,1.0,1.0,1.0,1.0,1.0
818,3,,wrong_answer_conditioned,21,1.0,1.0,1.0,1.0,1.0
818,3,841,shuffled_wrong_answer_control,21,1.0,1.0,1.0,1.0,1.0
818,3,,oracle_corrective,22,1.0,1.0,1.0,1.0,1.0
819,1,,question_only,26,1.0,1.0,1.0,1.0,1.0
819,1,,wrong_answer_conditioned,28,1.0,1.0,1.0,1.0,1.0
819,1,882,shuffled_wrong_answer_control,27,1.0,1.0,1.0,1.0,1.0
819,1,,oracle_corrective,30,1.0,1.0,1.0,1.0,1.0
819,2,,question_only,26,1.0,1.0,1.0,1.0,1.0
819,2,,wrong_answer_conditioned,28,1.0,1.0,1.0,1.0,1.0
819,2,44,shuffled_wrong_answer_control,27,1.0,1.0,1.0,1.0,1.0
819,2,,oracle_corrective,30,1.0,1.0,1.0,1.0,1.0
819,3,,question_only,26,1.0,1.0,1.0,1.0,1.0
819,3,,wrong_answer_conditioned,28,1.0,1.0,1.0,1.0,1.0
819,3,227,shuffled_wrong_answer_control,27,1.0,1.0,1.0,1.0,1.0
819,3,,oracle_corrective,30,1.0,1.0,1.0,1.0,1.0
820,1,,question_only,11,0.5,0.0,1.0,1.0,0.6309297535714575
820,1,,wrong_answer_conditioned,12,0.5,0.0,1.0,1.0,0.6309297535714575
820,1,847,shuffled_wrong_answer_control,14,0.5,0.0,1.0,1.0,0.6309297535714575
820,1,,oracle_corrective,13,1.0,1.0,1.0,1.0,1.0
820,2,,question_only,11,0.5,0.0,1.0,1.0,0.6309297535714575
820,2,,wrong_answer_conditioned,12,0.3333333333333333,0.0,1.0,1.0,0.5
820,2,149,shuffled_wrong_answer_control,12,0.5,0.0,1.0,1.0,0.6309297535714575
820,2,,oracle_corrective,13,1.0,1.0,1.0,1.0,1.0
820,3,,question_only,11,0.5,0.0,1.0,1.0,0.6309297535714575
820,3,,wrong_answer_conditioned,12,0.5,0.0,1.0,1.0,0.6309297535714575
820,3,683,shuffled_wrong_answer_control,12,0.5,0.0,1.0,1.0,0.6309297535714575
820,3,,oracle_corrective,13,1.0,1.0,1.0,1.0,1.0
821,1,,question_only,14,1.0,1.0,1.0,1.0,1.0
821,1,,wrong_answer_conditioned,15,1.0,1.0,1.0,1.0,1.0
821,1,746,shuffled_wrong_answer_control,15,1.0,1.0,1.0,1.0,1.0
821,1,,oracle_corrective,16,1.0,1.0,1.0,1.0,1.0
821,2,,question_only,14,1.0,1.0,1.0,1.0,1.0
821,2,,wrong_answer_conditioned,15,1.0,1.0,1.0,1.0,1.0
821,2,782,shuffled_wrong_answer_control,16,1.0,1.0,1.0,1.0,1.0
821,2,,oracle_corrective,16,1.0,1.0,1.0,1.0,1.0
821,3,,question_only,14,1.0,1.0,1.0,1.0,1.0
821,3,,wrong_answer_conditioned,15,1.0,1.0,1.0,1.0,1.0
821,3,104,shuffled_wrong_answer_control,16,1.0,1.0,1.0,1.0,1.0
821,3,,oracle_corrective,16,1.0,1.0,1.0,1.0,1.0
822,1,,question_only,8,1.0,1.0,1.0,1.0,1.0
822,1,,wrong_answer_conditioned,11,1.0,1.0,1.0,1.0,1.0
822,1,461,shuffled_wrong_answer_control,10,1.0,1.0,1.0,1.0,1.0
822,1,,oracle_corrective,12,1.0,1.0,1.0,1.0,1.0
822,2,,question_only,8,1.0,1.0,1.0,1.0,1.0
822,2,,wrong_answer_conditioned,9,1.0,1.0,1.0,1.0,1.0
822,2,9,shuffled_wrong_answer_control,10,1.0,1.0,1.0,1.0,1.0
822,2,,oracle_corrective,10,1.0,1.0,1.0,1.0,1.0
822,3,,question_only,8,1.0,1.0,1.0,1.0,1.0
822,3,,wrong_answer_conditioned,11,1.0,1.0,1.0,1.0,1.0
822,3,786,shuffled_wrong_answer_control,9,1.0,1.0,1.0,1.0,1.0
822,3,,oracle_corrective,12,1.0,1.0,1.0,1.0,1.0
823,1,,question_only,9,1.0,1.0,1.0,1.0,1.0
823,1,,wrong_answer_conditioned,10,1.0,1.0,1.0,1.0,1.0
823,1,418,shuffled_wrong_answer_control,10,1.0,1.0,1.0,1.0,1.0
823,1,,oracle_corrective,11,1.0,1.0,1.0,1.0,1.0
823,2,,question_only,9,1.0,1.0,1.0,1.0,1.0
823,2,,wrong_answer_conditioned,10,1.0,1.0,1.0,1.0,1.0
823,2,219,shuffled_wrong_answer_control,11,0.3333333333333333,0.0,1.0,1.0,0.5
823,2,,oracle_corrective,11,1.0,1.0,1.0,1.0,1.0
823,3,,question_only,9,1.0,1.0,1.0,1.0,1.0
823,3,,wrong_answer_conditioned,10,0.5,0.0,1.0,1.0,0.6309297535714575
823,3,793,shuffled_wrong_answer_control,10,1.0,1.0,1.0,1.0,1.0
823,3,,oracle_corrective,11,1.0,1.0,1.0,1.0,1.0
824,1,,question_only,18,1.0,1.0,1.0,1.0,1.0
824,1,,wrong_answer_conditioned,19,1.0,1.0,1.0,1.0,1.0
824,1,809,shuffled_wrong_answer_control,19,1.0,1.0,1.0,1.0,1.0
824,1,,oracle_corrective,20,1.0,1.0,1.0,1.0,1.0
824,2,,question_only,18,1.0,1.0,1.0,1.0,1.0
824,2,,wrong_answer_conditioned,19,1.0,1.0,1.0,1.0,1.0
824,2,301,shuffled_wrong_answer_control,20,1.0,1.0,1.0,1.0,1.0
824,2,,oracle_corrective,20,1.0,1.0,1.0,1.0,1.0
824,3,,question_only,18,1.0,1.0,1.0,1.0,1.0
824,3,,wrong_answer_conditioned,19,1.0,1.0,1.0,1.0,1.0
824,3,459,shuffled_wrong_answer_control,19,1.0,1.0,1.0,1.0,1.0
824,3,,oracle_corrective,20,1.0,1.0,1.0,1.0,1.0
825,1,,question_only,8,1.0,1.0,1.0,1.0,1.0
825,1,,wrong_answer_conditioned,10,1.0,1.0,1.0,1.0,1.0
825,1,346,shuffled_wrong_answer_control,9,1.0,1.0,1.0,1.0,1.0
825,1,,oracle_corrective,12,1.0,1.0,1.0,1.0,1.0
825,2,,question_only,8,1.0,1.0,1.0,1.0,1.0
825,2,,wrong_answer_conditioned,10,1.0,1.0,1.0,1.0,1.0
825,2,133,shuffled_wrong_answer_control,9,1.0,1.0,1.0,1.0,1.0
825,2,,oracle_corrective,12,1.0,1.0,1.0,1.0,1.0
825,3,,question_only,8,1.0,1.0,1.0,1.0,1.0
825,3,,wrong_answer_conditioned,10,1.0,1.0,1.0,1.0,1.0
825,3,504,shuffled_wrong_answer_control,9,1.0,1.0,1.0,1.0,1.0
825,3,,oracle_corrective,12,1.0,1.0,1.0,1.0,1.0
826,1,,question_only,11,1.0,1.0,1.0,1.0,1.0
826,1,,wrong_answer_conditioned,12,1.0,1.0,1.0,1.0,1.0
826,1,57,shuffled_wrong_answer_control,12,1.0,1.0,1.0,1.0,1.0
826,1,,oracle_corrective,13,1.0,1.0,1.0,1.0,1.0
826,2,,question_only,11,1.0,1.0,1.0,1.0,1.0
826,2,,wrong_answer_conditioned,12,1.0,1.0,1.0,1.0,1.0
826,2,592,shuffled_wrong_answer_control,12,1.0,1.0,1.0,1.0,1.0
826,2,,oracle_corrective,13,1.0,1.0,1.0,1.0,1.0
826,3,,question_only,11,1.0,1.0,1.0,1.0,1.0
826,3,,wrong_answer_conditioned,12,1.0,1.0,1.0,1.0,1.0
826,3,284,shuffled_wrong_answer_control,12,1.0,1.0,1.0,1.0,1.0
826,3,,oracle_corrective,13,1.0,1.0,1.0,1.0,1.0
827,1,,question_only,9,1.0,1.0,1.0,1.0,1.0
827,1,,wrong_answer_conditioned,11,1.0,1.0,1.0,1.0,1.0
827,1,455,shuffled_wrong_answer_control,10,1.0,1.0,1.0,1.0,1.0
827,1,,oracle_corrective,13,1.0,1.0,1.0,1.0,1.0
827,2,,question_only,9,1.0,1.0,1.0,1.0,1.0
827,2,,wrong_answer_conditioned,11,1.0,1.0,1.0,1.0,1.0
827,2,203,shuffled_wrong_answer_control,10,1.0,1.0,1.0,1.0,1.0
827,2,,oracle_corrective,13,1.0,1.0,1.0,1.0,1.0
827,3,,question_only,9,1.0,1.0,1.0,1.0,1.0
827,3,,wrong_answer_conditioned,11,1.0,1.0,1.0,1.0,1.0
827,3,652,shuffled_wrong_answer_control,12,1.0,1.0,1.0,1.0,1.0
827,3,,oracle_corrective,13,1.0,1.0,1.0,1.0,1.0
828,1,,question_only,22,1.0,1.0,1.0,1.0,1.0
828,1,,wrong_answer_conditioned,23,1.0,1.0,1.0,1.0,1.0
828,1,173,shuffled_wrong_answer_control,24,1.0,1.0,1.0,1.0,1.0
828,1,,oracle_corrective,24,1.0,1.0,1.0,1.0,1.0
828,2,,question_only,22,1.0,1.0,1.0,1.0,1.0
828,2,,wrong_answer_conditioned,23,1.0,1.0,1.0,1.0,1.0
828,2,441,shuffled_wrong_answer_control,24,1.0,1.0,1.0,1.0,1.0
828,2,,oracle_corrective,24,1.0,1.0,1.0,1.0,1.0
828,3,,question_only,22,1.0,1.0,1.0,1.0,1.0
828,3,,wrong_answer_conditioned,23,1.0,1.0,1.0,1.0,1.0
828,3,827,shuffled_wrong_answer_control,24,1.0,1.0,1.0,1.0,1.0
828,3,,oracle_corrective,24,1.0,1.0,1.0,1.0,1.0
829,1,,question_only,15,1.0,1.0,1.0,1.0,1.0
829,1,,wrong_answer_conditioned,17,1.0,1.0,1.0,1.0,1.0
829,1,238,shuffled_wrong_answer_control,17,1.0,1.0,1.0,1.0,1.0
829,1,,oracle_corrective,19,1.0,1.0,1.0,1.0,1.0
829,2,,question_only,15,1.0,1.0,1.0,1.0,1.0
829,2,,wrong_answer_conditioned,17,1.0,1.0,1.0,1.0,1.0
829,2,557,shuffled_wrong_answer_control,16,1.0,1.0,1.0,1.0,1.0
829,2,,oracle_corrective,19,1.0,1.0,1.0,1.0,1.0
829,3,,question_only,15,1.0,1.0,1.0,1.0,1.0
829,3,,wrong_answer_conditioned,17,1.0,1.0,1.0,1.0,1.0
829,3,441,shuffled_wrong_answer_control,17,1.0,1.0,1.0,1.0,1.0
829,3,,oracle_corrective,19,1.0,1.0,1.0,1.0,1.0
830,1,,question_only,15,1.0,1.0,1.0,1.0,1.0
830,1,,wrong_answer_conditioned,17,1.0,1.0,1.0,1.0,1.0
830,1,9,shuffled_wrong_answer_control,17,1.0,1.0,1.0,1.0,1.0
830,1,,oracle_corrective,19,1.0,1.0,1.0,1.0,1.0
830,2,,question_only,15,1.0,1.0,1.0,1.0,1.0
830,2,,wrong_answer_conditioned,17,1.0,1.0,1.0,1.0,1.0
830,2,637,shuffled_wrong_answer_control,17,1.0,1.0,1.0,1.0,1.0
830,2,,oracle_corrective,19,1.0,1.0,1.0,1.0,1.0
830,3,,question_only,15,1.0,1.0,1.0,1.0,1.0
830,3,,wrong_answer_conditioned,16,1.0,1.0,1.0,1.0,1.0
830,3,356,shuffled_wrong_answer_control,16,1.0,1.0,1.0,1.0,1.0
830,3,,oracle_corrective,18,1.0,1.0,1.0,1.0,1.0
831,1,,question_only,10,1.0,1.0,1.0,1.0,1.0
831,1,,wrong_answer_conditioned,12,1.0,1.0,1.0,1.0,1.0
831,1,368,shuffled_wrong_answer_control,13,1.0,1.0,1.0,1.0,1.0
831,1,,oracle_corrective,14,1.0,1.0,1.0,1.0,1.0
831,2,,question_only,10,1.0,1.0,1.0,1.0,1.0
831,2,,wrong_answer_conditioned,12,1.0,1.0,1.0,1.0,1.0
831,2,384,shuffled_wrong_answer_control,12,1.0,1.0,1.0,1.0,1.0
831,2,,oracle_corrective,14,1.0,1.0,1.0,1.0,1.0
831,3,,question_only,10,1.0,1.0,1.0,1.0,1.0
831,3,,wrong_answer_conditioned,12,1.0,1.0,1.0,1.0,1.0
831,3,17,shuffled_wrong_answer_control,11,1.0,1.0,1.0,1.0,1.0
831,3,,oracle_corrective,14,1.0,1.0,1.0,1.0,1.0
832,1,,question_only,10,1.0,1.0,1.0,1.0,1.0
832,1,,wrong_answer_conditioned,11,1.0,1.0,1.0,1.0,1.0
832,1,34,shuffled_wrong_answer_control,12,1.0,1.0,1.0,1.0,1.0
832,1,,oracle_corrective,12,1.0,1.0,1.0,1.0,1.0
832,2,,question_only,10,1.0,1.0,1.0,1.0,1.0
832,2,,wrong_answer_conditioned,11,1.0,1.0,1.0,1.0,1.0
832,2,675,shuffled_wrong_answer_control,12,1.0,1.0,1.0,1.0,1.0
832,2,,oracle_corrective,12,1.0,1.0,1.0,1.0,1.0
832,3,,question_only,10,1.0,1.0,1.0,1.0,1.0
832,3,,wrong_answer_conditioned,11,1.0,1.0,1.0,1.0,1.0
832,3,844,shuffled_wrong_answer_control,11,1.0,1.0,1.0,1.0,1.0
832,3,,oracle_corrective,12,1.0,1.0,1.0,1.0,1.0
833,1,,question_only,16,1.0,1.0,1.0,1.0,1.0
833,1,,wrong_answer_conditioned,18,1.0,1.0,1.0,1.0,1.0
833,1,79,shuffled_wrong_answer_control,17,1.0,1.0,1.0,1.0,1.0
833,1,,oracle_corrective,20,1.0,1.0,1.0,1.0,1.0
833,2,,question_only,16,1.0,1.0,1.0,1.0,1.0
833,2,,wrong_answer_conditioned,17,1.0,1.0,1.0,1.0,1.0
833,2,224,shuffled_wrong_answer_control,18,1.0,1.0,1.0,1.0,1.0
833,2,,oracle_corrective,19,1.0,1.0,1.0,1.0,1.0
833,3,,question_only,16,1.0,1.0,1.0,1.0,1.0
833,3,,wrong_answer_conditioned,17,1.0,1.0,1.0,1.0,1.0
833,3,347,shuffled_wrong_answer_control,17,1.0,1.0,1.0,1.0,1.0
833,3,,oracle_corrective,19,1.0,1.0,1.0,1.0,1.0
834,1,,question_only,15,1.0,1.0,1.0,1.0,1.0
834,1,,wrong_answer_conditioned,16,1.0,1.0,1.0,1.0,1.0
834,1,51,shuffled_wrong_answer_control,17,1.0,1.0,1.0,1.0,1.0
834,1,,oracle_corrective,17,1.0,1.0,1.0,1.0,1.0
834,2,,question_only,15,1.0,1.0,1.0,1.0,1.0
834,2,,wrong_answer_conditioned,16,1.0,1.0,1.0,1.0,1.0
834,2,458,shuffled_wrong_answer_control,16,1.0,1.0,1.0,1.0,1.0
834,2,,oracle_corrective,17,1.0,1.0,1.0,1.0,1.0
834,3,,question_only,15,1.0,1.0,1.0,1.0,1.0
834,3,,wrong_answer_conditioned,16,1.0,1.0,1.0,1.0,1.0
834,3,537,shuffled_wrong_answer_control,16,1.0,1.0,1.0,1.0,1.0
834,3,,oracle_corrective,17,1.0,1.0,1.0,1.0,1.0
835,1,,question_only,11,1.0,1.0,1.0,1.0,1.0
835,1,,wrong_answer_conditioned,12,1.0,1.0,1.0,1.0,1.0
835,1,251,shuffled_wrong_answer_control,13,1.0,1.0,1.0,1.0,1.0
835,1,,oracle_corrective,13,1.0,1.0,1.0,1.0,1.0
835,2,,question_only,11,1.0,1.0,1.0,1.0,1.0
835,2,,wrong_answer_conditioned,12,1.0,1.0,1.0,1.0,1.0
835,2,648,shuffled_wrong_answer_control,13,1.0,1.0,1.0,1.0,1.0
835,2,,oracle_corrective,13,1.0,1.0,1.0,1.0,1.0
835,3,,question_only,11,1.0,1.0,1.0,1.0,1.0
835,3,,wrong_answer_conditioned,12,1.0,1.0,1.0,1.0,1.0
835,3,288,shuffled_wrong_answer_control,13,1.0,1.0,1.0,1.0,1.0
835,3,,oracle_corrective,13,1.0,1.0,1.0,1.0,1.0
836,1,,question_only,11,1.0,1.0,1.0,1.0,1.0
836,1,,wrong_answer_conditioned,12,1.0,1.0,1.0,1.0,1.0
836,1,64,shuffled_wrong_answer_control,13,1.0,1.0,1.0,1.0,1.0
836,1,,oracle_corrective,13,1.0,1.0,1.0,1.0,1.0
836,2,,question_only,11,1.0,1.0,1.0,1.0,1.0
836,2,,wrong_answer_conditioned,12,1.0,1.0,1.0,1.0,1.0
836,2,581,shuffled_wrong_answer_control,12,1.0,1.0,1.0,1.0,1.0
836,2,,oracle_corrective,13,1.0,1.0,1.0,1.0,1.0
836,3,,question_only,11,1.0,1.0,1.0,1.0,1.0
836,3,,wrong_answer_conditioned,12,1.0,1.0,1.0,1.0,1.0
836,3,520,shuffled_wrong_answer_control,12,1.0,1.0,1.0,1.0,1.0
836,3,,oracle_corrective,13,1.0,1.0,1.0,1.0,1.0
837,1,,question_only,19,1.0,1.0,1.0,1.0,1.0
837,1,,wrong_answer_conditioned,21,1.0,1.0,1.0,1.0,1.0
837,1,706,shuffled_wrong_answer_control,20,1.0,1.0,1.0,1.0,1.0
837,1,,oracle_corrective,22,1.0,1.0,1.0,1.0,1.0
837,2,,question_only,19,1.0,1.0,1.0,1.0,1.0
837,2,,wrong_answer_conditioned,21,1.0,1.0,1.0,1.0,1.0
837,2,628,shuffled_wrong_answer_control,20,1.0,1.0,1.0,1.0,1.0
837,2,,oracle_corrective,22,1.0,1.0,1.0,1.0,1.0
837,3,,question_only,19,1.0,1.0,1.0,1.0,1.0
837,3,,wrong_answer_conditioned,20,1.0,1.0,1.0,1.0,1.0
837,3,44,shuffled_wrong_answer_control,20,1.0,1.0,1.0,1.0,1.0
837,3,,oracle_corrective,21,1.0,1.0,1.0,1.0,1.0
838,1,,question_only,12,1.0,1.0,1.0,1.0,1.0
838,1,,wrong_answer_conditioned,13,1.0,1.0,1.0,1.0,1.0
838,1,217,shuffled_wrong_answer_control,14,1.0,1.0,1.0,1.0,1.0
838,1,,oracle_corrective,14,1.0,1.0,1.0,1.0,1.0
838,2,,question_only,12,1.0,1.0,1.0,1.0,1.0
838,2,,wrong_answer_conditioned,13,1.0,1.0,1.0,1.0,1.0
838,2,36,shuffled_wrong_answer_control,13,1.0,1.0,1.0,1.0,1.0
838,2,,oracle_corrective,14,1.0,1.0,1.0,1.0,1.0
838,3,,question_only,12,1.0,1.0,1.0,1.0,1.0
838,3,,wrong_answer_conditioned,13,1.0,1.0,1.0,1.0,1.0
838,3,714,shuffled_wrong_answer_control,13,1.0,1.0,1.0,1.0,1.0
838,3,,oracle_corrective,14,1.0,1.0,1.0,1.0,1.0
839,1,,question_only,8,1.0,1.0,1.0,1.0,1.0
839,1,,wrong_answer_conditioned,10,1.0,1.0,1.0,1.0,1.0
839,1,750,shuffled_wrong_answer_control,10,1.0,1.0,1.0,1.0,1.0
839,1,,oracle_corrective,12,1.0,1.0,1.0,1.0,1.0
839,2,,question_only,8,1.0,1.0,1.0,1.0,1.0
839,2,,wrong_answer_conditioned,10,1.0,1.0,1.0,1.0,1.0
839,2,768,shuffled_wrong_answer_control,10,1.0,1.0,1.0,1.0,1.0
839,2,,oracle_corrective,12,1.0,1.0,1.0,1.0,1.0
839,3,,question_only,8,1.0,1.0,1.0,1.0,1.0
839,3,,wrong_answer_conditioned,10,1.0,1.0,1.0,1.0,1.0
839,3,18,shuffled_wrong_answer_control,11,1.0,1.0,1.0,1.0,1.0
839,3,,oracle_corrective,12,1.0,1.0,1.0,1.0,1.0
840,1,,question_only,12,1.0,1.0,1.0,1.0,1.0
840,1,,wrong_answer_conditioned,14,1.0,1.0,1.0,1.0,1.0
840,1,19,shuffled_wrong_answer_control,13,1.0,1.0,1.0,1.0,1.0
840,1,,oracle_corrective,16,1.0,1.0,1.0,1.0,1.0
840,2,,question_only,12,1.0,1.0,1.0,1.0,1.0
840,2,,wrong_answer_conditioned,16,1.0,1.0,1.0,1.0,1.0
840,2,817,shuffled_wrong_answer_control,13,1.0,1.0,1.0,1.0,1.0
840,2,,oracle_corrective,18,1.0,1.0,1.0,1.0,1.0
840,3,,question_only,12,1.0,1.0,1.0,1.0,1.0
840,3,,wrong_answer_conditioned,14,1.0,1.0,1.0,1.0,1.0
840,3,316,shuffled_wrong_answer_control,13,1.0,1.0,1.0,1.0,1.0
840,3,,oracle_corrective,16,1.0,1.0,1.0,1.0,1.0
841,1,,question_only,15,1.0,1.0,1.0,1.0,1.0
841,1,,wrong_answer_conditioned,16,1.0,1.0,1.0,1.0,1.0
841,1,614,shuffled_wrong_answer_control,16,1.0,1.0,1.0,1.0,1.0
841,1,,oracle_corrective,17,1.0,1.0,1.0,1.0,1.0
841,2,,question_only,15,1.0,1.0,1.0,1.0,1.0
841,2,,wrong_answer_conditioned,16,1.0,1.0,1.0,1.0,1.0
841,2,685,shuffled_wrong_answer_control,16,1.0,1.0,1.0,1.0,1.0
841,2,,oracle_corrective,17,1.0,1.0,1.0,1.0,1.0
841,3,,question_only,15,1.0,1.0,1.0,1.0,1.0
841,3,,wrong_answer_conditioned,16,1.0,1.0,1.0,1.0,1.0
841,3,617,shuffled_wrong_answer_control,16,1.0,1.0,1.0,1.0,1.0
841,3,,oracle_corrective,17,1.0,1.0,1.0,1.0,1.0
842,1,,question_only,28,1.0,1.0,1.0,1.0,1.0
842,1,,wrong_answer_conditioned,29,1.0,1.0,1.0,1.0,1.0
842,1,292,shuffled_wrong_answer_control,29,1.0,1.0,1.0,1.0,1.0
842,1,,oracle_corrective,30,1.0,1.0,1.0,1.0,1.0
842,2,,question_only,28,1.0,1.0,1.0,1.0,1.0
842,2,,wrong_answer_conditioned,29,1.0,1.0,1.0,1.0,1.0
842,2,383,shuffled_wrong_answer_control,29,1.0,1.0,1.0,1.0,1.0
842,2,,oracle_corrective,30,1.0,1.0,1.0,1.0,1.0
842,3,,question_only,28,1.0,1.0,1.0,1.0,1.0
842,3,,wrong_answer_conditioned,29,1.0,1.0,1.0,1.0,1.0
842,3,187,shuffled_wrong_answer_control,29,1.0,1.0,1.0,1.0,1.0
842,3,,oracle_corrective,30,1.0,1.0,1.0,1.0,1.0
843,1,,question_only,15,1.0,1.0,1.0,1.0,1.0
843,1,,wrong_answer_conditioned,16,1.0,1.0,1.0,1.0,1.0
843,1,815,shuffled_wrong_answer_control,16,1.0,1.0,1.0,1.0,1.0
843,1,,oracle_corrective,17,1.0,1.0,1.0,1.0,1.0
843,2,,question_only,15,1.0,1.0,1.0,1.0,1.0
843,2,,wrong_answer_conditioned,16,1.0,1.0,1.0,1.0,1.0
843,2,262,shuffled_wrong_answer_control,17,1.0,1.0,1.0,1.0,1.0
843,2,,oracle_corrective,17,1.0,1.0,1.0,1.0,1.0
843,3,,question_only,15,1.0,1.0,1.0,1.0,1.0
843,3,,wrong_answer_conditioned,16,1.0,1.0,1.0,1.0,1.0
843,3,16,shuffled_wrong_answer_control,16,1.0,1.0,1.0,1.0,1.0
843,3,,oracle_corrective,17,1.0,1.0,1.0,1.0,1.0
844,1,,question_only,10,0.25,0.0,0.0,1.0,0.43067655807339306
844,1,,wrong_answer_conditioned,11,1.0,1.0,1.0,1.0,1.0
844,1,506,shuffled_wrong_answer_control,12,0.0,0.0,0.0,0.0,0.0
844,1,,oracle_corrective,12,1.0,1.0,1.0,1.0,1.0
844,2,,question_only,10,0.25,0.0,0.0,1.0,0.43067655807339306
844,2,,wrong_answer_conditioned,11,0.25,0.0,0.0,1.0,0.43067655807339306
844,2,114,shuffled_wrong_answer_control,11,0.0,0.0,0.0,0.0,0.0
844,2,,oracle_corrective,12,0.2,0.0,0.0,1.0,0.38685280723454163
844,3,,question_only,10,0.25,0.0,0.0,1.0,0.43067655807339306
844,3,,wrong_answer_conditioned,11,0.2,0.0,0.0,1.0,0.38685280723454163
844,3,182,shuffled_wrong_answer_control,13,0.0,0.0,0.0,0.0,0.0
844,3,,oracle_corrective,12,0.2,0.0,0.0,1.0,0.38685280723454163
845,1,,question_only,13,1.0,1.0,1.0,1.0,1.0
845,1,,wrong_answer_conditioned,15,1.0,1.0,1.0,1.0,1.0
845,1,749,shuffled_wrong_answer_control,14,1.0,1.0,1.0,1.0,1.0
845,1,,oracle_corrective,17,1.0,1.0,1.0,1.0,1.0
845,2,,question_only,13,1.0,1.0,1.0,1.0,1.0
845,2,,wrong_answer_conditioned,15,1.0,1.0,1.0,1.0,1.0
845,2,618,shuffled_wrong_answer_control,14,1.0,1.0,1.0,1.0,1.0
845,2,,oracle_corrective,17,1.0,1.0,1.0,1.0,1.0
845,3,,question_only,13,1.0,1.0,1.0,1.0,1.0
845,3,,wrong_answer_conditioned,15,1.0,1.0,1.0,1.0,1.0
845,3,476,shuffled_wrong_answer_control,14,1.0,1.0,1.0,1.0,1.0
845,3,,oracle_corrective,17,1.0,1.0,1.0,1.0,1.0
846,1,,question_only,10,1.0,1.0,1.0,1.0,1.0
846,1,,wrong_answer_conditioned,11,1.0,1.0,1.0,1.0,1.0
846,1,483,shuffled_wrong_answer_control,11,1.0,1.0,1.0,1.0,1.0
846,1,,oracle_corrective,12,1.0,1.0,1.0,1.0,1.0
846,2,,question_only,10,1.0,1.0,1.0,1.0,1.0
846,2,,wrong_answer_conditioned,11,1.0,1.0,1.0,1.0,1.0
846,2,683,shuffled_wrong_answer_control,11,1.0,1.0,1.0,1.0,1.0
846,2,,oracle_corrective,12,1.0,1.0,1.0,1.0,1.0
846,3,,question_only,10,1.0,1.0,1.0,1.0,1.0
846,3,,wrong_answer_conditioned,11,1.0,1.0,1.0,1.0,1.0
846,3,342,shuffled_wrong_answer_control,12,1.0,1.0,1.0,1.0,1.0
846,3,,oracle_corrective,12,1.0,1.0,1.0,1.0,1.0
847,1,,question_only,14,1.0,1.0,1.0,1.0,1.0
847,1,,wrong_answer_conditioned,17,1.0,1.0,1.0,1.0,1.0
847,1,220,shuffled_wrong_answer_control,16,1.0,1.0,1.0,1.0,1.0
847,1,,oracle_corrective,19,1.0,1.0,1.0,1.0,1.0
847,2,,question_only,14,1.0,1.0,1.0,1.0,1.0
847,2,,wrong_answer_conditioned,15,1.0,1.0,1.0,1.0,1.0
847,2,646,shuffled_wrong_answer_control,15,1.0,1.0,1.0,1.0,1.0
847,2,,oracle_corrective,17,1.0,1.0,1.0,1.0,1.0
847,3,,question_only,14,1.0,1.0,1.0,1.0,1.0
847,3,,wrong_answer_conditioned,16,1.0,1.0,1.0,1.0,1.0
847,3,709,shuffled_wrong_answer_control,15,1.0,1.0,1.0,1.0,1.0
847,3,,oracle_corrective,18,1.0,1.0,1.0,1.0,1.0
848,1,,question_only,7,1.0,1.0,1.0,1.0,1.0
848,1,,wrong_answer_conditioned,8,1.0,1.0,1.0,1.0,1.0
848,1,751,shuffled_wrong_answer_control,8,1.0,1.0,1.0,1.0,1.0
848,1,,oracle_corrective,9,1.0,1.0,1.0,1.0,1.0
848,2,,question_only,7,1.0,1.0,1.0,1.0,1.0
848,2,,wrong_answer_conditioned,8,1.0,1.0,1.0,1.0,1.0
848,2,418,shuffled_wrong_answer_control,8,1.0,1.0,1.0,1.0,1.0
848,2,,oracle_corrective,9,1.0,1.0,1.0,1.0,1.0
848,3,,question_only,7,1.0,1.0,1.0,1.0,1.0
848,3,,wrong_answer_conditioned,8,1.0,1.0,1.0,1.0,1.0
848,3,43,shuffled_wrong_answer_control,8,1.0,1.0,1.0,1.0,1.0
848,3,,oracle_corrective,9,1.0,1.0,1.0,1.0,1.0
849,1,,question_only,5,1.0,1.0,1.0,1.0,1.0
849,1,,wrong_answer_conditioned,9,1.0,1.0,1.0,1.0,1.0
849,1,175,shuffled_wrong_answer_control,6,1.0,1.0,1.0,1.0,1.0
849,1,,oracle_corrective,13,1.0,1.0,1.0,1.0,1.0
849,2,,question_only,5,1.0,1.0,1.0,1.0,1.0
849,2,,wrong_answer_conditioned,9,1.0,1.0,1.0,1.0,1.0
849,2,474,shuffled_wrong_answer_control,6,1.0,1.0,1.0,1.0,1.0
849,2,,oracle_corrective,13,1.0,1.0,1.0,1.0,1.0
849,3,,question_only,5,1.0,1.0,1.0,1.0,1.0
849,3,,wrong_answer_conditioned,9,1.0,1.0,1.0,1.0,1.0
849,3,772,shuffled_wrong_answer_control,6,1.0,1.0,1.0,1.0,1.0
849,3,,oracle_corrective,13,1.0,1.0,1.0,1.0,1.0
850,1,,question_only,9,1.0,1.0,1.0,1.0,1.0
850,1,,wrong_answer_conditioned,10,1.0,1.0,1.0,1.0,1.0
850,1,290,shuffled_wrong_answer_control,10,1.0,1.0,1.0,1.0,1.0
850,1,,oracle_corrective,11,1.0,1.0,1.0,1.0,1.0
850,2,,question_only,9,1.0,1.0,1.0,1.0,1.0
850,2,,wrong_answer_conditioned,10,1.0,1.0,1.0,1.0,1.0
850,2,109,shuffled_wrong_answer_control,10,1.0,1.0,1.0,1.0,1.0
850,2,,oracle_corrective,11,1.0,1.0,1.0,1.0,1.0
850,3,,question_only,9,1.0,1.0,1.0,1.0,1.0
850,3,,wrong_answer_conditioned,10,1.0,1.0,1.0,1.0,1.0
850,3,119,shuffled_wrong_answer_control,11,1.0,1.0,1.0,1.0,1.0
850,3,,oracle_corrective,11,1.0,1.0,1.0,1.0,1.0
851,1,,question_only,5,0.5,0.0,1.0,1.0,0.6309297535714575
851,1,,wrong_answer_conditioned,6,0.5,0.0,1.0,1.0,0.6309297535714575
851,1,137,shuffled_wrong_answer_control,7,0.5,0.0,1.0,1.0,0.6309297535714575
851,1,,oracle_corrective,8,1.0,1.0,1.0,1.0,1.0
851,2,,question_only,5,0.5,0.0,1.0,1.0,0.6309297535714575
851,2,,wrong_answer_conditioned,7,0.5,0.0,1.0,1.0,0.6309297535714575
851,2,568,shuffled_wrong_answer_control,7,0.5,0.0,1.0,1.0,0.6309297535714575
851,2,,oracle_corrective,9,1.0,1.0,1.0,1.0,1.0
851,3,,question_only,5,0.5,0.0,1.0,1.0,0.6309297535714575
851,3,,wrong_answer_conditioned,7,0.5,0.0,1.0,1.0,0.6309297535714575
851,3,41,shuffled_wrong_answer_control,6,0.5,0.0,1.0,1.0,0.6309297535714575
851,3,,oracle_corrective,9,1.0,1.0,1.0,1.0,1.0
852,1,,question_only,14,1.0,1.0,1.0,1.0,1.0
852,1,,wrong_answer_conditioned,15,1.0,1.0,1.0,1.0,1.0
852,1,371,shuffled_wrong_answer_control,15,1.0,1.0,1.0,1.0,1.0
852,1,,oracle_corrective,16,1.0,1.0,1.0,1.0,1.0
852,2,,question_only,14,1.0,1.0,1.0,1.0,1.0
852,2,,wrong_answer_conditioned,15,1.0,1.0,1.0,1.0,1.0
852,2,2,shuffled_wrong_answer_control,15,1.0,1.0,1.0,1.0,1.0
852,2,,oracle_corrective,16,1.0,1.0,1.0,1.0,1.0
852,3,,question_only,14,1.0,1.0,1.0,1.0,1.0
852,3,,wrong_answer_conditioned,15,1.0,1.0,1.0,1.0,1.0
852,3,350,shuffled_wrong_answer_control,15,1.0,1.0,1.0,1.0,1.0
852,3,,oracle_corrective,16,1.0,1.0,1.0,1.0,1.0
853,1,,question_only,13,1.0,1.0,1.0,1.0,1.0
853,1,,wrong_answer_conditioned,14,1.0,1.0,1.0,1.0,1.0
853,1,541,shuffled_wrong_answer_control,14,1.0,1.0,1.0,1.0,1.0
853,1,,oracle_corrective,16,1.0,1.0,1.0,1.0,1.0
853,2,,question_only,13,1.0,1.0,1.0,1.0,1.0
853,2,,wrong_answer_conditioned,14,1.0,1.0,1.0,1.0,1.0
853,2,596,shuffled_wrong_answer_control,14,1.0,1.0,1.0,1.0,1.0
853,2,,oracle_corrective,16,1.0,1.0,1.0,1.0,1.0
853,3,,question_only,13,1.0,1.0,1.0,1.0,1.0
853,3,,wrong_answer_conditioned,14,1.0,1.0,1.0,1.0,1.0
853,3,393,shuffled_wrong_answer_control,16,1.0,1.0,1.0,1.0,1.0
853,3,,oracle_corrective,16,1.0,1.0,1.0,1.0,1.0
854,1,,question_only,6,1.0,1.0,1.0,1.0,1.0
854,1,,wrong_answer_conditioned,7,1.0,1.0,1.0,1.0,1.0
854,1,492,shuffled_wrong_answer_control,7,1.0,1.0,1.0,1.0,1.0
854,1,,oracle_corrective,9,1.0,1.0,1.0,1.0,1.0
854,2,,question_only,6,1.0,1.0,1.0,1.0,1.0
854,2,,wrong_answer_conditioned,8,1.0,1.0,1.0,1.0,1.0
854,2,390,shuffled_wrong_answer_control,8,1.0,1.0,1.0,1.0,1.0
854,2,,oracle_corrective,10,1.0,1.0,1.0,1.0,1.0
854,3,,question_only,6,1.0,1.0,1.0,1.0,1.0
854,3,,wrong_answer_conditioned,8,1.0,1.0,1.0,1.0,1.0
854,3,728,shuffled_wrong_answer_control,7,1.0,1.0,1.0,1.0,1.0
854,3,,oracle_corrective,10,1.0,1.0,1.0,1.0,1.0
855,1,,question_only,15,1.0,1.0,1.0,1.0,1.0
855,1,,wrong_answer_conditioned,16,1.0,1.0,1.0,1.0,1.0
855,1,542,shuffled_wrong_answer_control,16,1.0,1.0,1.0,1.0,1.0
855,1,,oracle_corrective,17,1.0,1.0,1.0,1.0,1.0
855,2,,question_only,15,1.0,1.0,1.0,1.0,1.0
855,2,,wrong_answer_conditioned,16,1.0,1.0,1.0,1.0,1.0
855,2,450,shuffled_wrong_answer_control,17,1.0,1.0,1.0,1.0,1.0
855,2,,oracle_corrective,17,1.0,1.0,1.0,1.0,1.0
855,3,,question_only,15,1.0,1.0,1.0,1.0,1.0
855,3,,wrong_answer_conditioned,16,1.0,1.0,1.0,1.0,1.0
855,3,368,shuffled_wrong_answer_control,16,1.0,1.0,1.0,1.0,1.0
855,3,,oracle_corrective,17,1.0,1.0,1.0,1.0,1.0
856,1,,question_only,7,1.0,1.0,1.0,1.0,1.0
856,1,,wrong_answer_conditioned,8,1.0,1.0,1.0,1.0,1.0
856,1,551,shuffled_wrong_answer_control,8,1.0,1.0,1.0,1.0,1.0
856,1,,oracle_corrective,9,1.0,1.0,1.0,1.0,1.0
856,2,,question_only,7,1.0,1.0,1.0,1.0,1.0
856,2,,wrong_answer_conditioned,8,1.0,1.0,1.0,1.0,1.0
856,2,37,shuffled_wrong_answer_control,9,1.0,1.0,1.0,1.0,1.0
856,2,,oracle_corrective,9,1.0,1.0,1.0,1.0,1.0
856,3,,question_only,7,1.0,1.0,1.0,1.0,1.0
856,3,,wrong_answer_conditioned,8,1.0,1.0,1.0,1.0,1.0
856,3,518,shuffled_wrong_answer_control,9,1.0,1.0,1.0,1.0,1.0
856,3,,oracle_corrective,9,1.0,1.0,1.0,1.0,1.0
857,1,,question_only,18,1.0,1.0,1.0,1.0,1.0
857,1,,wrong_answer_conditioned,19,1.0,1.0,1.0,1.0,1.0
857,1,594,shuffled_wrong_answer_control,19,1.0,1.0,1.0,1.0,1.0
857,1,,oracle_corrective,20,1.0,1.0,1.0,1.0,1.0
857,2,,question_only,18,1.0,1.0,1.0,1.0,1.0
857,2,,wrong_answer_conditioned,19,1.0,1.0,1.0,1.0,1.0
857,2,191,shuffled_wrong_answer_control,20,1.0,1.0,1.0,1.0,1.0
857,2,,oracle_corrective,20,1.0,1.0,1.0,1.0,1.0
857,3,,question_only,18,1.0,1.0,1.0,1.0,1.0
857,3,,wrong_answer_conditioned,19,1.0,1.0,1.0,1.0,1.0
857,3,52,shuffled_wrong_answer_control,19,1.0,1.0,1.0,1.0,1.0
857,3,,oracle_corrective,20,1.0,1.0,1.0,1.0,1.0
858,1,,question_only,24,1.0,1.0,1.0,1.0,1.0
858,1,,wrong_answer_conditioned,26,1.0,1.0,1.0,1.0,1.0
858,1,653,shuffled_wrong_answer_control,26,1.0,1.0,1.0,1.0,1.0
858,1,,oracle_corrective,28,1.0,1.0,1.0,1.0,1.0
858,2,,question_only,24,1.0,1.0,1.0,1.0,1.0
858,2,,wrong_answer_conditioned,26,1.0,1.0,1.0,1.0,1.0
858,2,603,shuffled_wrong_answer_control,25,1.0,1.0,1.0,1.0,1.0
858,2,,oracle_corrective,28,1.0,1.0,1.0,1.0,1.0
858,3,,question_only,24,1.0,1.0,1.0,1.0,1.0
858,3,,wrong_answer_conditioned,26,1.0,1.0,1.0,1.0,1.0
858,3,59,shuffled_wrong_answer_control,25,1.0,1.0,1.0,1.0,1.0
858,3,,oracle_corrective,28,1.0,1.0,1.0,1.0,1.0
859,1,,question_only,13,1.0,1.0,1.0,1.0,1.0
859,1,,wrong_answer_conditioned,15,1.0,1.0,1.0,1.0,1.0
859,1,139,shuffled_wrong_answer_control,14,1.0,1.0,1.0,1.0,1.0
859,1,,oracle_corrective,17,1.0,1.0,1.0,1.0,1.0
859,2,,question_only,13,1.0,1.0,1.0,1.0,1.0
859,2,,wrong_answer_conditioned,15,1.0,1.0,1.0,1.0,1.0
859,2,381,shuffled_wrong_answer_control,14,1.0,1.0,1.0,1.0,1.0
859,2,,oracle_corrective,17,1.0,1.0,1.0,1.0,1.0
859,3,,question_only,13,1.0,1.0,1.0,1.0,1.0
859,3,,wrong_answer_conditioned,15,1.0,1.0,1.0,1.0,1.0
859,3,200,shuffled_wrong_answer_control,15,1.0,1.0,1.0,1.0,1.0
859,3,,oracle_corrective,17,1.0,1.0,1.0,1.0,1.0
860,1,,question_only,14,1.0,1.0,1.0,1.0,1.0
860,1,,wrong_answer_conditioned,15,1.0,1.0,1.0,1.0,1.0
860,1,545,shuffled_wrong_answer_control,15,1.0,1.0,1.0,1.0,1.0
860,1,,oracle_corrective,16,1.0,1.0,1.0,1.0,1.0
860,2,,question_only,14,1.0,1.0,1.0,1.0,1.0
860,2,,wrong_answer_conditioned,15,1.0,1.0,1.0,1.0,1.0
860,2,62,shuffled_wrong_answer_control,16,1.0,1.0,1.0,1.0,1.0
860,2,,oracle_corrective,16,1.0,1.0,1.0,1.0,1.0
860,3,,question_only,14,1.0,1.0,1.0,1.0,1.0
860,3,,wrong_answer_conditioned,15,1.0,1.0,1.0,1.0,1.0
860,3,509,shuffled_wrong_answer_control,15,1.0,1.0,1.0,1.0,1.0
860,3,,oracle_corrective,16,1.0,1.0,1.0,1.0,1.0
861,1,,question_only,18,0.5,0.0,1.0,1.0,0.6309297535714575
861,1,,wrong_answer_conditioned,19,0.5,0.0,1.0,1.0,0.6309297535714575
861,1,8,shuffled_wrong_answer_control,20,0.5,0.0,1.0,1.0,0.6309297535714575
861,1,,oracle_corrective,20,0.5,0.0,1.0,1.0,0.6309297535714575
861,2,,question_only,18,0.5,0.0,1.0,1.0,0.6309297535714575
861,2,,wrong_answer_conditioned,19,0.5,0.0,1.0,1.0,0.6309297535714575
861,2,594,shuffled_wrong_answer_control,19,0.5,0.0,1.0,1.0,0.6309297535714575
861,2,,oracle_corrective,20,0.5,0.0,1.0,1.0,0.6309297535714575
861,3,,question_only,18,0.5,0.0,1.0,1.0,0.6309297535714575
861,3,,wrong_answer_conditioned,19,1.0,1.0,1.0,1.0,1.0
861,3,603,shuffled_wrong_answer_control,19,0.5,0.0,1.0,1.0,0.6309297535714575
861,3,,oracle_corrective,20,1.0,1.0,1.0,1.0,1.0
862,1,,question_only,13,1.0,1.0,1.0,1.0,1.0
862,1,,wrong_answer_conditioned,14,1.0,1.0,1.0,1.0,1.0
862,1,569,shuffled_wrong_answer_control,14,1.0,1.0,1.0,1.0,1.0
862,1,,oracle_corrective,15,1.0,1.0,1.0,1.0,1.0
862,2,,question_only,13,1.0,1.0,1.0,1.0,1.0
862,2,,wrong_answer_conditioned,14,0.5,0.0,1.0,1.0,0.6309297535714575
862,2,52,shuffled_wrong_answer_control,14,1.0,1.0,1.0,1.0,1.0
862,2,,oracle_corrective,15,1.0,1.0,1.0,1.0,1.0
862,3,,question_only,13,1.0,1.0,1.0,1.0,1.0
862,3,,wrong_answer_conditioned,14,1.0,1.0,1.0,1.0,1.0
862,3,179,shuffled_wrong_answer_control,14,1.0,1.0,1.0,1.0,1.0
862,3,,oracle_corrective,15,1.0,1.0,1.0,1.0,1.0
863,1,,question_only,18,1.0,1.0,1.0,1.0,1.0
863,1,,wrong_answer_conditioned,20,1.0,1.0,1.0,1.0,1.0
863,1,493,shuffled_wrong_answer_control,20,1.0,1.0,1.0,1.0,1.0
863,1,,oracle_corrective,22,1.0,1.0,1.0,1.0,1.0
863,2,,question_only,18,1.0,1.0,1.0,1.0,1.0
863,2,,wrong_answer_conditioned,20,1.0,1.0,1.0,1.0,1.0
863,2,639,shuffled_wrong_answer_control,19,1.0,1.0,1.0,1.0,1.0
863,2,,oracle_corrective,22,1.0,1.0,1.0,1.0,1.0
863,3,,question_only,18,1.0,1.0,1.0,1.0,1.0
863,3,,wrong_answer_conditioned,20,1.0,1.0,1.0,1.0,1.0
863,3,850,shuffled_wrong_answer_control,19,1.0,1.0,1.0,1.0,1.0
863,3,,oracle_corrective,22,1.0,1.0,1.0,1.0,1.0
864,1,,question_only,7,1.0,1.0,1.0,1.0,1.0
864,1,,wrong_answer_conditioned,8,1.0,1.0,1.0,1.0,1.0
864,1,814,shuffled_wrong_answer_control,10,1.0,1.0,1.0,1.0,1.0
864,1,,oracle_corrective,9,1.0,1.0,1.0,1.0,1.0
864,2,,question_only,7,1.0,1.0,1.0,1.0,1.0
864,2,,wrong_answer_conditioned,9,1.0,1.0,1.0,1.0,1.0
864,2,216,shuffled_wrong_answer_control,9,1.0,1.0,1.0,1.0,1.0
864,2,,oracle_corrective,10,1.0,1.0,1.0,1.0,1.0
864,3,,question_only,7,1.0,1.0,1.0,1.0,1.0
864,3,,wrong_answer_conditioned,9,1.0,1.0,1.0,1.0,1.0
864,3,63,shuffled_wrong_answer_control,8,1.0,1.0,1.0,1.0,1.0
864,3,,oracle_corrective,10,1.0,1.0,1.0,1.0,1.0
865,1,,question_only,9,1.0,1.0,1.0,1.0,1.0
865,1,,wrong_answer_conditioned,10,1.0,1.0,1.0,1.0,1.0
865,1,873,shuffled_wrong_answer_control,11,1.0,1.0,1.0,1.0,1.0
865,1,,oracle_corrective,11,1.0,1.0,1.0,1.0,1.0
865,2,,question_only,9,1.0,1.0,1.0,1.0,1.0
865,2,,wrong_answer_conditioned,10,1.0,1.0,1.0,1.0,1.0
865,2,257,shuffled_wrong_answer_control,11,1.0,1.0,1.0,1.0,1.0
865,2,,oracle_corrective,11,1.0,1.0,1.0,1.0,1.0
865,3,,question_only,9,1.0,1.0,1.0,1.0,1.0
865,3,,wrong_answer_conditioned,10,1.0,1.0,1.0,1.0,1.0
865,3,590,shuffled_wrong_answer_control,11,1.0,1.0,1.0,1.0,1.0
865,3,,oracle_corrective,11,1.0,1.0,1.0,1.0,1.0
866,1,,question_only,8,1.0,1.0,1.0,1.0,1.0
866,1,,wrong_answer_conditioned,11,1.0,1.0,1.0,1.0,1.0
866,1,296,shuffled_wrong_answer_control,9,1.0,1.0,1.0,1.0,1.0
866,1,,oracle_corrective,14,1.0,1.0,1.0,1.0,1.0
866,2,,question_only,8,1.0,1.0,1.0,1.0,1.0
866,2,,wrong_answer_conditioned,11,1.0,1.0,1.0,1.0,1.0
866,2,185,shuffled_wrong_answer_control,9,1.0,1.0,1.0,1.0,1.0
866,2,,oracle_corrective,14,1.0,1.0,1.0,1.0,1.0
866,3,,question_only,8,1.0,1.0,1.0,1.0,1.0
866,3,,wrong_answer_conditioned,11,1.0,1.0,1.0,1.0,1.0
866,3,30,shuffled_wrong_answer_control,9,1.0,1.0,1.0,1.0,1.0
866,3,,oracle_corrective,14,1.0,1.0,1.0,1.0,1.0
867,1,,question_only,11,1.0,1.0,1.0,1.0,1.0
867,1,,wrong_answer_conditioned,13,1.0,1.0,1.0,1.0,1.0
867,1,245,shuffled_wrong_answer_control,13,1.0,1.0,1.0,1.0,1.0
867,1,,oracle_corrective,15,1.0,1.0,1.0,1.0,1.0
867,2,,question_only,11,1.0,1.0,1.0,1.0,1.0
867,2,,wrong_answer_conditioned,13,1.0,1.0,1.0,1.0,1.0
867,2,41,shuffled_wrong_answer_control,14,1.0,1.0,1.0,1.0,1.0
867,2,,oracle_corrective,15,1.0,1.0,1.0,1.0,1.0
867,3,,question_only,11,1.0,1.0,1.0,1.0,1.0
867,3,,wrong_answer_conditioned,13,1.0,1.0,1.0,1.0,1.0
867,3,85,shuffled_wrong_answer_control,13,1.0,1.0,1.0,1.0,1.0
867,3,,oracle_corrective,15,1.0,1.0,1.0,1.0,1.0
868,1,,question_only,10,1.0,1.0,1.0,1.0,1.0
868,1,,wrong_answer_conditioned,11,1.0,1.0,1.0,1.0,1.0
868,1,417,shuffled_wrong_answer_control,11,1.0,1.0,1.0,1.0,1.0
868,1,,oracle_corrective,12,1.0,1.0,1.0,1.0,1.0
868,2,,question_only,10,1.0,1.0,1.0,1.0,1.0
868,2,,wrong_answer_conditioned,11,1.0,1.0,1.0,1.0,1.0
868,2,414,shuffled_wrong_answer_control,12,1.0,1.0,1.0,1.0,1.0
868,2,,oracle_corrective,12,1.0,1.0,1.0,1.0,1.0
868,3,,question_only,10,1.0,1.0,1.0,1.0,1.0
868,3,,wrong_answer_conditioned,11,1.0,1.0,1.0,1.0,1.0
868,3,81,shuffled_wrong_answer_control,11,1.0,1.0,1.0,1.0,1.0
868,3,,oracle_corrective,12,1.0,1.0,1.0,1.0,1.0
869,1,,question_only,11,1.0,1.0,1.0,1.0,1.0
869,1,,wrong_answer_conditioned,12,1.0,1.0,1.0,1.0,1.0
869,1,635,shuffled_wrong_answer_control,13,1.0,1.0,1.0,1.0,1.0
869,1,,oracle_corrective,13,1.0,1.0,1.0,1.0,1.0
869,2,,question_only,11,1.0,1.0,1.0,1.0,1.0
869,2,,wrong_answer_conditioned,12,1.0,1.0,1.0,1.0,1.0
869,2,198,shuffled_wrong_answer_control,12,1.0,1.0,1.0,1.0,1.0
869,2,,oracle_corrective,13,1.0,1.0,1.0,1.0,1.0
869,3,,question_only,11,1.0,1.0,1.0,1.0,1.0
869,3,,wrong_answer_conditioned,12,1.0,1.0,1.0,1.0,1.0
869,3,369,shuffled_wrong_answer_control,12,1.0,1.0,1.0,1.0,1.0
869,3,,oracle_corrective,13,1.0,1.0,1.0,1.0,1.0
870,1,,question_only,15,1.0,1.0,1.0,1.0,1.0
870,1,,wrong_answer_conditioned,16,1.0,1.0,1.0,1.0,1.0
870,1,804,shuffled_wrong_answer_control,16,1.0,1.0,1.0,1.0,1.0
870,1,,oracle_corrective,17,1.0,1.0,1.0,1.0,1.0
870,2,,question_only,15,1.0,1.0,1.0,1.0,1.0
870,2,,wrong_answer_conditioned,16,1.0,1.0,1.0,1.0,1.0
870,2,361,shuffled_wrong_answer_control,16,1.0,1.0,1.0,1.0,1.0
870,2,,oracle_corrective,17,1.0,1.0,1.0,1.0,1.0
870,3,,question_only,15,1.0,1.0,1.0,1.0,1.0
870,3,,wrong_answer_conditioned,16,1.0,1.0,1.0,1.0,1.0
870,3,418,shuffled_wrong_answer_control,16,1.0,1.0,1.0,1.0,1.0
870,3,,oracle_corrective,17,1.0,1.0,1.0,1.0,1.0
871,1,,question_only,20,1.0,1.0,1.0,1.0,1.0
871,1,,wrong_answer_conditioned,22,1.0,1.0,1.0,1.0,1.0
871,1,791,shuffled_wrong_answer_control,21,1.0,1.0,1.0,1.0,1.0
871,1,,oracle_corrective,24,1.0,1.0,1.0,1.0,1.0
871,2,,question_only,20,1.0,1.0,1.0,1.0,1.0
871,2,,wrong_answer_conditioned,22,1.0,1.0,1.0,1.0,1.0
871,2,802,shuffled_wrong_answer_control,21,1.0,1.0,1.0,1.0,1.0
871,2,,oracle_corrective,24,1.0,1.0,1.0,1.0,1.0
871,3,,question_only,20,1.0,1.0,1.0,1.0,1.0
871,3,,wrong_answer_conditioned,22,1.0,1.0,1.0,1.0,1.0
871,3,513,shuffled_wrong_answer_control,22,1.0,1.0,1.0,1.0,1.0
871,3,,oracle_corrective,24,1.0,1.0,1.0,1.0,1.0
872,1,,question_only,10,1.0,1.0,1.0,1.0,1.0
872,1,,wrong_answer_conditioned,11,1.0,1.0,1.0,1.0,1.0
872,1,772,shuffled_wrong_answer_control,11,1.0,1.0,1.0,1.0,1.0
872,1,,oracle_corrective,12,1.0,1.0,1.0,1.0,1.0
872,2,,question_only,10,1.0,1.0,1.0,1.0,1.0
872,2,,wrong_answer_conditioned,11,1.0,1.0,1.0,1.0,1.0
872,2,748,shuffled_wrong_answer_control,11,1.0,1.0,1.0,1.0,1.0
872,2,,oracle_corrective,12,1.0,1.0,1.0,1.0,1.0
872,3,,question_only,10,1.0,1.0,1.0,1.0,1.0
872,3,,wrong_answer_conditioned,11,1.0,1.0,1.0,1.0,1.0
872,3,818,shuffled_wrong_answer_control,11,1.0,1.0,1.0,1.0,1.0
872,3,,oracle_corrective,12,1.0,1.0,1.0,1.0,1.0
873,1,,question_only,13,1.0,1.0,1.0,1.0,1.0
873,1,,wrong_answer_conditioned,15,1.0,1.0,1.0,1.0,1.0
873,1,170,shuffled_wrong_answer_control,15,1.0,1.0,1.0,1.0,1.0
873,1,,oracle_corrective,17,1.0,1.0,1.0,1.0,1.0
873,2,,question_only,13,1.0,1.0,1.0,1.0,1.0
873,2,,wrong_answer_conditioned,15,1.0,1.0,1.0,1.0,1.0
873,2,524,shuffled_wrong_answer_control,17,1.0,1.0,1.0,1.0,1.0
873,2,,oracle_corrective,17,1.0,1.0,1.0,1.0,1.0
873,3,,question_only,13,1.0,1.0,1.0,1.0,1.0
873,3,,wrong_answer_conditioned,15,1.0,1.0,1.0,1.0,1.0
873,3,874,shuffled_wrong_answer_control,14,1.0,1.0,1.0,1.0,1.0
873,3,,oracle_corrective,17,1.0,1.0,1.0,1.0,1.0
874,1,,question_only,12,1.0,1.0,1.0,1.0,1.0
874,1,,wrong_answer_conditioned,13,1.0,1.0,1.0,1.0,1.0
874,1,263,shuffled_wrong_answer_control,13,1.0,1.0,1.0,1.0,1.0
874,1,,oracle_corrective,14,1.0,1.0,1.0,1.0,1.0
874,2,,question_only,12,1.0,1.0,1.0,1.0,1.0
874,2,,wrong_answer_conditioned,13,1.0,1.0,1.0,1.0,1.0
874,2,19,shuffled_wrong_answer_control,13,1.0,1.0,1.0,1.0,1.0
874,2,,oracle_corrective,14,1.0,1.0,1.0,1.0,1.0
874,3,,question_only,12,1.0,1.0,1.0,1.0,1.0
874,3,,wrong_answer_conditioned,13,1.0,1.0,1.0,1.0,1.0
874,3,230,shuffled_wrong_answer_control,13,1.0,1.0,1.0,1.0,1.0
874,3,,oracle_corrective,14,1.0,1.0,1.0,1.0,1.0
875,1,,question_only,11,1.0,1.0,1.0,1.0,1.0
875,1,,wrong_answer_conditioned,13,1.0,1.0,1.0,1.0,1.0
875,1,254,shuffled_wrong_answer_control,12,1.0,1.0,1.0,1.0,1.0
875,1,,oracle_corrective,17,1.0,1.0,1.0,1.0,1.0
875,2,,question_only,11,1.0,1.0,1.0,1.0,1.0
875,2,,wrong_answer_conditioned,14,1.0,1.0,1.0,1.0,1.0
875,2,178,shuffled_wrong_answer_control,12,1.0,1.0,1.0,1.0,1.0
875,2,,oracle_corrective,18,1.0,1.0,1.0,1.0,1.0
875,3,,question_only,11,1.0,1.0,1.0,1.0,1.0
875,3,,wrong_answer_conditioned,14,1.0,1.0,1.0,1.0,1.0
875,3,773,shuffled_wrong_answer_control,12,1.0,1.0,1.0,1.0,1.0
875,3,,oracle_corrective,18,1.0,1.0,1.0,1.0,1.0
876,1,,question_only,11,1.0,1.0,1.0,1.0,1.0
876,1,,wrong_answer_conditioned,12,1.0,1.0,1.0,1.0,1.0
876,1,126,shuffled_wrong_answer_control,12,1.0,1.0,1.0,1.0,1.0
876,1,,oracle_corrective,13,1.0,1.0,1.0,1.0,1.0
876,2,,question_only,11,1.0,1.0,1.0,1.0,1.0
876,2,,wrong_answer_conditioned,13,1.0,1.0,1.0,1.0,1.0
876,2,362,shuffled_wrong_answer_control,12,1.0,1.0,1.0,1.0,1.0
876,2,,oracle_corrective,14,1.0,1.0,1.0,1.0,1.0
876,3,,question_only,11,1.0,1.0,1.0,1.0,1.0
876,3,,wrong_answer_conditioned,12,1.0,1.0,1.0,1.0,1.0
876,3,531,shuffled_wrong_answer_control,12,1.0,1.0,1.0,1.0,1.0
876,3,,oracle_corrective,13,1.0,1.0,1.0,1.0,1.0
877,1,,question_only,7,1.0,1.0,1.0,1.0,1.0
877,1,,wrong_answer_conditioned,9,1.0,1.0,1.0,1.0,1.0
877,1,439,shuffled_wrong_answer_control,9,1.0,1.0,1.0,1.0,1.0
877,1,,oracle_corrective,11,1.0,1.0,1.0,1.0,1.0
877,2,,question_only,7,1.0,1.0,1.0,1.0,1.0
877,2,,wrong_answer_conditioned,9,1.0,1.0,1.0,1.0,1.0
877,2,263,shuffled_wrong_answer_control,8,1.0,1.0,1.0,1.0,1.0
877,2,,oracle_corrective,11,1.0,1.0,1.0,1.0,1.0
877,3,,question_only,7,1.0,1.0,1.0,1.0,1.0
877,3,,wrong_answer_conditioned,9,1.0,1.0,1.0,1.0,1.0
877,3,646,shuffled_wrong_answer_control,8,1.0,1.0,1.0,1.0,1.0
877,3,,oracle_corrective,11,1.0,1.0,1.0,1.0,1.0
878,1,,question_only,13,1.0,1.0,1.0,1.0,1.0
878,1,,wrong_answer_conditioned,14,1.0,1.0,1.0,1.0,1.0
878,1,669,shuffled_wrong_answer_control,15,1.0,1.0,1.0,1.0,1.0
878,1,,oracle_corrective,15,1.0,1.0,1.0,1.0,1.0
878,2,,question_only,13,1.0,1.0,1.0,1.0,1.0
878,2,,wrong_answer_conditioned,14,1.0,1.0,1.0,1.0,1.0
878,2,22,shuffled_wrong_answer_control,14,1.0,1.0,1.0,1.0,1.0
878,2,,oracle_corrective,15,1.0,1.0,1.0,1.0,1.0
878,3,,question_only,13,1.0,1.0,1.0,1.0,1.0
878,3,,wrong_answer_conditioned,15,1.0,1.0,1.0,1.0,1.0
878,3,627,shuffled_wrong_answer_control,14,1.0,1.0,1.0,1.0,1.0
878,3,,oracle_corrective,16,1.0,1.0,1.0,1.0,1.0
879,1,,question_only,10,1.0,1.0,1.0,1.0,1.0
879,1,,wrong_answer_conditioned,14,1.0,1.0,1.0,1.0,1.0
879,1,42,shuffled_wrong_answer_control,13,1.0,1.0,1.0,1.0,1.0
879,1,,oracle_corrective,17,1.0,1.0,1.0,1.0,1.0
879,2,,question_only,10,1.0,1.0,1.0,1.0,1.0
879,2,,wrong_answer_conditioned,13,1.0,1.0,1.0,1.0,1.0
879,2,72,shuffled_wrong_answer_control,11,1.0,1.0,1.0,1.0,1.0
879,2,,oracle_corrective,16,1.0,1.0,1.0,1.0,1.0
879,3,,question_only,10,1.0,1.0,1.0,1.0,1.0
879,3,,wrong_answer_conditioned,13,1.0,1.0,1.0,1.0,1.0
879,3,42,shuffled_wrong_answer_control,12,1.0,1.0,1.0,1.0,1.0
879,3,,oracle_corrective,16,1.0,1.0,1.0,1.0,1.0
880,1,,question_only,17,1.0,1.0,1.0,1.0,1.0
880,1,,wrong_answer_conditioned,18,1.0,1.0,1.0,1.0,1.0
880,1,406,shuffled_wrong_answer_control,19,1.0,1.0,1.0,1.0,1.0
880,1,,oracle_corrective,19,1.0,1.0,1.0,1.0,1.0
880,2,,question_only,17,1.0,1.0,1.0,1.0,1.0
880,2,,wrong_answer_conditioned,18,1.0,1.0,1.0,1.0,1.0
880,2,764,shuffled_wrong_answer_control,18,1.0,1.0,1.0,1.0,1.0
880,2,,oracle_corrective,19,1.0,1.0,1.0,1.0,1.0
880,3,,question_only,17,1.0,1.0,1.0,1.0,1.0
880,3,,wrong_answer_conditioned,18,1.0,1.0,1.0,1.0,1.0
880,3,681,shuffled_wrong_answer_control,18,1.0,1.0,1.0,1.0,1.0
880,3,,oracle_corrective,19,1.0,1.0,1.0,1.0,1.0
881,1,,question_only,7,1.0,1.0,1.0,1.0,1.0
881,1,,wrong_answer_conditioned,9,1.0,1.0,1.0,1.0,1.0
881,1,794,shuffled_wrong_answer_control,8,1.0,1.0,1.0,1.0,1.0
881,1,,oracle_corrective,11,1.0,1.0,1.0,1.0,1.0
881,2,,question_only,7,1.0,1.0,1.0,1.0,1.0
881,2,,wrong_answer_conditioned,9,1.0,1.0,1.0,1.0,1.0
881,2,283,shuffled_wrong_answer_control,8,1.0,1.0,1.0,1.0,1.0
881,2,,oracle_corrective,11,1.0,1.0,1.0,1.0,1.0
881,3,,question_only,7,1.0,1.0,1.0,1.0,1.0
881,3,,wrong_answer_conditioned,9,1.0,1.0,1.0,1.0,1.0
881,3,746,shuffled_wrong_answer_control,8,1.0,1.0,1.0,1.0,1.0
881,3,,oracle_corrective,11,1.0,1.0,1.0,1.0,1.0
882,1,,question_only,10,1.0,1.0,1.0,1.0,1.0
882,1,,wrong_answer_conditioned,11,1.0,1.0,1.0,1.0,1.0
882,1,876,shuffled_wrong_answer_control,11,1.0,1.0,1.0,1.0,1.0
882,1,,oracle_corrective,12,1.0,1.0,1.0,1.0,1.0
882,2,,question_only,10,1.0,1.0,1.0,1.0,1.0
882,2,,wrong_answer_conditioned,11,0.5,0.0,1.0,1.0,0.6309297535714575
882,2,796,shuffled_wrong_answer_control,11,1.0,1.0,1.0,1.0,1.0
882,2,,oracle_corrective,12,1.0,1.0,1.0,1.0,1.0
882,3,,question_only,10,1.0,1.0,1.0,1.0,1.0
882,3,,wrong_answer_conditioned,11,1.0,1.0,1.0,1.0,1.0
882,3,276,shuffled_wrong_answer_control,11,1.0,1.0,1.0,1.0,1.0
882,3,,oracle_corrective,12,1.0,1.0,1.0,1.0,1.0
883,1,,question_only,7,1.0,1.0,1.0,1.0,1.0
883,1,,wrong_answer_conditioned,8,1.0,1.0,1.0,1.0,1.0
883,1,762,shuffled_wrong_answer_control,8,1.0,1.0,1.0,1.0,1.0
883,1,,oracle_corrective,11,1.0,1.0,1.0,1.0,1.0
883,2,,question_only,7,1.0,1.0,1.0,1.0,1.0
883,2,,wrong_answer_conditioned,9,1.0,1.0,1.0,1.0,1.0
883,2,259,shuffled_wrong_answer_control,8,1.0,1.0,1.0,1.0,1.0
883,2,,oracle_corrective,12,1.0,1.0,1.0,1.0,1.0
883,3,,question_only,7,1.0,1.0,1.0,1.0,1.0
883,3,,wrong_answer_conditioned,9,1.0,1.0,1.0,1.0,1.0
883,3,586,shuffled_wrong_answer_control,8,1.0,1.0,1.0,1.0,1.0
883,3,,oracle_corrective,12,1.0,1.0,1.0,1.0,1.0
